ISO-10303-21;
HEADER;
FILE_NAME('Open CASCADE Shape Model','2026-07-27T19:37:43',('Author'),(
    'Open CASCADE'),'Open CASCADE STEP processor 7.8','Open CASCADE 7.8'
  ,'Unknown');
FILE_DESCRIPTION(('Open CASCADE Model'),'2;1');
FILE_SCHEMA(('AUTOMOTIVE_DESIGN { 1 0 10303 214 1 1 1 1 }'));
ENDSEC;
DATA;
#1 = APPLICATION_PROTOCOL_DEFINITION('international standard',
  'automotive_design',2000,#2);
#2 = APPLICATION_CONTEXT(
  'core data for automotive mechanical design processes');
#3 = SHAPE_DEFINITION_REPRESENTATION(#4,#10);
#4 = PRODUCT_DEFINITION_SHAPE('','',#5);
#5 = PRODUCT_DEFINITION('design','',#6,#9);
#6 = PRODUCT_DEFINITION_FORMATION('','',#7);
#7 = PRODUCT('Open CASCADE STEP translator 7.8 3',
  'Open CASCADE STEP translator 7.8 3','',(#8));
#8 = PRODUCT_CONTEXT('',#2,'mechanical');
#9 = PRODUCT_DEFINITION_CONTEXT('part definition',#2,'design');
#10 = SHAPE_REPRESENTATION('',(#11,#15,#19),#23);
#11 = AXIS2_PLACEMENT_3D('',#12,#13,#14);
#12 = CARTESIAN_POINT('',(0.,0.,0.));
#13 = DIRECTION('',(0.,0.,1.));
#14 = DIRECTION('',(1.,0.,-0.));
#15 = AXIS2_PLACEMENT_3D('',#16,#17,#18);
#16 = CARTESIAN_POINT('',(0.,0.,0.));
#17 = DIRECTION('',(0.,0.,1.));
#18 = DIRECTION('',(1.,0.,-0.));
#19 = AXIS2_PLACEMENT_3D('',#20,#21,#22);
#20 = CARTESIAN_POINT('',(0.,0.,0.));
#21 = DIRECTION('',(0.,0.,1.));
#22 = DIRECTION('',(1.,0.,-0.));
#23 = ( GEOMETRIC_REPRESENTATION_CONTEXT(3) 
GLOBAL_UNCERTAINTY_ASSIGNED_CONTEXT((#27)) GLOBAL_UNIT_ASSIGNED_CONTEXT(
(#24,#25,#26)) REPRESENTATION_CONTEXT('Context #1',
  '3D Context with UNIT and UNCERTAINTY') );
#24 = ( LENGTH_UNIT() NAMED_UNIT(*) SI_UNIT(.MILLI.,.METRE.) );
#25 = ( NAMED_UNIT(*) PLANE_ANGLE_UNIT() SI_UNIT($,.RADIAN.) );
#26 = ( NAMED_UNIT(*) SI_UNIT($,.STERADIAN.) SOLID_ANGLE_UNIT() );
#27 = UNCERTAINTY_MEASURE_WITH_UNIT(LENGTH_MEASURE(1.E-07),#24,
  'distance_accuracy_value','confusion accuracy');
#28 = PRODUCT_RELATED_PRODUCT_CATEGORY('part',$,(#7));
#29 = SHAPE_DEFINITION_REPRESENTATION(#30,#36);
#30 = PRODUCT_DEFINITION_SHAPE('','',#31);
#31 = PRODUCT_DEFINITION('design','',#32,#35);
#32 = PRODUCT_DEFINITION_FORMATION('','',#33);
#33 = PRODUCT('Open CASCADE STEP translator 7.8 3.1',
  'Open CASCADE STEP translator 7.8 3.1','',(#34));
#34 = PRODUCT_CONTEXT('',#2,'mechanical');
#35 = PRODUCT_DEFINITION_CONTEXT('part definition',#2,'design');
#36 = ADVANCED_BREP_SHAPE_REPRESENTATION('',(#11,#37),#3823);
#37 = MANIFOLD_SOLID_BREP('',#38);
#38 = CLOSED_SHELL('',(#39,#161,#237,#313,#1585,#2642,#2669,#2696,#2723,
    #2750,#2777,#2804,#2831,#2858,#2885,#2912,#2919,#2946,#2992,#3019,
    #3045,#3072,#3099,#3126,#3153,#3160,#3187,#3233,#3260,#3286,#3313,
    #3340,#3367,#3394,#3401,#3446,#3473,#3498,#3505,#3551,#3578,#3604,
    #3631,#3658,#3685,#3712,#3719,#3764,#3791,#3816));
#39 = ADVANCED_FACE('',(#40),#54,.T.);
#40 = FACE_BOUND('',#41,.F.);
#41 = EDGE_LOOP('',(#42,#77,#106,#134));
#42 = ORIENTED_EDGE('',*,*,#43,.T.);
#43 = EDGE_CURVE('',#44,#46,#48,.T.);
#44 = VERTEX_POINT('',#45);
#45 = CARTESIAN_POINT('',(15.,25.426407547177,8.));
#46 = VERTEX_POINT('',#47);
#47 = CARTESIAN_POINT('',(15.,25.426407547177,10.5));
#48 = SURFACE_CURVE('',#49,(#53,#65),.PCURVE_S1.);
#49 = LINE('',#50,#51);
#50 = CARTESIAN_POINT('',(15.,25.426407547177,8.));
#51 = VECTOR('',#52,1.);
#52 = DIRECTION('',(0.,0.,1.));
#53 = PCURVE('',#54,#59);
#54 = CYLINDRICAL_SURFACE('',#55,2.);
#55 = AXIS2_PLACEMENT_3D('',#56,#57,#58);
#56 = CARTESIAN_POINT('',(13.,25.426407547177,8.));
#57 = DIRECTION('',(-0.,0.,-1.));
#58 = DIRECTION('',(-1.,0.,0.));
#59 = DEFINITIONAL_REPRESENTATION('',(#60),#64);
#60 = LINE('',#61,#62);
#61 = CARTESIAN_POINT('',(-3.14159265359,0.));
#62 = VECTOR('',#63,1.);
#63 = DIRECTION('',(-0.,-1.));
#64 = ( GEOMETRIC_REPRESENTATION_CONTEXT(2) 
PARAMETRIC_REPRESENTATION_CONTEXT() REPRESENTATION_CONTEXT('2D SPACE',''
  ) );
#65 = PCURVE('',#66,#71);
#66 = PLANE('',#67);
#67 = AXIS2_PLACEMENT_3D('',#68,#69,#70);
#68 = CARTESIAN_POINT('',(15.,-46.92963248302,8.));
#69 = DIRECTION('',(-1.,0.,0.));
#70 = DIRECTION('',(0.,1.,0.));
#71 = DEFINITIONAL_REPRESENTATION('',(#72),#76);
#72 = LINE('',#73,#74);
#73 = CARTESIAN_POINT('',(72.356040030201,0.));
#74 = VECTOR('',#75,1.);
#75 = DIRECTION('',(0.,-1.));
#76 = ( GEOMETRIC_REPRESENTATION_CONTEXT(2) 
PARAMETRIC_REPRESENTATION_CONTEXT() REPRESENTATION_CONTEXT('2D SPACE',''
  ) );
#77 = ORIENTED_EDGE('',*,*,#78,.T.);
#78 = EDGE_CURVE('',#46,#79,#81,.T.);
#79 = VERTEX_POINT('',#80);
#80 = CARTESIAN_POINT('',(14.69599660801,26.486405427184,10.5));
#81 = SURFACE_CURVE('',#82,(#87,#94),.PCURVE_S1.);
#82 = CIRCLE('',#83,2.);
#83 = AXIS2_PLACEMENT_3D('',#84,#85,#86);
#84 = CARTESIAN_POINT('',(13.,25.426407547177,10.5));
#85 = DIRECTION('',(0.,-0.,1.));
#86 = DIRECTION('',(-1.,0.,0.));
#87 = PCURVE('',#54,#88);
#88 = DEFINITIONAL_REPRESENTATION('',(#89),#93);
#89 = LINE('',#90,#91);
#90 = CARTESIAN_POINT('',(-0.,-2.5));
#91 = VECTOR('',#92,1.);
#92 = DIRECTION('',(-1.,0.));
#93 = ( GEOMETRIC_REPRESENTATION_CONTEXT(2) 
PARAMETRIC_REPRESENTATION_CONTEXT() REPRESENTATION_CONTEXT('2D SPACE',''
  ) );
#94 = PCURVE('',#95,#100);
#95 = PLANE('',#96);
#96 = AXIS2_PLACEMENT_3D('',#97,#98,#99);
#97 = CARTESIAN_POINT('',(0.,-10.24278026415,10.5));
#98 = DIRECTION('',(0.,0.,1.));
#99 = DIRECTION('',(1.,0.,-0.));
#100 = DEFINITIONAL_REPRESENTATION('',(#101),#105);
#101 = CIRCLE('',#102,2.);
#102 = AXIS2_PLACEMENT_2D('',#103,#104);
#103 = CARTESIAN_POINT('',(13.,35.669187811331));
#104 = DIRECTION('',(-1.,0.));
#105 = ( GEOMETRIC_REPRESENTATION_CONTEXT(2) 
PARAMETRIC_REPRESENTATION_CONTEXT() REPRESENTATION_CONTEXT('2D SPACE',''
  ) );
#106 = ORIENTED_EDGE('',*,*,#107,.F.);
#107 = EDGE_CURVE('',#108,#79,#110,.T.);
#108 = VERTEX_POINT('',#109);
#109 = CARTESIAN_POINT('',(14.69599660801,26.486405427184,8.));
#110 = SURFACE_CURVE('',#111,(#115,#122),.PCURVE_S1.);
#111 = LINE('',#112,#113);
#112 = CARTESIAN_POINT('',(14.69599660801,26.486405427184,8.));
#113 = VECTOR('',#114,1.);
#114 = DIRECTION('',(0.,0.,1.));
#115 = PCURVE('',#54,#116);
#116 = DEFINITIONAL_REPRESENTATION('',(#117),#121);
#117 = LINE('',#118,#119);
#118 = CARTESIAN_POINT('',(-3.700191968933,0.));
#119 = VECTOR('',#120,1.);
#120 = DIRECTION('',(-0.,-1.));
#121 = ( GEOMETRIC_REPRESENTATION_CONTEXT(2) 
PARAMETRIC_REPRESENTATION_CONTEXT() REPRESENTATION_CONTEXT('2D SPACE',''
  ) );
#122 = PCURVE('',#123,#128);
#123 = PLANE('',#124);
#124 = AXIS2_PLACEMENT_3D('',#125,#126,#127);
#125 = CARTESIAN_POINT('',(14.69599660801,26.486405427184,8.));
#126 = DIRECTION('',(-0.847998304005,-0.529998940003,0.));
#127 = DIRECTION('',(-0.529998940003,0.847998304005,0.));
#128 = DEFINITIONAL_REPRESENTATION('',(#129),#133);
#129 = LINE('',#130,#131);
#130 = CARTESIAN_POINT('',(0.,0.));
#131 = VECTOR('',#132,1.);
#132 = DIRECTION('',(0.,-1.));
#133 = ( GEOMETRIC_REPRESENTATION_CONTEXT(2) 
PARAMETRIC_REPRESENTATION_CONTEXT() REPRESENTATION_CONTEXT('2D SPACE',''
  ) );
#134 = ORIENTED_EDGE('',*,*,#135,.F.);
#135 = EDGE_CURVE('',#44,#108,#136,.T.);
#136 = SURFACE_CURVE('',#137,(#142,#149),.PCURVE_S1.);
#137 = CIRCLE('',#138,2.);
#138 = AXIS2_PLACEMENT_3D('',#139,#140,#141);
#139 = CARTESIAN_POINT('',(13.,25.426407547177,8.));
#140 = DIRECTION('',(0.,-0.,1.));
#141 = DIRECTION('',(-1.,0.,0.));
#142 = PCURVE('',#54,#143);
#143 = DEFINITIONAL_REPRESENTATION('',(#144),#148);
#144 = LINE('',#145,#146);
#145 = CARTESIAN_POINT('',(-0.,0.));
#146 = VECTOR('',#147,1.);
#147 = DIRECTION('',(-1.,0.));
#148 = ( GEOMETRIC_REPRESENTATION_CONTEXT(2) 
PARAMETRIC_REPRESENTATION_CONTEXT() REPRESENTATION_CONTEXT('2D SPACE',''
  ) );
#149 = PCURVE('',#150,#155);
#150 = PLANE('',#151);
#151 = AXIS2_PLACEMENT_3D('',#152,#153,#154);
#152 = CARTESIAN_POINT('',(0.,-10.24278026415,8.));
#153 = DIRECTION('',(0.,0.,1.));
#154 = DIRECTION('',(1.,0.,-0.));
#155 = DEFINITIONAL_REPRESENTATION('',(#156),#160);
#156 = CIRCLE('',#157,2.);
#157 = AXIS2_PLACEMENT_2D('',#158,#159);
#158 = CARTESIAN_POINT('',(13.,35.669187811331));
#159 = DIRECTION('',(-1.,0.));
#160 = ( GEOMETRIC_REPRESENTATION_CONTEXT(2) 
PARAMETRIC_REPRESENTATION_CONTEXT() REPRESENTATION_CONTEXT('2D SPACE',''
  ) );
#161 = ADVANCED_FACE('',(#162),#66,.F.);
#162 = FACE_BOUND('',#163,.F.);
#163 = EDGE_LOOP('',(#164,#194,#215,#216));
#164 = ORIENTED_EDGE('',*,*,#165,.T.);
#165 = EDGE_CURVE('',#166,#168,#170,.T.);
#166 = VERTEX_POINT('',#167);
#167 = CARTESIAN_POINT('',(15.,-46.92963248302,8.));
#168 = VERTEX_POINT('',#169);
#169 = CARTESIAN_POINT('',(15.,-46.92963248302,10.5));
#170 = SURFACE_CURVE('',#171,(#175,#182),.PCURVE_S1.);
#171 = LINE('',#172,#173);
#172 = CARTESIAN_POINT('',(15.,-46.92963248302,8.));
#173 = VECTOR('',#174,1.);
#174 = DIRECTION('',(0.,0.,1.));
#175 = PCURVE('',#66,#176);
#176 = DEFINITIONAL_REPRESENTATION('',(#177),#181);
#177 = LINE('',#178,#179);
#178 = CARTESIAN_POINT('',(0.,0.));
#179 = VECTOR('',#180,1.);
#180 = DIRECTION('',(0.,-1.));
#181 = ( GEOMETRIC_REPRESENTATION_CONTEXT(2) 
PARAMETRIC_REPRESENTATION_CONTEXT() REPRESENTATION_CONTEXT('2D SPACE',''
  ) );
#182 = PCURVE('',#183,#188);
#183 = CYLINDRICAL_SURFACE('',#184,2.);
#184 = AXIS2_PLACEMENT_3D('',#185,#186,#187);
#185 = CARTESIAN_POINT('',(13.,-46.92963248302,8.));
#186 = DIRECTION('',(-0.,0.,-1.));
#187 = DIRECTION('',(-1.,0.,0.));
#188 = DEFINITIONAL_REPRESENTATION('',(#189),#193);
#189 = LINE('',#190,#191);
#190 = CARTESIAN_POINT('',(-3.14159265359,0.));
#191 = VECTOR('',#192,1.);
#192 = DIRECTION('',(-0.,-1.));
#193 = ( GEOMETRIC_REPRESENTATION_CONTEXT(2) 
PARAMETRIC_REPRESENTATION_CONTEXT() REPRESENTATION_CONTEXT('2D SPACE',''
  ) );
#194 = ORIENTED_EDGE('',*,*,#195,.T.);
#195 = EDGE_CURVE('',#168,#46,#196,.T.);
#196 = SURFACE_CURVE('',#197,(#201,#208),.PCURVE_S1.);
#197 = LINE('',#198,#199);
#198 = CARTESIAN_POINT('',(15.,-46.92963248302,10.5));
#199 = VECTOR('',#200,1.);
#200 = DIRECTION('',(0.,1.,0.));
#201 = PCURVE('',#66,#202);
#202 = DEFINITIONAL_REPRESENTATION('',(#203),#207);
#203 = LINE('',#204,#205);
#204 = CARTESIAN_POINT('',(0.,-2.5));
#205 = VECTOR('',#206,1.);
#206 = DIRECTION('',(1.,0.));
#207 = ( GEOMETRIC_REPRESENTATION_CONTEXT(2) 
PARAMETRIC_REPRESENTATION_CONTEXT() REPRESENTATION_CONTEXT('2D SPACE',''
  ) );
#208 = PCURVE('',#95,#209);
#209 = DEFINITIONAL_REPRESENTATION('',(#210),#214);
#210 = LINE('',#211,#212);
#211 = CARTESIAN_POINT('',(15.,-36.68685221887));
#212 = VECTOR('',#213,1.);
#213 = DIRECTION('',(0.,1.));
#214 = ( GEOMETRIC_REPRESENTATION_CONTEXT(2) 
PARAMETRIC_REPRESENTATION_CONTEXT() REPRESENTATION_CONTEXT('2D SPACE',''
  ) );
#215 = ORIENTED_EDGE('',*,*,#43,.F.);
#216 = ORIENTED_EDGE('',*,*,#217,.F.);
#217 = EDGE_CURVE('',#166,#44,#218,.T.);
#218 = SURFACE_CURVE('',#219,(#223,#230),.PCURVE_S1.);
#219 = LINE('',#220,#221);
#220 = CARTESIAN_POINT('',(15.,-46.92963248302,8.));
#221 = VECTOR('',#222,1.);
#222 = DIRECTION('',(0.,1.,0.));
#223 = PCURVE('',#66,#224);
#224 = DEFINITIONAL_REPRESENTATION('',(#225),#229);
#225 = LINE('',#226,#227);
#226 = CARTESIAN_POINT('',(0.,0.));
#227 = VECTOR('',#228,1.);
#228 = DIRECTION('',(1.,0.));
#229 = ( GEOMETRIC_REPRESENTATION_CONTEXT(2) 
PARAMETRIC_REPRESENTATION_CONTEXT() REPRESENTATION_CONTEXT('2D SPACE',''
  ) );
#230 = PCURVE('',#150,#231);
#231 = DEFINITIONAL_REPRESENTATION('',(#232),#236);
#232 = LINE('',#233,#234);
#233 = CARTESIAN_POINT('',(15.,-36.68685221887));
#234 = VECTOR('',#235,1.);
#235 = DIRECTION('',(0.,1.));
#236 = ( GEOMETRIC_REPRESENTATION_CONTEXT(2) 
PARAMETRIC_REPRESENTATION_CONTEXT() REPRESENTATION_CONTEXT('2D SPACE',''
  ) );
#237 = ADVANCED_FACE('',(#238),#123,.F.);
#238 = FACE_BOUND('',#239,.F.);
#239 = EDGE_LOOP('',(#240,#241,#264,#292));
#240 = ORIENTED_EDGE('',*,*,#107,.T.);
#241 = ORIENTED_EDGE('',*,*,#242,.T.);
#242 = EDGE_CURVE('',#79,#243,#245,.T.);
#243 = VERTEX_POINT('',#244);
#244 = CARTESIAN_POINT('',(10.587501324996,33.059997880006,10.5));
#245 = SURFACE_CURVE('',#246,(#250,#257),.PCURVE_S1.);
#246 = LINE('',#247,#248);
#247 = CARTESIAN_POINT('',(14.69599660801,26.486405427184,10.5));
#248 = VECTOR('',#249,1.);
#249 = DIRECTION('',(-0.529998940003,0.847998304005,0.));
#250 = PCURVE('',#123,#251);
#251 = DEFINITIONAL_REPRESENTATION('',(#252),#256);
#252 = LINE('',#253,#254);
#253 = CARTESIAN_POINT('',(0.,-2.5));
#254 = VECTOR('',#255,1.);
#255 = DIRECTION('',(1.,0.));
#256 = ( GEOMETRIC_REPRESENTATION_CONTEXT(2) 
PARAMETRIC_REPRESENTATION_CONTEXT() REPRESENTATION_CONTEXT('2D SPACE',''
  ) );
#257 = PCURVE('',#95,#258);
#258 = DEFINITIONAL_REPRESENTATION('',(#259),#263);
#259 = LINE('',#260,#261);
#260 = CARTESIAN_POINT('',(14.69599660801,36.729185691337));
#261 = VECTOR('',#262,1.);
#262 = DIRECTION('',(-0.529998940003,0.847998304005));
#263 = ( GEOMETRIC_REPRESENTATION_CONTEXT(2) 
PARAMETRIC_REPRESENTATION_CONTEXT() REPRESENTATION_CONTEXT('2D SPACE',''
  ) );
#264 = ORIENTED_EDGE('',*,*,#265,.F.);
#265 = EDGE_CURVE('',#266,#243,#268,.T.);
#266 = VERTEX_POINT('',#267);
#267 = CARTESIAN_POINT('',(10.587501324996,33.059997880006,8.));
#268 = SURFACE_CURVE('',#269,(#273,#280),.PCURVE_S1.);
#269 = LINE('',#270,#271);
#270 = CARTESIAN_POINT('',(10.587501324996,33.059997880006,8.));
#271 = VECTOR('',#272,1.);
#272 = DIRECTION('',(0.,0.,1.));
#273 = PCURVE('',#123,#274);
#274 = DEFINITIONAL_REPRESENTATION('',(#275),#279);
#275 = LINE('',#276,#277);
#276 = CARTESIAN_POINT('',(7.75189339622,0.));
#277 = VECTOR('',#278,1.);
#278 = DIRECTION('',(0.,-1.));
#279 = ( GEOMETRIC_REPRESENTATION_CONTEXT(2) 
PARAMETRIC_REPRESENTATION_CONTEXT() REPRESENTATION_CONTEXT('2D SPACE',''
  ) );
#280 = PCURVE('',#281,#286);
#281 = CYLINDRICAL_SURFACE('',#282,2.);
#282 = AXIS2_PLACEMENT_3D('',#283,#284,#285);
#283 = CARTESIAN_POINT('',(8.891504716986,32.,8.));
#284 = DIRECTION('',(-0.,-0.,-1.));
#285 = DIRECTION('',(-1.,0.,0.));
#286 = DEFINITIONAL_REPRESENTATION('',(#287),#291);
#287 = LINE('',#288,#289);
#288 = CARTESIAN_POINT('',(-3.700191968933,0.));
#289 = VECTOR('',#290,1.);
#290 = DIRECTION('',(-0.,-1.));
#291 = ( GEOMETRIC_REPRESENTATION_CONTEXT(2) 
PARAMETRIC_REPRESENTATION_CONTEXT() REPRESENTATION_CONTEXT('2D SPACE',''
  ) );
#292 = ORIENTED_EDGE('',*,*,#293,.F.);
#293 = EDGE_CURVE('',#108,#266,#294,.T.);
#294 = SURFACE_CURVE('',#295,(#299,#306),.PCURVE_S1.);
#295 = LINE('',#296,#297);
#296 = CARTESIAN_POINT('',(14.69599660801,26.486405427184,8.));
#297 = VECTOR('',#298,1.);
#298 = DIRECTION('',(-0.529998940003,0.847998304005,0.));
#299 = PCURVE('',#123,#300);
#300 = DEFINITIONAL_REPRESENTATION('',(#301),#305);
#301 = LINE('',#302,#303);
#302 = CARTESIAN_POINT('',(0.,0.));
#303 = VECTOR('',#304,1.);
#304 = DIRECTION('',(1.,0.));
#305 = ( GEOMETRIC_REPRESENTATION_CONTEXT(2) 
PARAMETRIC_REPRESENTATION_CONTEXT() REPRESENTATION_CONTEXT('2D SPACE',''
  ) );
#306 = PCURVE('',#150,#307);
#307 = DEFINITIONAL_REPRESENTATION('',(#308),#312);
#308 = LINE('',#309,#310);
#309 = CARTESIAN_POINT('',(14.69599660801,36.729185691337));
#310 = VECTOR('',#311,1.);
#311 = DIRECTION('',(-0.529998940003,0.847998304005));
#312 = ( GEOMETRIC_REPRESENTATION_CONTEXT(2) 
PARAMETRIC_REPRESENTATION_CONTEXT() REPRESENTATION_CONTEXT('2D SPACE',''
  ) );
#313 = ADVANCED_FACE('',(#314,#621,#652,#874,#905,#1127,#1245,#1467),
  #150,.F.);
#314 = FACE_BOUND('',#315,.F.);
#315 = EDGE_LOOP('',(#316,#317,#318,#342,#370,#399,#427,#456,#484,#513,
    #541,#570,#598,#620));
#316 = ORIENTED_EDGE('',*,*,#135,.T.);
#317 = ORIENTED_EDGE('',*,*,#293,.T.);
#318 = ORIENTED_EDGE('',*,*,#319,.T.);
#319 = EDGE_CURVE('',#266,#320,#322,.T.);
#320 = VERTEX_POINT('',#321);
#321 = CARTESIAN_POINT('',(8.891504716986,34.,8.));
#322 = SURFACE_CURVE('',#323,(#328,#335),.PCURVE_S1.);
#323 = CIRCLE('',#324,2.);
#324 = AXIS2_PLACEMENT_3D('',#325,#326,#327);
#325 = CARTESIAN_POINT('',(8.891504716986,32.,8.));
#326 = DIRECTION('',(0.,0.,1.));
#327 = DIRECTION('',(-1.,0.,0.));
#328 = PCURVE('',#150,#329);
#329 = DEFINITIONAL_REPRESENTATION('',(#330),#334);
#330 = CIRCLE('',#331,2.);
#331 = AXIS2_PLACEMENT_2D('',#332,#333);
#332 = CARTESIAN_POINT('',(8.891504716986,42.242780264153));
#333 = DIRECTION('',(-1.,0.));
#334 = ( GEOMETRIC_REPRESENTATION_CONTEXT(2) 
PARAMETRIC_REPRESENTATION_CONTEXT() REPRESENTATION_CONTEXT('2D SPACE',''
  ) );
#335 = PCURVE('',#281,#336);
#336 = DEFINITIONAL_REPRESENTATION('',(#337),#341);
#337 = LINE('',#338,#339);
#338 = CARTESIAN_POINT('',(-0.,0.));
#339 = VECTOR('',#340,1.);
#340 = DIRECTION('',(-1.,0.));
#341 = ( GEOMETRIC_REPRESENTATION_CONTEXT(2) 
PARAMETRIC_REPRESENTATION_CONTEXT() REPRESENTATION_CONTEXT('2D SPACE',''
  ) );
#342 = ORIENTED_EDGE('',*,*,#343,.T.);
#343 = EDGE_CURVE('',#320,#344,#346,.T.);
#344 = VERTEX_POINT('',#345);
#345 = CARTESIAN_POINT('',(-8.891504716986,34.,8.));
#346 = SURFACE_CURVE('',#347,(#351,#358),.PCURVE_S1.);
#347 = LINE('',#348,#349);
#348 = CARTESIAN_POINT('',(8.891504716986,34.,8.));
#349 = VECTOR('',#350,1.);
#350 = DIRECTION('',(-1.,0.,0.));
#351 = PCURVE('',#150,#352);
#352 = DEFINITIONAL_REPRESENTATION('',(#353),#357);
#353 = LINE('',#354,#355);
#354 = CARTESIAN_POINT('',(8.891504716986,44.242780264153));
#355 = VECTOR('',#356,1.);
#356 = DIRECTION('',(-1.,0.));
#357 = ( GEOMETRIC_REPRESENTATION_CONTEXT(2) 
PARAMETRIC_REPRESENTATION_CONTEXT() REPRESENTATION_CONTEXT('2D SPACE',''
  ) );
#358 = PCURVE('',#359,#364);
#359 = PLANE('',#360);
#360 = AXIS2_PLACEMENT_3D('',#361,#362,#363);
#361 = CARTESIAN_POINT('',(8.891504716986,34.,8.));
#362 = DIRECTION('',(0.,-1.,0.));
#363 = DIRECTION('',(-1.,0.,0.));
#364 = DEFINITIONAL_REPRESENTATION('',(#365),#369);
#365 = LINE('',#366,#367);
#366 = CARTESIAN_POINT('',(0.,-0.));
#367 = VECTOR('',#368,1.);
#368 = DIRECTION('',(1.,0.));
#369 = ( GEOMETRIC_REPRESENTATION_CONTEXT(2) 
PARAMETRIC_REPRESENTATION_CONTEXT() REPRESENTATION_CONTEXT('2D SPACE',''
  ) );
#370 = ORIENTED_EDGE('',*,*,#371,.T.);
#371 = EDGE_CURVE('',#344,#372,#374,.T.);
#372 = VERTEX_POINT('',#373);
#373 = CARTESIAN_POINT('',(-10.58750132499,33.059997880006,8.));
#374 = SURFACE_CURVE('',#375,(#380,#387),.PCURVE_S1.);
#375 = CIRCLE('',#376,2.);
#376 = AXIS2_PLACEMENT_3D('',#377,#378,#379);
#377 = CARTESIAN_POINT('',(-8.891504716986,32.,8.));
#378 = DIRECTION('',(0.,0.,1.));
#379 = DIRECTION('',(-1.,0.,-0.));
#380 = PCURVE('',#150,#381);
#381 = DEFINITIONAL_REPRESENTATION('',(#382),#386);
#382 = CIRCLE('',#383,2.);
#383 = AXIS2_PLACEMENT_2D('',#384,#385);
#384 = CARTESIAN_POINT('',(-8.891504716986,42.242780264153));
#385 = DIRECTION('',(-1.,0.));
#386 = ( GEOMETRIC_REPRESENTATION_CONTEXT(2) 
PARAMETRIC_REPRESENTATION_CONTEXT() REPRESENTATION_CONTEXT('2D SPACE',''
  ) );
#387 = PCURVE('',#388,#393);
#388 = CYLINDRICAL_SURFACE('',#389,2.);
#389 = AXIS2_PLACEMENT_3D('',#390,#391,#392);
#390 = CARTESIAN_POINT('',(-8.891504716986,32.,8.));
#391 = DIRECTION('',(-0.,-0.,-1.));
#392 = DIRECTION('',(-1.,0.,-0.));
#393 = DEFINITIONAL_REPRESENTATION('',(#394),#398);
#394 = LINE('',#395,#396);
#395 = CARTESIAN_POINT('',(-0.,0.));
#396 = VECTOR('',#397,1.);
#397 = DIRECTION('',(-1.,0.));
#398 = ( GEOMETRIC_REPRESENTATION_CONTEXT(2) 
PARAMETRIC_REPRESENTATION_CONTEXT() REPRESENTATION_CONTEXT('2D SPACE',''
  ) );
#399 = ORIENTED_EDGE('',*,*,#400,.T.);
#400 = EDGE_CURVE('',#372,#401,#403,.T.);
#401 = VERTEX_POINT('',#402);
#402 = CARTESIAN_POINT('',(-14.69599660801,26.486405427184,8.));
#403 = SURFACE_CURVE('',#404,(#408,#415),.PCURVE_S1.);
#404 = LINE('',#405,#406);
#405 = CARTESIAN_POINT('',(-10.58750132499,33.059997880006,8.));
#406 = VECTOR('',#407,1.);
#407 = DIRECTION('',(-0.529998940003,-0.847998304005,0.));
#408 = PCURVE('',#150,#409);
#409 = DEFINITIONAL_REPRESENTATION('',(#410),#414);
#410 = LINE('',#411,#412);
#411 = CARTESIAN_POINT('',(-10.58750132499,43.30277814416));
#412 = VECTOR('',#413,1.);
#413 = DIRECTION('',(-0.529998940003,-0.847998304005));
#414 = ( GEOMETRIC_REPRESENTATION_CONTEXT(2) 
PARAMETRIC_REPRESENTATION_CONTEXT() REPRESENTATION_CONTEXT('2D SPACE',''
  ) );
#415 = PCURVE('',#416,#421);
#416 = PLANE('',#417);
#417 = AXIS2_PLACEMENT_3D('',#418,#419,#420);
#418 = CARTESIAN_POINT('',(-10.58750132499,33.059997880006,8.));
#419 = DIRECTION('',(0.847998304005,-0.529998940003,0.));
#420 = DIRECTION('',(-0.529998940003,-0.847998304005,0.));
#421 = DEFINITIONAL_REPRESENTATION('',(#422),#426);
#422 = LINE('',#423,#424);
#423 = CARTESIAN_POINT('',(0.,0.));
#424 = VECTOR('',#425,1.);
#425 = DIRECTION('',(1.,0.));
#426 = ( GEOMETRIC_REPRESENTATION_CONTEXT(2) 
PARAMETRIC_REPRESENTATION_CONTEXT() REPRESENTATION_CONTEXT('2D SPACE',''
  ) );
#427 = ORIENTED_EDGE('',*,*,#428,.T.);
#428 = EDGE_CURVE('',#401,#429,#431,.T.);
#429 = VERTEX_POINT('',#430);
#430 = CARTESIAN_POINT('',(-15.,25.426407547177,8.));
#431 = SURFACE_CURVE('',#432,(#437,#444),.PCURVE_S1.);
#432 = CIRCLE('',#433,2.);
#433 = AXIS2_PLACEMENT_3D('',#434,#435,#436);
#434 = CARTESIAN_POINT('',(-13.,25.426407547177,8.));
#435 = DIRECTION('',(0.,0.,1.));
#436 = DIRECTION('',(-1.,0.,-0.));
#437 = PCURVE('',#150,#438);
#438 = DEFINITIONAL_REPRESENTATION('',(#439),#443);
#439 = CIRCLE('',#440,2.);
#440 = AXIS2_PLACEMENT_2D('',#441,#442);
#441 = CARTESIAN_POINT('',(-13.,35.669187811331));
#442 = DIRECTION('',(-1.,0.));
#443 = ( GEOMETRIC_REPRESENTATION_CONTEXT(2) 
PARAMETRIC_REPRESENTATION_CONTEXT() REPRESENTATION_CONTEXT('2D SPACE',''
  ) );
#444 = PCURVE('',#445,#450);
#445 = CYLINDRICAL_SURFACE('',#446,2.);
#446 = AXIS2_PLACEMENT_3D('',#447,#448,#449);
#447 = CARTESIAN_POINT('',(-13.,25.426407547177,8.));
#448 = DIRECTION('',(-0.,-0.,-1.));
#449 = DIRECTION('',(-1.,0.,-0.));
#450 = DEFINITIONAL_REPRESENTATION('',(#451),#455);
#451 = LINE('',#452,#453);
#452 = CARTESIAN_POINT('',(-0.,0.));
#453 = VECTOR('',#454,1.);
#454 = DIRECTION('',(-1.,0.));
#455 = ( GEOMETRIC_REPRESENTATION_CONTEXT(2) 
PARAMETRIC_REPRESENTATION_CONTEXT() REPRESENTATION_CONTEXT('2D SPACE',''
  ) );
#456 = ORIENTED_EDGE('',*,*,#457,.T.);
#457 = EDGE_CURVE('',#429,#458,#460,.T.);
#458 = VERTEX_POINT('',#459);
#459 = CARTESIAN_POINT('',(-15.,-46.92963248302,8.));
#460 = SURFACE_CURVE('',#461,(#465,#472),.PCURVE_S1.);
#461 = LINE('',#462,#463);
#462 = CARTESIAN_POINT('',(-15.,25.426407547177,8.));
#463 = VECTOR('',#464,1.);
#464 = DIRECTION('',(0.,-1.,0.));
#465 = PCURVE('',#150,#466);
#466 = DEFINITIONAL_REPRESENTATION('',(#467),#471);
#467 = LINE('',#468,#469);
#468 = CARTESIAN_POINT('',(-15.,35.669187811331));
#469 = VECTOR('',#470,1.);
#470 = DIRECTION('',(0.,-1.));
#471 = ( GEOMETRIC_REPRESENTATION_CONTEXT(2) 
PARAMETRIC_REPRESENTATION_CONTEXT() REPRESENTATION_CONTEXT('2D SPACE',''
  ) );
#472 = PCURVE('',#473,#478);
#473 = PLANE('',#474);
#474 = AXIS2_PLACEMENT_3D('',#475,#476,#477);
#475 = CARTESIAN_POINT('',(-15.,25.426407547177,8.));
#476 = DIRECTION('',(1.,0.,-0.));
#477 = DIRECTION('',(0.,-1.,0.));
#478 = DEFINITIONAL_REPRESENTATION('',(#479),#483);
#479 = LINE('',#480,#481);
#480 = CARTESIAN_POINT('',(0.,0.));
#481 = VECTOR('',#482,1.);
#482 = DIRECTION('',(1.,0.));
#483 = ( GEOMETRIC_REPRESENTATION_CONTEXT(2) 
PARAMETRIC_REPRESENTATION_CONTEXT() REPRESENTATION_CONTEXT('2D SPACE',''
  ) );
#484 = ORIENTED_EDGE('',*,*,#485,.T.);
#485 = EDGE_CURVE('',#458,#486,#488,.T.);
#486 = VERTEX_POINT('',#487);
#487 = CARTESIAN_POINT('',(-14.10940039245,-48.5937330717,8.));
#488 = SURFACE_CURVE('',#489,(#494,#501),.PCURVE_S1.);
#489 = CIRCLE('',#490,2.);
#490 = AXIS2_PLACEMENT_3D('',#491,#492,#493);
#491 = CARTESIAN_POINT('',(-13.,-46.92963248302,8.));
#492 = DIRECTION('',(0.,-0.,1.));
#493 = DIRECTION('',(-1.,0.,0.));
#494 = PCURVE('',#150,#495);
#495 = DEFINITIONAL_REPRESENTATION('',(#496),#500);
#496 = CIRCLE('',#497,2.);
#497 = AXIS2_PLACEMENT_2D('',#498,#499);
#498 = CARTESIAN_POINT('',(-13.,-36.68685221887));
#499 = DIRECTION('',(-1.,0.));
#500 = ( GEOMETRIC_REPRESENTATION_CONTEXT(2) 
PARAMETRIC_REPRESENTATION_CONTEXT() REPRESENTATION_CONTEXT('2D SPACE',''
  ) );
#501 = PCURVE('',#502,#507);
#502 = CYLINDRICAL_SURFACE('',#503,2.);
#503 = AXIS2_PLACEMENT_3D('',#504,#505,#506);
#504 = CARTESIAN_POINT('',(-13.,-46.92963248302,8.));
#505 = DIRECTION('',(-0.,0.,-1.));
#506 = DIRECTION('',(-1.,0.,0.));
#507 = DEFINITIONAL_REPRESENTATION('',(#508),#512);
#508 = LINE('',#509,#510);
#509 = CARTESIAN_POINT('',(-0.,0.));
#510 = VECTOR('',#511,1.);
#511 = DIRECTION('',(-1.,0.));
#512 = ( GEOMETRIC_REPRESENTATION_CONTEXT(2) 
PARAMETRIC_REPRESENTATION_CONTEXT() REPRESENTATION_CONTEXT('2D SPACE',''
  ) );
#513 = ORIENTED_EDGE('',*,*,#514,.T.);
#514 = EDGE_CURVE('',#486,#515,#517,.T.);
#515 = VERTEX_POINT('',#516);
#516 = CARTESIAN_POINT('',(-1.10940039245,-57.26039973836,8.));
#517 = SURFACE_CURVE('',#518,(#522,#529),.PCURVE_S1.);
#518 = LINE('',#519,#520);
#519 = CARTESIAN_POINT('',(-14.10940039245,-48.5937330717,8.));
#520 = VECTOR('',#521,1.);
#521 = DIRECTION('',(0.832050294338,-0.554700196225,0.));
#522 = PCURVE('',#150,#523);
#523 = DEFINITIONAL_REPRESENTATION('',(#524),#528);
#524 = LINE('',#525,#526);
#525 = CARTESIAN_POINT('',(-14.10940039245,-38.35095280754));
#526 = VECTOR('',#527,1.);
#527 = DIRECTION('',(0.832050294338,-0.554700196225));
#528 = ( GEOMETRIC_REPRESENTATION_CONTEXT(2) 
PARAMETRIC_REPRESENTATION_CONTEXT() REPRESENTATION_CONTEXT('2D SPACE',''
  ) );
#529 = PCURVE('',#530,#535);
#530 = PLANE('',#531);
#531 = AXIS2_PLACEMENT_3D('',#532,#533,#534);
#532 = CARTESIAN_POINT('',(-14.10940039245,-48.5937330717,8.));
#533 = DIRECTION('',(0.554700196225,0.832050294338,-0.));
#534 = DIRECTION('',(0.832050294338,-0.554700196225,0.));
#535 = DEFINITIONAL_REPRESENTATION('',(#536),#540);
#536 = LINE('',#537,#538);
#537 = CARTESIAN_POINT('',(0.,0.));
#538 = VECTOR('',#539,1.);
#539 = DIRECTION('',(1.,0.));
#540 = ( GEOMETRIC_REPRESENTATION_CONTEXT(2) 
PARAMETRIC_REPRESENTATION_CONTEXT() REPRESENTATION_CONTEXT('2D SPACE',''
  ) );
#541 = ORIENTED_EDGE('',*,*,#542,.T.);
#542 = EDGE_CURVE('',#515,#543,#545,.T.);
#543 = VERTEX_POINT('',#544);
#544 = CARTESIAN_POINT('',(1.10940039245,-57.26039973836,8.));
#545 = SURFACE_CURVE('',#546,(#551,#558),.PCURVE_S1.);
#546 = CIRCLE('',#547,2.);
#547 = AXIS2_PLACEMENT_3D('',#548,#549,#550);
#548 = CARTESIAN_POINT('',(0.,-55.59629914969,8.));
#549 = DIRECTION('',(0.,-0.,1.));
#550 = DIRECTION('',(-1.,0.,0.));
#551 = PCURVE('',#150,#552);
#552 = DEFINITIONAL_REPRESENTATION('',(#553),#557);
#553 = CIRCLE('',#554,2.);
#554 = AXIS2_PLACEMENT_2D('',#555,#556);
#555 = CARTESIAN_POINT('',(0.,-45.35351888553));
#556 = DIRECTION('',(-1.,0.));
#557 = ( GEOMETRIC_REPRESENTATION_CONTEXT(2) 
PARAMETRIC_REPRESENTATION_CONTEXT() REPRESENTATION_CONTEXT('2D SPACE',''
  ) );
#558 = PCURVE('',#559,#564);
#559 = CYLINDRICAL_SURFACE('',#560,2.);
#560 = AXIS2_PLACEMENT_3D('',#561,#562,#563);
#561 = CARTESIAN_POINT('',(0.,-55.59629914969,8.));
#562 = DIRECTION('',(-0.,0.,-1.));
#563 = DIRECTION('',(-1.,0.,0.));
#564 = DEFINITIONAL_REPRESENTATION('',(#565),#569);
#565 = LINE('',#566,#567);
#566 = CARTESIAN_POINT('',(-0.,0.));
#567 = VECTOR('',#568,1.);
#568 = DIRECTION('',(-1.,0.));
#569 = ( GEOMETRIC_REPRESENTATION_CONTEXT(2) 
PARAMETRIC_REPRESENTATION_CONTEXT() REPRESENTATION_CONTEXT('2D SPACE',''
  ) );
#570 = ORIENTED_EDGE('',*,*,#571,.T.);
#571 = EDGE_CURVE('',#543,#572,#574,.T.);
#572 = VERTEX_POINT('',#573);
#573 = CARTESIAN_POINT('',(14.10940039245,-48.5937330717,8.));
#574 = SURFACE_CURVE('',#575,(#579,#586),.PCURVE_S1.);
#575 = LINE('',#576,#577);
#576 = CARTESIAN_POINT('',(1.10940039245,-57.26039973836,8.));
#577 = VECTOR('',#578,1.);
#578 = DIRECTION('',(0.832050294338,0.554700196225,0.));
#579 = PCURVE('',#150,#580);
#580 = DEFINITIONAL_REPRESENTATION('',(#581),#585);
#581 = LINE('',#582,#583);
#582 = CARTESIAN_POINT('',(1.10940039245,-47.01761947421));
#583 = VECTOR('',#584,1.);
#584 = DIRECTION('',(0.832050294338,0.554700196225));
#585 = ( GEOMETRIC_REPRESENTATION_CONTEXT(2) 
PARAMETRIC_REPRESENTATION_CONTEXT() REPRESENTATION_CONTEXT('2D SPACE',''
  ) );
#586 = PCURVE('',#587,#592);
#587 = PLANE('',#588);
#588 = AXIS2_PLACEMENT_3D('',#589,#590,#591);
#589 = CARTESIAN_POINT('',(1.10940039245,-57.26039973836,8.));
#590 = DIRECTION('',(-0.554700196225,0.832050294338,0.));
#591 = DIRECTION('',(0.832050294338,0.554700196225,0.));
#592 = DEFINITIONAL_REPRESENTATION('',(#593),#597);
#593 = LINE('',#594,#595);
#594 = CARTESIAN_POINT('',(0.,0.));
#595 = VECTOR('',#596,1.);
#596 = DIRECTION('',(1.,0.));
#597 = ( GEOMETRIC_REPRESENTATION_CONTEXT(2) 
PARAMETRIC_REPRESENTATION_CONTEXT() REPRESENTATION_CONTEXT('2D SPACE',''
  ) );
#598 = ORIENTED_EDGE('',*,*,#599,.T.);
#599 = EDGE_CURVE('',#572,#166,#600,.T.);
#600 = SURFACE_CURVE('',#601,(#606,#613),.PCURVE_S1.);
#601 = CIRCLE('',#602,2.);
#602 = AXIS2_PLACEMENT_3D('',#603,#604,#605);
#603 = CARTESIAN_POINT('',(13.,-46.92963248302,8.));
#604 = DIRECTION('',(0.,-0.,1.));
#605 = DIRECTION('',(-1.,0.,0.));
#606 = PCURVE('',#150,#607);
#607 = DEFINITIONAL_REPRESENTATION('',(#608),#612);
#608 = CIRCLE('',#609,2.);
#609 = AXIS2_PLACEMENT_2D('',#610,#611);
#610 = CARTESIAN_POINT('',(13.,-36.68685221887));
#611 = DIRECTION('',(-1.,0.));
#612 = ( GEOMETRIC_REPRESENTATION_CONTEXT(2) 
PARAMETRIC_REPRESENTATION_CONTEXT() REPRESENTATION_CONTEXT('2D SPACE',''
  ) );
#613 = PCURVE('',#183,#614);
#614 = DEFINITIONAL_REPRESENTATION('',(#615),#619);
#615 = LINE('',#616,#617);
#616 = CARTESIAN_POINT('',(-0.,0.));
#617 = VECTOR('',#618,1.);
#618 = DIRECTION('',(-1.,0.));
#619 = ( GEOMETRIC_REPRESENTATION_CONTEXT(2) 
PARAMETRIC_REPRESENTATION_CONTEXT() REPRESENTATION_CONTEXT('2D SPACE',''
  ) );
#620 = ORIENTED_EDGE('',*,*,#217,.T.);
#621 = FACE_BOUND('',#622,.F.);
#622 = EDGE_LOOP('',(#623));
#623 = ORIENTED_EDGE('',*,*,#624,.F.);
#624 = EDGE_CURVE('',#625,#625,#627,.T.);
#625 = VERTEX_POINT('',#626);
#626 = CARTESIAN_POINT('',(-7.5,-34.,8.));
#627 = SURFACE_CURVE('',#628,(#633,#640),.PCURVE_S1.);
#628 = CIRCLE('',#629,1.5);
#629 = AXIS2_PLACEMENT_3D('',#630,#631,#632);
#630 = CARTESIAN_POINT('',(-9.,-34.,8.));
#631 = DIRECTION('',(0.,0.,1.));
#632 = DIRECTION('',(1.,0.,-0.));
#633 = PCURVE('',#150,#634);
#634 = DEFINITIONAL_REPRESENTATION('',(#635),#639);
#635 = CIRCLE('',#636,1.5);
#636 = AXIS2_PLACEMENT_2D('',#637,#638);
#637 = CARTESIAN_POINT('',(-9.,-23.75721973584));
#638 = DIRECTION('',(1.,0.));
#639 = ( GEOMETRIC_REPRESENTATION_CONTEXT(2) 
PARAMETRIC_REPRESENTATION_CONTEXT() REPRESENTATION_CONTEXT('2D SPACE',''
  ) );
#640 = PCURVE('',#641,#646);
#641 = CYLINDRICAL_SURFACE('',#642,1.5);
#642 = AXIS2_PLACEMENT_3D('',#643,#644,#645);
#643 = CARTESIAN_POINT('',(-9.,-34.,7.));
#644 = DIRECTION('',(0.,0.,1.));
#645 = DIRECTION('',(1.,0.,-0.));
#646 = DEFINITIONAL_REPRESENTATION('',(#647),#651);
#647 = LINE('',#648,#649);
#648 = CARTESIAN_POINT('',(0.,1.));
#649 = VECTOR('',#650,1.);
#650 = DIRECTION('',(1.,0.));
#651 = ( GEOMETRIC_REPRESENTATION_CONTEXT(2) 
PARAMETRIC_REPRESENTATION_CONTEXT() REPRESENTATION_CONTEXT('2D SPACE',''
  ) );
#652 = FACE_BOUND('',#653,.F.);
#653 = EDGE_LOOP('',(#654,#685,#711,#740,#766,#795,#821,#850));
#654 = ORIENTED_EDGE('',*,*,#655,.F.);
#655 = EDGE_CURVE('',#656,#658,#660,.T.);
#656 = VERTEX_POINT('',#657);
#657 = CARTESIAN_POINT('',(1.00000000014E-06,-51.,8.));
#658 = VERTEX_POINT('',#659);
#659 = CARTESIAN_POINT('',(4.,-47.000001,8.));
#660 = SURFACE_CURVE('',#661,(#666,#673),.PCURVE_S1.);
#661 = CIRCLE('',#662,3.999999);
#662 = AXIS2_PLACEMENT_3D('',#663,#664,#665);
#663 = CARTESIAN_POINT('',(1.00000000014E-06,-47.000001,8.));
#664 = DIRECTION('',(0.,0.,1.));
#665 = DIRECTION('',(1.,0.,-0.));
#666 = PCURVE('',#150,#667);
#667 = DEFINITIONAL_REPRESENTATION('',(#668),#672);
#668 = CIRCLE('',#669,3.999999);
#669 = AXIS2_PLACEMENT_2D('',#670,#671);
#670 = CARTESIAN_POINT('',(1.00000000014E-06,-36.75722073584));
#671 = DIRECTION('',(1.,0.));
#672 = ( GEOMETRIC_REPRESENTATION_CONTEXT(2) 
PARAMETRIC_REPRESENTATION_CONTEXT() REPRESENTATION_CONTEXT('2D SPACE',''
  ) );
#673 = PCURVE('',#674,#679);
#674 = CYLINDRICAL_SURFACE('',#675,3.999999);
#675 = AXIS2_PLACEMENT_3D('',#676,#677,#678);
#676 = CARTESIAN_POINT('',(1.00000000014E-06,-47.000001,7.));
#677 = DIRECTION('',(0.,0.,1.));
#678 = DIRECTION('',(1.,0.,-0.));
#679 = DEFINITIONAL_REPRESENTATION('',(#680),#684);
#680 = LINE('',#681,#682);
#681 = CARTESIAN_POINT('',(0.,1.));
#682 = VECTOR('',#683,1.);
#683 = DIRECTION('',(1.,0.));
#684 = ( GEOMETRIC_REPRESENTATION_CONTEXT(2) 
PARAMETRIC_REPRESENTATION_CONTEXT() REPRESENTATION_CONTEXT('2D SPACE',''
  ) );
#685 = ORIENTED_EDGE('',*,*,#686,.T.);
#686 = EDGE_CURVE('',#656,#687,#689,.T.);
#687 = VERTEX_POINT('',#688);
#688 = CARTESIAN_POINT('',(-1.00000000014E-06,-51.,8.));
#689 = SURFACE_CURVE('',#690,(#694,#700),.PCURVE_S1.);
#690 = LINE('',#691,#692);
#691 = CARTESIAN_POINT('',(-5.000000000699E-07,-51.,8.));
#692 = VECTOR('',#693,1.);
#693 = DIRECTION('',(-1.,-0.,0.));
#694 = PCURVE('',#150,#695);
#695 = DEFINITIONAL_REPRESENTATION('',(#696),#699);
#696 = B_SPLINE_CURVE_WITH_KNOTS('',1,(#697,#698),.UNSPECIFIED.,.F.,.F.,
  (2,2),(-1.50000000021E-06,5.000000000699E-07),
  .PIECEWISE_BEZIER_KNOTS.);
#697 = CARTESIAN_POINT('',(1.00000000014E-06,-40.75721973584));
#698 = CARTESIAN_POINT('',(-1.00000000014E-06,-40.75721973584));
#699 = ( GEOMETRIC_REPRESENTATION_CONTEXT(2) 
PARAMETRIC_REPRESENTATION_CONTEXT() REPRESENTATION_CONTEXT('2D SPACE',''
  ) );
#700 = PCURVE('',#701,#706);
#701 = PLANE('',#702);
#702 = AXIS2_PLACEMENT_3D('',#703,#704,#705);
#703 = CARTESIAN_POINT('',(-1.00000000014E-06,-51.,7.));
#704 = DIRECTION('',(-0.,1.,0.));
#705 = DIRECTION('',(0.,0.,1.));
#706 = DEFINITIONAL_REPRESENTATION('',(#707),#710);
#707 = B_SPLINE_CURVE_WITH_KNOTS('',1,(#708,#709),.UNSPECIFIED.,.F.,.F.,
  (2,2),(-1.50000000021E-06,5.000000000699E-07),
  .PIECEWISE_BEZIER_KNOTS.);
#708 = CARTESIAN_POINT('',(1.,2.00000000028E-06));
#709 = CARTESIAN_POINT('',(1.,0.));
#710 = ( GEOMETRIC_REPRESENTATION_CONTEXT(2) 
PARAMETRIC_REPRESENTATION_CONTEXT() REPRESENTATION_CONTEXT('2D SPACE',''
  ) );
#711 = ORIENTED_EDGE('',*,*,#712,.F.);
#712 = EDGE_CURVE('',#713,#687,#715,.T.);
#713 = VERTEX_POINT('',#714);
#714 = CARTESIAN_POINT('',(-4.,-47.000001,8.));
#715 = SURFACE_CURVE('',#716,(#721,#728),.PCURVE_S1.);
#716 = CIRCLE('',#717,3.999999);
#717 = AXIS2_PLACEMENT_3D('',#718,#719,#720);
#718 = CARTESIAN_POINT('',(-1.00000000014E-06,-47.000001,8.));
#719 = DIRECTION('',(0.,0.,1.));
#720 = DIRECTION('',(1.,0.,-0.));
#721 = PCURVE('',#150,#722);
#722 = DEFINITIONAL_REPRESENTATION('',(#723),#727);
#723 = CIRCLE('',#724,3.999999);
#724 = AXIS2_PLACEMENT_2D('',#725,#726);
#725 = CARTESIAN_POINT('',(-1.00000000014E-06,-36.75722073584));
#726 = DIRECTION('',(1.,0.));
#727 = ( GEOMETRIC_REPRESENTATION_CONTEXT(2) 
PARAMETRIC_REPRESENTATION_CONTEXT() REPRESENTATION_CONTEXT('2D SPACE',''
  ) );
#728 = PCURVE('',#729,#734);
#729 = CYLINDRICAL_SURFACE('',#730,3.999999);
#730 = AXIS2_PLACEMENT_3D('',#731,#732,#733);
#731 = CARTESIAN_POINT('',(-1.00000000014E-06,-47.000001,7.));
#732 = DIRECTION('',(0.,0.,1.));
#733 = DIRECTION('',(1.,0.,-0.));
#734 = DEFINITIONAL_REPRESENTATION('',(#735),#739);
#735 = LINE('',#736,#737);
#736 = CARTESIAN_POINT('',(0.,1.));
#737 = VECTOR('',#738,1.);
#738 = DIRECTION('',(1.,0.));
#739 = ( GEOMETRIC_REPRESENTATION_CONTEXT(2) 
PARAMETRIC_REPRESENTATION_CONTEXT() REPRESENTATION_CONTEXT('2D SPACE',''
  ) );
#740 = ORIENTED_EDGE('',*,*,#741,.T.);
#741 = EDGE_CURVE('',#713,#742,#744,.T.);
#742 = VERTEX_POINT('',#743);
#743 = CARTESIAN_POINT('',(-4.,-32.999999,8.));
#744 = SURFACE_CURVE('',#745,(#749,#755),.PCURVE_S1.);
#745 = LINE('',#746,#747);
#746 = CARTESIAN_POINT('',(-4.,-28.62139063207,8.));
#747 = VECTOR('',#748,1.);
#748 = DIRECTION('',(-0.,1.,0.));
#749 = PCURVE('',#150,#750);
#750 = DEFINITIONAL_REPRESENTATION('',(#751),#754);
#751 = B_SPLINE_CURVE_WITH_KNOTS('',1,(#752,#753),.UNSPECIFIED.,.F.,.F.,
  (2,2),(-18.37861036792,-4.378608367923),.PIECEWISE_BEZIER_KNOTS.);
#752 = CARTESIAN_POINT('',(-4.,-36.75722073584));
#753 = CARTESIAN_POINT('',(-4.,-22.75721873584));
#754 = ( GEOMETRIC_REPRESENTATION_CONTEXT(2) 
PARAMETRIC_REPRESENTATION_CONTEXT() REPRESENTATION_CONTEXT('2D SPACE',''
  ) );
#755 = PCURVE('',#756,#761);
#756 = PLANE('',#757);
#757 = AXIS2_PLACEMENT_3D('',#758,#759,#760);
#758 = CARTESIAN_POINT('',(-4.,-47.000001,7.));
#759 = DIRECTION('',(1.,0.,-0.));
#760 = DIRECTION('',(0.,0.,1.));
#761 = DEFINITIONAL_REPRESENTATION('',(#762),#765);
#762 = B_SPLINE_CURVE_WITH_KNOTS('',1,(#763,#764),.UNSPECIFIED.,.F.,.F.,
  (2,2),(-18.37861036792,-4.378608367923),.PIECEWISE_BEZIER_KNOTS.);
#763 = CARTESIAN_POINT('',(1.,0.));
#764 = CARTESIAN_POINT('',(1.,-14.000002));
#765 = ( GEOMETRIC_REPRESENTATION_CONTEXT(2) 
PARAMETRIC_REPRESENTATION_CONTEXT() REPRESENTATION_CONTEXT('2D SPACE',''
  ) );
#766 = ORIENTED_EDGE('',*,*,#767,.F.);
#767 = EDGE_CURVE('',#768,#742,#770,.T.);
#768 = VERTEX_POINT('',#769);
#769 = CARTESIAN_POINT('',(-1.00000000014E-06,-29.,8.));
#770 = SURFACE_CURVE('',#771,(#776,#783),.PCURVE_S1.);
#771 = CIRCLE('',#772,3.999999);
#772 = AXIS2_PLACEMENT_3D('',#773,#774,#775);
#773 = CARTESIAN_POINT('',(-1.00000000014E-06,-32.999999,8.));
#774 = DIRECTION('',(0.,0.,1.));
#775 = DIRECTION('',(1.,0.,-0.));
#776 = PCURVE('',#150,#777);
#777 = DEFINITIONAL_REPRESENTATION('',(#778),#782);
#778 = CIRCLE('',#779,3.999999);
#779 = AXIS2_PLACEMENT_2D('',#780,#781);
#780 = CARTESIAN_POINT('',(-1.00000000014E-06,-22.75721873584));
#781 = DIRECTION('',(1.,0.));
#782 = ( GEOMETRIC_REPRESENTATION_CONTEXT(2) 
PARAMETRIC_REPRESENTATION_CONTEXT() REPRESENTATION_CONTEXT('2D SPACE',''
  ) );
#783 = PCURVE('',#784,#789);
#784 = CYLINDRICAL_SURFACE('',#785,3.999999);
#785 = AXIS2_PLACEMENT_3D('',#786,#787,#788);
#786 = CARTESIAN_POINT('',(-1.00000000014E-06,-32.999999,7.));
#787 = DIRECTION('',(0.,0.,1.));
#788 = DIRECTION('',(1.,0.,-0.));
#789 = DEFINITIONAL_REPRESENTATION('',(#790),#794);
#790 = LINE('',#791,#792);
#791 = CARTESIAN_POINT('',(0.,1.));
#792 = VECTOR('',#793,1.);
#793 = DIRECTION('',(1.,0.));
#794 = ( GEOMETRIC_REPRESENTATION_CONTEXT(2) 
PARAMETRIC_REPRESENTATION_CONTEXT() REPRESENTATION_CONTEXT('2D SPACE',''
  ) );
#795 = ORIENTED_EDGE('',*,*,#796,.F.);
#796 = EDGE_CURVE('',#797,#768,#799,.T.);
#797 = VERTEX_POINT('',#798);
#798 = CARTESIAN_POINT('',(1.00000000014E-06,-29.,8.));
#799 = SURFACE_CURVE('',#800,(#804,#810),.PCURVE_S1.);
#800 = LINE('',#801,#802);
#801 = CARTESIAN_POINT('',(-5.000000000699E-07,-29.,8.));
#802 = VECTOR('',#803,1.);
#803 = DIRECTION('',(-1.,-0.,0.));
#804 = PCURVE('',#150,#805);
#805 = DEFINITIONAL_REPRESENTATION('',(#806),#809);
#806 = B_SPLINE_CURVE_WITH_KNOTS('',1,(#807,#808),.UNSPECIFIED.,.F.,.F.,
  (2,2),(-1.50000000021E-06,5.000000000699E-07),
  .PIECEWISE_BEZIER_KNOTS.);
#807 = CARTESIAN_POINT('',(1.00000000014E-06,-18.75721973584));
#808 = CARTESIAN_POINT('',(-1.00000000014E-06,-18.75721973584));
#809 = ( GEOMETRIC_REPRESENTATION_CONTEXT(2) 
PARAMETRIC_REPRESENTATION_CONTEXT() REPRESENTATION_CONTEXT('2D SPACE',''
  ) );
#810 = PCURVE('',#811,#816);
#811 = PLANE('',#812);
#812 = AXIS2_PLACEMENT_3D('',#813,#814,#815);
#813 = CARTESIAN_POINT('',(-1.00000000014E-06,-29.,7.));
#814 = DIRECTION('',(-0.,1.,0.));
#815 = DIRECTION('',(0.,0.,1.));
#816 = DEFINITIONAL_REPRESENTATION('',(#817),#820);
#817 = B_SPLINE_CURVE_WITH_KNOTS('',1,(#818,#819),.UNSPECIFIED.,.F.,.F.,
  (2,2),(-1.50000000021E-06,5.000000000699E-07),
  .PIECEWISE_BEZIER_KNOTS.);
#818 = CARTESIAN_POINT('',(1.,2.00000000028E-06));
#819 = CARTESIAN_POINT('',(1.,0.));
#820 = ( GEOMETRIC_REPRESENTATION_CONTEXT(2) 
PARAMETRIC_REPRESENTATION_CONTEXT() REPRESENTATION_CONTEXT('2D SPACE',''
  ) );
#821 = ORIENTED_EDGE('',*,*,#822,.F.);
#822 = EDGE_CURVE('',#823,#797,#825,.T.);
#823 = VERTEX_POINT('',#824);
#824 = CARTESIAN_POINT('',(4.,-32.999999,8.));
#825 = SURFACE_CURVE('',#826,(#831,#838),.PCURVE_S1.);
#826 = CIRCLE('',#827,3.999999);
#827 = AXIS2_PLACEMENT_3D('',#828,#829,#830);
#828 = CARTESIAN_POINT('',(1.00000000014E-06,-32.999999,8.));
#829 = DIRECTION('',(0.,0.,1.));
#830 = DIRECTION('',(1.,0.,-0.));
#831 = PCURVE('',#150,#832);
#832 = DEFINITIONAL_REPRESENTATION('',(#833),#837);
#833 = CIRCLE('',#834,3.999999);
#834 = AXIS2_PLACEMENT_2D('',#835,#836);
#835 = CARTESIAN_POINT('',(1.00000000014E-06,-22.75721873584));
#836 = DIRECTION('',(1.,0.));
#837 = ( GEOMETRIC_REPRESENTATION_CONTEXT(2) 
PARAMETRIC_REPRESENTATION_CONTEXT() REPRESENTATION_CONTEXT('2D SPACE',''
  ) );
#838 = PCURVE('',#839,#844);
#839 = CYLINDRICAL_SURFACE('',#840,3.999999);
#840 = AXIS2_PLACEMENT_3D('',#841,#842,#843);
#841 = CARTESIAN_POINT('',(1.00000000014E-06,-32.999999,7.));
#842 = DIRECTION('',(0.,0.,1.));
#843 = DIRECTION('',(1.,0.,-0.));
#844 = DEFINITIONAL_REPRESENTATION('',(#845),#849);
#845 = LINE('',#846,#847);
#846 = CARTESIAN_POINT('',(0.,1.));
#847 = VECTOR('',#848,1.);
#848 = DIRECTION('',(1.,0.));
#849 = ( GEOMETRIC_REPRESENTATION_CONTEXT(2) 
PARAMETRIC_REPRESENTATION_CONTEXT() REPRESENTATION_CONTEXT('2D SPACE',''
  ) );
#850 = ORIENTED_EDGE('',*,*,#851,.F.);
#851 = EDGE_CURVE('',#658,#823,#852,.T.);
#852 = SURFACE_CURVE('',#853,(#857,#863),.PCURVE_S1.);
#853 = LINE('',#854,#855);
#854 = CARTESIAN_POINT('',(4.,-28.62139063207,8.));
#855 = VECTOR('',#856,1.);
#856 = DIRECTION('',(-0.,1.,0.));
#857 = PCURVE('',#150,#858);
#858 = DEFINITIONAL_REPRESENTATION('',(#859),#862);
#859 = B_SPLINE_CURVE_WITH_KNOTS('',1,(#860,#861),.UNSPECIFIED.,.F.,.F.,
  (2,2),(-18.37861036792,-4.378608367923),.PIECEWISE_BEZIER_KNOTS.);
#860 = CARTESIAN_POINT('',(4.,-36.75722073584));
#861 = CARTESIAN_POINT('',(4.,-22.75721873584));
#862 = ( GEOMETRIC_REPRESENTATION_CONTEXT(2) 
PARAMETRIC_REPRESENTATION_CONTEXT() REPRESENTATION_CONTEXT('2D SPACE',''
  ) );
#863 = PCURVE('',#864,#869);
#864 = PLANE('',#865);
#865 = AXIS2_PLACEMENT_3D('',#866,#867,#868);
#866 = CARTESIAN_POINT('',(4.,-47.000001,7.));
#867 = DIRECTION('',(1.,0.,-0.));
#868 = DIRECTION('',(0.,0.,1.));
#869 = DEFINITIONAL_REPRESENTATION('',(#870),#873);
#870 = B_SPLINE_CURVE_WITH_KNOTS('',1,(#871,#872),.UNSPECIFIED.,.F.,.F.,
  (2,2),(-18.37861036792,-4.378608367923),.PIECEWISE_BEZIER_KNOTS.);
#871 = CARTESIAN_POINT('',(1.,0.));
#872 = CARTESIAN_POINT('',(1.,-14.000002));
#873 = ( GEOMETRIC_REPRESENTATION_CONTEXT(2) 
PARAMETRIC_REPRESENTATION_CONTEXT() REPRESENTATION_CONTEXT('2D SPACE',''
  ) );
#874 = FACE_BOUND('',#875,.F.);
#875 = EDGE_LOOP('',(#876));
#876 = ORIENTED_EDGE('',*,*,#877,.F.);
#877 = EDGE_CURVE('',#878,#878,#880,.T.);
#878 = VERTEX_POINT('',#879);
#879 = CARTESIAN_POINT('',(10.5,-34.,8.));
#880 = SURFACE_CURVE('',#881,(#886,#893),.PCURVE_S1.);
#881 = CIRCLE('',#882,1.5);
#882 = AXIS2_PLACEMENT_3D('',#883,#884,#885);
#883 = CARTESIAN_POINT('',(9.,-34.,8.));
#884 = DIRECTION('',(0.,0.,1.));
#885 = DIRECTION('',(1.,0.,-0.));
#886 = PCURVE('',#150,#887);
#887 = DEFINITIONAL_REPRESENTATION('',(#888),#892);
#888 = CIRCLE('',#889,1.5);
#889 = AXIS2_PLACEMENT_2D('',#890,#891);
#890 = CARTESIAN_POINT('',(9.,-23.75721973584));
#891 = DIRECTION('',(1.,0.));
#892 = ( GEOMETRIC_REPRESENTATION_CONTEXT(2) 
PARAMETRIC_REPRESENTATION_CONTEXT() REPRESENTATION_CONTEXT('2D SPACE',''
  ) );
#893 = PCURVE('',#894,#899);
#894 = CYLINDRICAL_SURFACE('',#895,1.5);
#895 = AXIS2_PLACEMENT_3D('',#896,#897,#898);
#896 = CARTESIAN_POINT('',(9.,-34.,7.));
#897 = DIRECTION('',(0.,0.,1.));
#898 = DIRECTION('',(1.,0.,-0.));
#899 = DEFINITIONAL_REPRESENTATION('',(#900),#904);
#900 = LINE('',#901,#902);
#901 = CARTESIAN_POINT('',(0.,1.));
#902 = VECTOR('',#903,1.);
#903 = DIRECTION('',(1.,0.));
#904 = ( GEOMETRIC_REPRESENTATION_CONTEXT(2) 
PARAMETRIC_REPRESENTATION_CONTEXT() REPRESENTATION_CONTEXT('2D SPACE',''
  ) );
#905 = FACE_BOUND('',#906,.F.);
#906 = EDGE_LOOP('',(#907,#938,#964,#993,#1019,#1048,#1074,#1103));
#907 = ORIENTED_EDGE('',*,*,#908,.F.);
#908 = EDGE_CURVE('',#909,#911,#913,.T.);
#909 = VERTEX_POINT('',#910);
#910 = CARTESIAN_POINT('',(1.00000000014E-06,-27.,8.));
#911 = VERTEX_POINT('',#912);
#912 = CARTESIAN_POINT('',(4.,-23.000001,8.));
#913 = SURFACE_CURVE('',#914,(#919,#926),.PCURVE_S1.);
#914 = CIRCLE('',#915,3.999999);
#915 = AXIS2_PLACEMENT_3D('',#916,#917,#918);
#916 = CARTESIAN_POINT('',(1.00000000014E-06,-23.000001,8.));
#917 = DIRECTION('',(0.,0.,1.));
#918 = DIRECTION('',(1.,0.,-0.));
#919 = PCURVE('',#150,#920);
#920 = DEFINITIONAL_REPRESENTATION('',(#921),#925);
#921 = CIRCLE('',#922,3.999999);
#922 = AXIS2_PLACEMENT_2D('',#923,#924);
#923 = CARTESIAN_POINT('',(1.00000000014E-06,-12.75722073584));
#924 = DIRECTION('',(1.,0.));
#925 = ( GEOMETRIC_REPRESENTATION_CONTEXT(2) 
PARAMETRIC_REPRESENTATION_CONTEXT() REPRESENTATION_CONTEXT('2D SPACE',''
  ) );
#926 = PCURVE('',#927,#932);
#927 = CYLINDRICAL_SURFACE('',#928,3.999999);
#928 = AXIS2_PLACEMENT_3D('',#929,#930,#931);
#929 = CARTESIAN_POINT('',(1.00000000014E-06,-23.000001,7.));
#930 = DIRECTION('',(0.,0.,1.));
#931 = DIRECTION('',(1.,0.,-0.));
#932 = DEFINITIONAL_REPRESENTATION('',(#933),#937);
#933 = LINE('',#934,#935);
#934 = CARTESIAN_POINT('',(0.,1.));
#935 = VECTOR('',#936,1.);
#936 = DIRECTION('',(1.,0.));
#937 = ( GEOMETRIC_REPRESENTATION_CONTEXT(2) 
PARAMETRIC_REPRESENTATION_CONTEXT() REPRESENTATION_CONTEXT('2D SPACE',''
  ) );
#938 = ORIENTED_EDGE('',*,*,#939,.T.);
#939 = EDGE_CURVE('',#909,#940,#942,.T.);
#940 = VERTEX_POINT('',#941);
#941 = CARTESIAN_POINT('',(-1.00000000014E-06,-27.,8.));
#942 = SURFACE_CURVE('',#943,(#947,#953),.PCURVE_S1.);
#943 = LINE('',#944,#945);
#944 = CARTESIAN_POINT('',(-5.000000000699E-07,-27.,8.));
#945 = VECTOR('',#946,1.);
#946 = DIRECTION('',(-1.,-0.,0.));
#947 = PCURVE('',#150,#948);
#948 = DEFINITIONAL_REPRESENTATION('',(#949),#952);
#949 = B_SPLINE_CURVE_WITH_KNOTS('',1,(#950,#951),.UNSPECIFIED.,.F.,.F.,
  (2,2),(-1.50000000021E-06,5.000000000699E-07),
  .PIECEWISE_BEZIER_KNOTS.);
#950 = CARTESIAN_POINT('',(1.00000000014E-06,-16.75721973584));
#951 = CARTESIAN_POINT('',(-1.00000000014E-06,-16.75721973584));
#952 = ( GEOMETRIC_REPRESENTATION_CONTEXT(2) 
PARAMETRIC_REPRESENTATION_CONTEXT() REPRESENTATION_CONTEXT('2D SPACE',''
  ) );
#953 = PCURVE('',#954,#959);
#954 = PLANE('',#955);
#955 = AXIS2_PLACEMENT_3D('',#956,#957,#958);
#956 = CARTESIAN_POINT('',(-1.00000000014E-06,-27.,7.));
#957 = DIRECTION('',(-0.,1.,0.));
#958 = DIRECTION('',(0.,0.,1.));
#959 = DEFINITIONAL_REPRESENTATION('',(#960),#963);
#960 = B_SPLINE_CURVE_WITH_KNOTS('',1,(#961,#962),.UNSPECIFIED.,.F.,.F.,
  (2,2),(-1.50000000021E-06,5.000000000699E-07),
  .PIECEWISE_BEZIER_KNOTS.);
#961 = CARTESIAN_POINT('',(1.,2.00000000028E-06));
#962 = CARTESIAN_POINT('',(1.,0.));
#963 = ( GEOMETRIC_REPRESENTATION_CONTEXT(2) 
PARAMETRIC_REPRESENTATION_CONTEXT() REPRESENTATION_CONTEXT('2D SPACE',''
  ) );
#964 = ORIENTED_EDGE('',*,*,#965,.F.);
#965 = EDGE_CURVE('',#966,#940,#968,.T.);
#966 = VERTEX_POINT('',#967);
#967 = CARTESIAN_POINT('',(-4.,-23.000001,8.));
#968 = SURFACE_CURVE('',#969,(#974,#981),.PCURVE_S1.);
#969 = CIRCLE('',#970,3.999999);
#970 = AXIS2_PLACEMENT_3D('',#971,#972,#973);
#971 = CARTESIAN_POINT('',(-1.00000000014E-06,-23.000001,8.));
#972 = DIRECTION('',(0.,0.,1.));
#973 = DIRECTION('',(1.,0.,-0.));
#974 = PCURVE('',#150,#975);
#975 = DEFINITIONAL_REPRESENTATION('',(#976),#980);
#976 = CIRCLE('',#977,3.999999);
#977 = AXIS2_PLACEMENT_2D('',#978,#979);
#978 = CARTESIAN_POINT('',(-1.00000000014E-06,-12.75722073584));
#979 = DIRECTION('',(1.,0.));
#980 = ( GEOMETRIC_REPRESENTATION_CONTEXT(2) 
PARAMETRIC_REPRESENTATION_CONTEXT() REPRESENTATION_CONTEXT('2D SPACE',''
  ) );
#981 = PCURVE('',#982,#987);
#982 = CYLINDRICAL_SURFACE('',#983,3.999999);
#983 = AXIS2_PLACEMENT_3D('',#984,#985,#986);
#984 = CARTESIAN_POINT('',(-1.00000000014E-06,-23.000001,7.));
#985 = DIRECTION('',(0.,0.,1.));
#986 = DIRECTION('',(1.,0.,-0.));
#987 = DEFINITIONAL_REPRESENTATION('',(#988),#992);
#988 = LINE('',#989,#990);
#989 = CARTESIAN_POINT('',(0.,1.));
#990 = VECTOR('',#991,1.);
#991 = DIRECTION('',(1.,0.));
#992 = ( GEOMETRIC_REPRESENTATION_CONTEXT(2) 
PARAMETRIC_REPRESENTATION_CONTEXT() REPRESENTATION_CONTEXT('2D SPACE',''
  ) );
#993 = ORIENTED_EDGE('',*,*,#994,.T.);
#994 = EDGE_CURVE('',#966,#995,#997,.T.);
#995 = VERTEX_POINT('',#996);
#996 = CARTESIAN_POINT('',(-4.,-8.999999,8.));
#997 = SURFACE_CURVE('',#998,(#1002,#1008),.PCURVE_S1.);
#998 = LINE('',#999,#1000);
#999 = CARTESIAN_POINT('',(-4.,-16.62139063207,8.));
#1000 = VECTOR('',#1001,1.);
#1001 = DIRECTION('',(-0.,1.,0.));
#1002 = PCURVE('',#150,#1003);
#1003 = DEFINITIONAL_REPRESENTATION('',(#1004),#1007);
#1004 = B_SPLINE_CURVE_WITH_KNOTS('',1,(#1005,#1006),.UNSPECIFIED.,.F.,
  .F.,(2,2),(-6.378610367923,7.621391632077),.PIECEWISE_BEZIER_KNOTS.);
#1005 = CARTESIAN_POINT('',(-4.,-12.75722073584));
#1006 = CARTESIAN_POINT('',(-4.,1.242781264153));
#1007 = ( GEOMETRIC_REPRESENTATION_CONTEXT(2) 
PARAMETRIC_REPRESENTATION_CONTEXT() REPRESENTATION_CONTEXT('2D SPACE',''
  ) );
#1008 = PCURVE('',#1009,#1014);
#1009 = PLANE('',#1010);
#1010 = AXIS2_PLACEMENT_3D('',#1011,#1012,#1013);
#1011 = CARTESIAN_POINT('',(-4.,-23.000001,7.));
#1012 = DIRECTION('',(1.,0.,-0.));
#1013 = DIRECTION('',(0.,0.,1.));
#1014 = DEFINITIONAL_REPRESENTATION('',(#1015),#1018);
#1015 = B_SPLINE_CURVE_WITH_KNOTS('',1,(#1016,#1017),.UNSPECIFIED.,.F.,
  .F.,(2,2),(-6.378610367923,7.621391632077),.PIECEWISE_BEZIER_KNOTS.);
#1016 = CARTESIAN_POINT('',(1.,0.));
#1017 = CARTESIAN_POINT('',(1.,-14.000002));
#1018 = ( GEOMETRIC_REPRESENTATION_CONTEXT(2) 
PARAMETRIC_REPRESENTATION_CONTEXT() REPRESENTATION_CONTEXT('2D SPACE',''
  ) );
#1019 = ORIENTED_EDGE('',*,*,#1020,.F.);
#1020 = EDGE_CURVE('',#1021,#995,#1023,.T.);
#1021 = VERTEX_POINT('',#1022);
#1022 = CARTESIAN_POINT('',(-1.00000000014E-06,-5.,8.));
#1023 = SURFACE_CURVE('',#1024,(#1029,#1036),.PCURVE_S1.);
#1024 = CIRCLE('',#1025,3.999999);
#1025 = AXIS2_PLACEMENT_3D('',#1026,#1027,#1028);
#1026 = CARTESIAN_POINT('',(-1.00000000014E-06,-8.999999,8.));
#1027 = DIRECTION('',(0.,0.,1.));
#1028 = DIRECTION('',(1.,0.,-0.));
#1029 = PCURVE('',#150,#1030);
#1030 = DEFINITIONAL_REPRESENTATION('',(#1031),#1035);
#1031 = CIRCLE('',#1032,3.999999);
#1032 = AXIS2_PLACEMENT_2D('',#1033,#1034);
#1033 = CARTESIAN_POINT('',(-1.00000000014E-06,1.242781264153));
#1034 = DIRECTION('',(1.,0.));
#1035 = ( GEOMETRIC_REPRESENTATION_CONTEXT(2) 
PARAMETRIC_REPRESENTATION_CONTEXT() REPRESENTATION_CONTEXT('2D SPACE',''
  ) );
#1036 = PCURVE('',#1037,#1042);
#1037 = CYLINDRICAL_SURFACE('',#1038,3.999999);
#1038 = AXIS2_PLACEMENT_3D('',#1039,#1040,#1041);
#1039 = CARTESIAN_POINT('',(-1.00000000014E-06,-8.999999,7.));
#1040 = DIRECTION('',(0.,0.,1.));
#1041 = DIRECTION('',(1.,0.,-0.));
#1042 = DEFINITIONAL_REPRESENTATION('',(#1043),#1047);
#1043 = LINE('',#1044,#1045);
#1044 = CARTESIAN_POINT('',(0.,1.));
#1045 = VECTOR('',#1046,1.);
#1046 = DIRECTION('',(1.,0.));
#1047 = ( GEOMETRIC_REPRESENTATION_CONTEXT(2) 
PARAMETRIC_REPRESENTATION_CONTEXT() REPRESENTATION_CONTEXT('2D SPACE',''
  ) );
#1048 = ORIENTED_EDGE('',*,*,#1049,.F.);
#1049 = EDGE_CURVE('',#1050,#1021,#1052,.T.);
#1050 = VERTEX_POINT('',#1051);
#1051 = CARTESIAN_POINT('',(1.00000000014E-06,-5.,8.));
#1052 = SURFACE_CURVE('',#1053,(#1057,#1063),.PCURVE_S1.);
#1053 = LINE('',#1054,#1055);
#1054 = CARTESIAN_POINT('',(-5.000000000699E-07,-5.,8.));
#1055 = VECTOR('',#1056,1.);
#1056 = DIRECTION('',(-1.,-0.,0.));
#1057 = PCURVE('',#150,#1058);
#1058 = DEFINITIONAL_REPRESENTATION('',(#1059),#1062);
#1059 = B_SPLINE_CURVE_WITH_KNOTS('',1,(#1060,#1061),.UNSPECIFIED.,.F.,
  .F.,(2,2),(-1.50000000021E-06,5.000000000699E-07),
  .PIECEWISE_BEZIER_KNOTS.);
#1060 = CARTESIAN_POINT('',(1.00000000014E-06,5.242780264153));
#1061 = CARTESIAN_POINT('',(-1.00000000014E-06,5.242780264153));
#1062 = ( GEOMETRIC_REPRESENTATION_CONTEXT(2) 
PARAMETRIC_REPRESENTATION_CONTEXT() REPRESENTATION_CONTEXT('2D SPACE',''
  ) );
#1063 = PCURVE('',#1064,#1069);
#1064 = PLANE('',#1065);
#1065 = AXIS2_PLACEMENT_3D('',#1066,#1067,#1068);
#1066 = CARTESIAN_POINT('',(-1.00000000014E-06,-5.,7.));
#1067 = DIRECTION('',(-0.,1.,0.));
#1068 = DIRECTION('',(0.,0.,1.));
#1069 = DEFINITIONAL_REPRESENTATION('',(#1070),#1073);
#1070 = B_SPLINE_CURVE_WITH_KNOTS('',1,(#1071,#1072),.UNSPECIFIED.,.F.,
  .F.,(2,2),(-1.50000000021E-06,5.000000000699E-07),
  .PIECEWISE_BEZIER_KNOTS.);
#1071 = CARTESIAN_POINT('',(1.,2.00000000028E-06));
#1072 = CARTESIAN_POINT('',(1.,0.));
#1073 = ( GEOMETRIC_REPRESENTATION_CONTEXT(2) 
PARAMETRIC_REPRESENTATION_CONTEXT() REPRESENTATION_CONTEXT('2D SPACE',''
  ) );
#1074 = ORIENTED_EDGE('',*,*,#1075,.F.);
#1075 = EDGE_CURVE('',#1076,#1050,#1078,.T.);
#1076 = VERTEX_POINT('',#1077);
#1077 = CARTESIAN_POINT('',(4.,-8.999999,8.));
#1078 = SURFACE_CURVE('',#1079,(#1084,#1091),.PCURVE_S1.);
#1079 = CIRCLE('',#1080,3.999999);
#1080 = AXIS2_PLACEMENT_3D('',#1081,#1082,#1083);
#1081 = CARTESIAN_POINT('',(1.00000000014E-06,-8.999999,8.));
#1082 = DIRECTION('',(0.,0.,1.));
#1083 = DIRECTION('',(1.,0.,-0.));
#1084 = PCURVE('',#150,#1085);
#1085 = DEFINITIONAL_REPRESENTATION('',(#1086),#1090);
#1086 = CIRCLE('',#1087,3.999999);
#1087 = AXIS2_PLACEMENT_2D('',#1088,#1089);
#1088 = CARTESIAN_POINT('',(1.00000000014E-06,1.242781264153));
#1089 = DIRECTION('',(1.,0.));
#1090 = ( GEOMETRIC_REPRESENTATION_CONTEXT(2) 
PARAMETRIC_REPRESENTATION_CONTEXT() REPRESENTATION_CONTEXT('2D SPACE',''
  ) );
#1091 = PCURVE('',#1092,#1097);
#1092 = CYLINDRICAL_SURFACE('',#1093,3.999999);
#1093 = AXIS2_PLACEMENT_3D('',#1094,#1095,#1096);
#1094 = CARTESIAN_POINT('',(1.00000000014E-06,-8.999999,7.));
#1095 = DIRECTION('',(0.,0.,1.));
#1096 = DIRECTION('',(1.,0.,-0.));
#1097 = DEFINITIONAL_REPRESENTATION('',(#1098),#1102);
#1098 = LINE('',#1099,#1100);
#1099 = CARTESIAN_POINT('',(0.,1.));
#1100 = VECTOR('',#1101,1.);
#1101 = DIRECTION('',(1.,0.));
#1102 = ( GEOMETRIC_REPRESENTATION_CONTEXT(2) 
PARAMETRIC_REPRESENTATION_CONTEXT() REPRESENTATION_CONTEXT('2D SPACE',''
  ) );
#1103 = ORIENTED_EDGE('',*,*,#1104,.F.);
#1104 = EDGE_CURVE('',#911,#1076,#1105,.T.);
#1105 = SURFACE_CURVE('',#1106,(#1110,#1116),.PCURVE_S1.);
#1106 = LINE('',#1107,#1108);
#1107 = CARTESIAN_POINT('',(4.,-16.62139063207,8.));
#1108 = VECTOR('',#1109,1.);
#1109 = DIRECTION('',(-0.,1.,0.));
#1110 = PCURVE('',#150,#1111);
#1111 = DEFINITIONAL_REPRESENTATION('',(#1112),#1115);
#1112 = B_SPLINE_CURVE_WITH_KNOTS('',1,(#1113,#1114),.UNSPECIFIED.,.F.,
  .F.,(2,2),(-6.378610367923,7.621391632077),.PIECEWISE_BEZIER_KNOTS.);
#1113 = CARTESIAN_POINT('',(4.,-12.75722073584));
#1114 = CARTESIAN_POINT('',(4.,1.242781264153));
#1115 = ( GEOMETRIC_REPRESENTATION_CONTEXT(2) 
PARAMETRIC_REPRESENTATION_CONTEXT() REPRESENTATION_CONTEXT('2D SPACE',''
  ) );
#1116 = PCURVE('',#1117,#1122);
#1117 = PLANE('',#1118);
#1118 = AXIS2_PLACEMENT_3D('',#1119,#1120,#1121);
#1119 = CARTESIAN_POINT('',(4.,-23.000001,7.));
#1120 = DIRECTION('',(1.,0.,-0.));
#1121 = DIRECTION('',(0.,0.,1.));
#1122 = DEFINITIONAL_REPRESENTATION('',(#1123),#1126);
#1123 = B_SPLINE_CURVE_WITH_KNOTS('',1,(#1124,#1125),.UNSPECIFIED.,.F.,
  .F.,(2,2),(-6.378610367923,7.621391632077),.PIECEWISE_BEZIER_KNOTS.);
#1124 = CARTESIAN_POINT('',(1.,0.));
#1125 = CARTESIAN_POINT('',(1.,-14.000002));
#1126 = ( GEOMETRIC_REPRESENTATION_CONTEXT(2) 
PARAMETRIC_REPRESENTATION_CONTEXT() REPRESENTATION_CONTEXT('2D SPACE',''
  ) );
#1127 = FACE_BOUND('',#1128,.F.);
#1128 = EDGE_LOOP('',(#1129,#1160,#1189,#1218));
#1129 = ORIENTED_EDGE('',*,*,#1130,.F.);
#1130 = EDGE_CURVE('',#1131,#1133,#1135,.T.);
#1131 = VERTEX_POINT('',#1132);
#1132 = CARTESIAN_POINT('',(-11.5,26.,8.));
#1133 = VERTEX_POINT('',#1134);
#1134 = CARTESIAN_POINT('',(-14.41421356237,25.5,8.));
#1135 = SURFACE_CURVE('',#1136,(#1141,#1148),.PCURVE_S1.);
#1136 = CIRCLE('',#1137,1.5);
#1137 = AXIS2_PLACEMENT_3D('',#1138,#1139,#1140);
#1138 = CARTESIAN_POINT('',(-13.,26.,8.));
#1139 = DIRECTION('',(0.,0.,1.));
#1140 = DIRECTION('',(1.,0.,-0.));
#1141 = PCURVE('',#150,#1142);
#1142 = DEFINITIONAL_REPRESENTATION('',(#1143),#1147);
#1143 = CIRCLE('',#1144,1.5);
#1144 = AXIS2_PLACEMENT_2D('',#1145,#1146);
#1145 = CARTESIAN_POINT('',(-13.,36.242780264153));
#1146 = DIRECTION('',(1.,0.));
#1147 = ( GEOMETRIC_REPRESENTATION_CONTEXT(2) 
PARAMETRIC_REPRESENTATION_CONTEXT() REPRESENTATION_CONTEXT('2D SPACE',''
  ) );
#1148 = PCURVE('',#1149,#1154);
#1149 = CYLINDRICAL_SURFACE('',#1150,1.5);
#1150 = AXIS2_PLACEMENT_3D('',#1151,#1152,#1153);
#1151 = CARTESIAN_POINT('',(-13.,26.,7.));
#1152 = DIRECTION('',(0.,0.,1.));
#1153 = DIRECTION('',(1.,0.,-0.));
#1154 = DEFINITIONAL_REPRESENTATION('',(#1155),#1159);
#1155 = LINE('',#1156,#1157);
#1156 = CARTESIAN_POINT('',(0.,1.));
#1157 = VECTOR('',#1158,1.);
#1158 = DIRECTION('',(1.,0.));
#1159 = ( GEOMETRIC_REPRESENTATION_CONTEXT(2) 
PARAMETRIC_REPRESENTATION_CONTEXT() REPRESENTATION_CONTEXT('2D SPACE',''
  ) );
#1160 = ORIENTED_EDGE('',*,*,#1161,.F.);
#1161 = EDGE_CURVE('',#1162,#1131,#1164,.T.);
#1162 = VERTEX_POINT('',#1163);
#1163 = CARTESIAN_POINT('',(-11.58578643762,25.5,8.));
#1164 = SURFACE_CURVE('',#1165,(#1170,#1177),.PCURVE_S1.);
#1165 = CIRCLE('',#1166,1.5);
#1166 = AXIS2_PLACEMENT_3D('',#1167,#1168,#1169);
#1167 = CARTESIAN_POINT('',(-13.,26.,8.));
#1168 = DIRECTION('',(0.,0.,1.));
#1169 = DIRECTION('',(1.,0.,-0.));
#1170 = PCURVE('',#150,#1171);
#1171 = DEFINITIONAL_REPRESENTATION('',(#1172),#1176);
#1172 = CIRCLE('',#1173,1.5);
#1173 = AXIS2_PLACEMENT_2D('',#1174,#1175);
#1174 = CARTESIAN_POINT('',(-13.,36.242780264153));
#1175 = DIRECTION('',(1.,0.));
#1176 = ( GEOMETRIC_REPRESENTATION_CONTEXT(2) 
PARAMETRIC_REPRESENTATION_CONTEXT() REPRESENTATION_CONTEXT('2D SPACE',''
  ) );
#1177 = PCURVE('',#1178,#1183);
#1178 = CYLINDRICAL_SURFACE('',#1179,1.5);
#1179 = AXIS2_PLACEMENT_3D('',#1180,#1181,#1182);
#1180 = CARTESIAN_POINT('',(-13.,26.,7.));
#1181 = DIRECTION('',(0.,0.,1.));
#1182 = DIRECTION('',(1.,0.,-0.));
#1183 = DEFINITIONAL_REPRESENTATION('',(#1184),#1188);
#1184 = LINE('',#1185,#1186);
#1185 = CARTESIAN_POINT('',(0.,1.));
#1186 = VECTOR('',#1187,1.);
#1187 = DIRECTION('',(1.,0.));
#1188 = ( GEOMETRIC_REPRESENTATION_CONTEXT(2) 
PARAMETRIC_REPRESENTATION_CONTEXT() REPRESENTATION_CONTEXT('2D SPACE',''
  ) );
#1189 = ORIENTED_EDGE('',*,*,#1190,.F.);
#1190 = EDGE_CURVE('',#1191,#1162,#1193,.T.);
#1191 = VERTEX_POINT('',#1192);
#1192 = CARTESIAN_POINT('',(-11.5,25.,8.));
#1193 = SURFACE_CURVE('',#1194,(#1199,#1206),.PCURVE_S1.);
#1194 = CIRCLE('',#1195,1.5);
#1195 = AXIS2_PLACEMENT_3D('',#1196,#1197,#1198);
#1196 = CARTESIAN_POINT('',(-13.,25.,8.));
#1197 = DIRECTION('',(0.,0.,1.));
#1198 = DIRECTION('',(1.,0.,-0.));
#1199 = PCURVE('',#150,#1200);
#1200 = DEFINITIONAL_REPRESENTATION('',(#1201),#1205);
#1201 = CIRCLE('',#1202,1.5);
#1202 = AXIS2_PLACEMENT_2D('',#1203,#1204);
#1203 = CARTESIAN_POINT('',(-13.,35.242780264153));
#1204 = DIRECTION('',(1.,0.));
#1205 = ( GEOMETRIC_REPRESENTATION_CONTEXT(2) 
PARAMETRIC_REPRESENTATION_CONTEXT() REPRESENTATION_CONTEXT('2D SPACE',''
  ) );
#1206 = PCURVE('',#1207,#1212);
#1207 = CYLINDRICAL_SURFACE('',#1208,1.5);
#1208 = AXIS2_PLACEMENT_3D('',#1209,#1210,#1211);
#1209 = CARTESIAN_POINT('',(-13.,25.,7.));
#1210 = DIRECTION('',(0.,0.,1.));
#1211 = DIRECTION('',(1.,0.,-0.));
#1212 = DEFINITIONAL_REPRESENTATION('',(#1213),#1217);
#1213 = LINE('',#1214,#1215);
#1214 = CARTESIAN_POINT('',(0.,1.));
#1215 = VECTOR('',#1216,1.);
#1216 = DIRECTION('',(1.,0.));
#1217 = ( GEOMETRIC_REPRESENTATION_CONTEXT(2) 
PARAMETRIC_REPRESENTATION_CONTEXT() REPRESENTATION_CONTEXT('2D SPACE',''
  ) );
#1218 = ORIENTED_EDGE('',*,*,#1219,.F.);
#1219 = EDGE_CURVE('',#1133,#1191,#1220,.T.);
#1220 = SURFACE_CURVE('',#1221,(#1226,#1233),.PCURVE_S1.);
#1221 = CIRCLE('',#1222,1.5);
#1222 = AXIS2_PLACEMENT_3D('',#1223,#1224,#1225);
#1223 = CARTESIAN_POINT('',(-13.,25.,8.));
#1224 = DIRECTION('',(0.,0.,1.));
#1225 = DIRECTION('',(1.,0.,-0.));
#1226 = PCURVE('',#150,#1227);
#1227 = DEFINITIONAL_REPRESENTATION('',(#1228),#1232);
#1228 = CIRCLE('',#1229,1.5);
#1229 = AXIS2_PLACEMENT_2D('',#1230,#1231);
#1230 = CARTESIAN_POINT('',(-13.,35.242780264153));
#1231 = DIRECTION('',(1.,0.));
#1232 = ( GEOMETRIC_REPRESENTATION_CONTEXT(2) 
PARAMETRIC_REPRESENTATION_CONTEXT() REPRESENTATION_CONTEXT('2D SPACE',''
  ) );
#1233 = PCURVE('',#1234,#1239);
#1234 = CYLINDRICAL_SURFACE('',#1235,1.5);
#1235 = AXIS2_PLACEMENT_3D('',#1236,#1237,#1238);
#1236 = CARTESIAN_POINT('',(-13.,25.,7.));
#1237 = DIRECTION('',(0.,0.,1.));
#1238 = DIRECTION('',(1.,0.,-0.));
#1239 = DEFINITIONAL_REPRESENTATION('',(#1240),#1244);
#1240 = LINE('',#1241,#1242);
#1241 = CARTESIAN_POINT('',(0.,1.));
#1242 = VECTOR('',#1243,1.);
#1243 = DIRECTION('',(1.,0.));
#1244 = ( GEOMETRIC_REPRESENTATION_CONTEXT(2) 
PARAMETRIC_REPRESENTATION_CONTEXT() REPRESENTATION_CONTEXT('2D SPACE',''
  ) );
#1245 = FACE_BOUND('',#1246,.F.);
#1246 = EDGE_LOOP('',(#1247,#1278,#1304,#1333,#1359,#1388,#1414,#1443));
#1247 = ORIENTED_EDGE('',*,*,#1248,.F.);
#1248 = EDGE_CURVE('',#1249,#1251,#1253,.T.);
#1249 = VERTEX_POINT('',#1250);
#1250 = CARTESIAN_POINT('',(1.00000000014E-06,5.,8.));
#1251 = VERTEX_POINT('',#1252);
#1252 = CARTESIAN_POINT('',(4.,8.999999,8.));
#1253 = SURFACE_CURVE('',#1254,(#1259,#1266),.PCURVE_S1.);
#1254 = CIRCLE('',#1255,3.999999);
#1255 = AXIS2_PLACEMENT_3D('',#1256,#1257,#1258);
#1256 = CARTESIAN_POINT('',(1.00000000014E-06,8.999999,8.));
#1257 = DIRECTION('',(0.,0.,1.));
#1258 = DIRECTION('',(1.,0.,-0.));
#1259 = PCURVE('',#150,#1260);
#1260 = DEFINITIONAL_REPRESENTATION('',(#1261),#1265);
#1261 = CIRCLE('',#1262,3.999999);
#1262 = AXIS2_PLACEMENT_2D('',#1263,#1264);
#1263 = CARTESIAN_POINT('',(1.00000000014E-06,19.242779264153));
#1264 = DIRECTION('',(1.,0.));
#1265 = ( GEOMETRIC_REPRESENTATION_CONTEXT(2) 
PARAMETRIC_REPRESENTATION_CONTEXT() REPRESENTATION_CONTEXT('2D SPACE',''
  ) );
#1266 = PCURVE('',#1267,#1272);
#1267 = CYLINDRICAL_SURFACE('',#1268,3.999999);
#1268 = AXIS2_PLACEMENT_3D('',#1269,#1270,#1271);
#1269 = CARTESIAN_POINT('',(1.00000000014E-06,8.999999,7.));
#1270 = DIRECTION('',(0.,0.,1.));
#1271 = DIRECTION('',(1.,0.,-0.));
#1272 = DEFINITIONAL_REPRESENTATION('',(#1273),#1277);
#1273 = LINE('',#1274,#1275);
#1274 = CARTESIAN_POINT('',(0.,1.));
#1275 = VECTOR('',#1276,1.);
#1276 = DIRECTION('',(1.,0.));
#1277 = ( GEOMETRIC_REPRESENTATION_CONTEXT(2) 
PARAMETRIC_REPRESENTATION_CONTEXT() REPRESENTATION_CONTEXT('2D SPACE',''
  ) );
#1278 = ORIENTED_EDGE('',*,*,#1279,.T.);
#1279 = EDGE_CURVE('',#1249,#1280,#1282,.T.);
#1280 = VERTEX_POINT('',#1281);
#1281 = CARTESIAN_POINT('',(-1.00000000014E-06,5.,8.));
#1282 = SURFACE_CURVE('',#1283,(#1287,#1293),.PCURVE_S1.);
#1283 = LINE('',#1284,#1285);
#1284 = CARTESIAN_POINT('',(-5.000000000699E-07,5.,8.));
#1285 = VECTOR('',#1286,1.);
#1286 = DIRECTION('',(-1.,-0.,0.));
#1287 = PCURVE('',#150,#1288);
#1288 = DEFINITIONAL_REPRESENTATION('',(#1289),#1292);
#1289 = B_SPLINE_CURVE_WITH_KNOTS('',1,(#1290,#1291),.UNSPECIFIED.,.F.,
  .F.,(2,2),(-1.50000000021E-06,5.000000000699E-07),
  .PIECEWISE_BEZIER_KNOTS.);
#1290 = CARTESIAN_POINT('',(1.00000000014E-06,15.242780264153));
#1291 = CARTESIAN_POINT('',(-1.00000000014E-06,15.242780264153));
#1292 = ( GEOMETRIC_REPRESENTATION_CONTEXT(2) 
PARAMETRIC_REPRESENTATION_CONTEXT() REPRESENTATION_CONTEXT('2D SPACE',''
  ) );
#1293 = PCURVE('',#1294,#1299);
#1294 = PLANE('',#1295);
#1295 = AXIS2_PLACEMENT_3D('',#1296,#1297,#1298);
#1296 = CARTESIAN_POINT('',(-1.00000000014E-06,5.,7.));
#1297 = DIRECTION('',(-0.,1.,0.));
#1298 = DIRECTION('',(0.,0.,1.));
#1299 = DEFINITIONAL_REPRESENTATION('',(#1300),#1303);
#1300 = B_SPLINE_CURVE_WITH_KNOTS('',1,(#1301,#1302),.UNSPECIFIED.,.F.,
  .F.,(2,2),(-1.50000000021E-06,5.000000000699E-07),
  .PIECEWISE_BEZIER_KNOTS.);
#1301 = CARTESIAN_POINT('',(1.,2.00000000028E-06));
#1302 = CARTESIAN_POINT('',(1.,0.));
#1303 = ( GEOMETRIC_REPRESENTATION_CONTEXT(2) 
PARAMETRIC_REPRESENTATION_CONTEXT() REPRESENTATION_CONTEXT('2D SPACE',''
  ) );
#1304 = ORIENTED_EDGE('',*,*,#1305,.F.);
#1305 = EDGE_CURVE('',#1306,#1280,#1308,.T.);
#1306 = VERTEX_POINT('',#1307);
#1307 = CARTESIAN_POINT('',(-4.,8.999999,8.));
#1308 = SURFACE_CURVE('',#1309,(#1314,#1321),.PCURVE_S1.);
#1309 = CIRCLE('',#1310,3.999999);
#1310 = AXIS2_PLACEMENT_3D('',#1311,#1312,#1313);
#1311 = CARTESIAN_POINT('',(-1.00000000014E-06,8.999999,8.));
#1312 = DIRECTION('',(0.,0.,1.));
#1313 = DIRECTION('',(1.,0.,-0.));
#1314 = PCURVE('',#150,#1315);
#1315 = DEFINITIONAL_REPRESENTATION('',(#1316),#1320);
#1316 = CIRCLE('',#1317,3.999999);
#1317 = AXIS2_PLACEMENT_2D('',#1318,#1319);
#1318 = CARTESIAN_POINT('',(-1.00000000014E-06,19.242779264153));
#1319 = DIRECTION('',(1.,0.));
#1320 = ( GEOMETRIC_REPRESENTATION_CONTEXT(2) 
PARAMETRIC_REPRESENTATION_CONTEXT() REPRESENTATION_CONTEXT('2D SPACE',''
  ) );
#1321 = PCURVE('',#1322,#1327);
#1322 = CYLINDRICAL_SURFACE('',#1323,3.999999);
#1323 = AXIS2_PLACEMENT_3D('',#1324,#1325,#1326);
#1324 = CARTESIAN_POINT('',(-1.00000000014E-06,8.999999,7.));
#1325 = DIRECTION('',(0.,0.,1.));
#1326 = DIRECTION('',(1.,0.,-0.));
#1327 = DEFINITIONAL_REPRESENTATION('',(#1328),#1332);
#1328 = LINE('',#1329,#1330);
#1329 = CARTESIAN_POINT('',(0.,1.));
#1330 = VECTOR('',#1331,1.);
#1331 = DIRECTION('',(1.,0.));
#1332 = ( GEOMETRIC_REPRESENTATION_CONTEXT(2) 
PARAMETRIC_REPRESENTATION_CONTEXT() REPRESENTATION_CONTEXT('2D SPACE',''
  ) );
#1333 = ORIENTED_EDGE('',*,*,#1334,.T.);
#1334 = EDGE_CURVE('',#1306,#1335,#1337,.T.);
#1335 = VERTEX_POINT('',#1336);
#1336 = CARTESIAN_POINT('',(-4.,23.000001,8.));
#1337 = SURFACE_CURVE('',#1338,(#1342,#1348),.PCURVE_S1.);
#1338 = LINE('',#1339,#1340);
#1339 = CARTESIAN_POINT('',(-4.,-0.621390632077,8.));
#1340 = VECTOR('',#1341,1.);
#1341 = DIRECTION('',(-0.,1.,0.));
#1342 = PCURVE('',#150,#1343);
#1343 = DEFINITIONAL_REPRESENTATION('',(#1344),#1347);
#1344 = B_SPLINE_CURVE_WITH_KNOTS('',1,(#1345,#1346),.UNSPECIFIED.,.F.,
  .F.,(2,2),(9.621389632077,23.621391632077),.PIECEWISE_BEZIER_KNOTS.);
#1345 = CARTESIAN_POINT('',(-4.,19.242779264153));
#1346 = CARTESIAN_POINT('',(-4.,33.242781264153));
#1347 = ( GEOMETRIC_REPRESENTATION_CONTEXT(2) 
PARAMETRIC_REPRESENTATION_CONTEXT() REPRESENTATION_CONTEXT('2D SPACE',''
  ) );
#1348 = PCURVE('',#1349,#1354);
#1349 = PLANE('',#1350);
#1350 = AXIS2_PLACEMENT_3D('',#1351,#1352,#1353);
#1351 = CARTESIAN_POINT('',(-4.,8.999999,7.));
#1352 = DIRECTION('',(1.,0.,-0.));
#1353 = DIRECTION('',(0.,0.,1.));
#1354 = DEFINITIONAL_REPRESENTATION('',(#1355),#1358);
#1355 = B_SPLINE_CURVE_WITH_KNOTS('',1,(#1356,#1357),.UNSPECIFIED.,.F.,
  .F.,(2,2),(9.621389632077,23.621391632077),.PIECEWISE_BEZIER_KNOTS.);
#1356 = CARTESIAN_POINT('',(1.,0.));
#1357 = CARTESIAN_POINT('',(1.,-14.000002));
#1358 = ( GEOMETRIC_REPRESENTATION_CONTEXT(2) 
PARAMETRIC_REPRESENTATION_CONTEXT() REPRESENTATION_CONTEXT('2D SPACE',''
  ) );
#1359 = ORIENTED_EDGE('',*,*,#1360,.F.);
#1360 = EDGE_CURVE('',#1361,#1335,#1363,.T.);
#1361 = VERTEX_POINT('',#1362);
#1362 = CARTESIAN_POINT('',(-1.00000000014E-06,27.,8.));
#1363 = SURFACE_CURVE('',#1364,(#1369,#1376),.PCURVE_S1.);
#1364 = CIRCLE('',#1365,3.999999);
#1365 = AXIS2_PLACEMENT_3D('',#1366,#1367,#1368);
#1366 = CARTESIAN_POINT('',(-1.00000000014E-06,23.000001,8.));
#1367 = DIRECTION('',(0.,0.,1.));
#1368 = DIRECTION('',(1.,0.,-0.));
#1369 = PCURVE('',#150,#1370);
#1370 = DEFINITIONAL_REPRESENTATION('',(#1371),#1375);
#1371 = CIRCLE('',#1372,3.999999);
#1372 = AXIS2_PLACEMENT_2D('',#1373,#1374);
#1373 = CARTESIAN_POINT('',(-1.00000000014E-06,33.242781264153));
#1374 = DIRECTION('',(1.,0.));
#1375 = ( GEOMETRIC_REPRESENTATION_CONTEXT(2) 
PARAMETRIC_REPRESENTATION_CONTEXT() REPRESENTATION_CONTEXT('2D SPACE',''
  ) );
#1376 = PCURVE('',#1377,#1382);
#1377 = CYLINDRICAL_SURFACE('',#1378,3.999999);
#1378 = AXIS2_PLACEMENT_3D('',#1379,#1380,#1381);
#1379 = CARTESIAN_POINT('',(-1.00000000014E-06,23.000001,7.));
#1380 = DIRECTION('',(0.,0.,1.));
#1381 = DIRECTION('',(1.,0.,-0.));
#1382 = DEFINITIONAL_REPRESENTATION('',(#1383),#1387);
#1383 = LINE('',#1384,#1385);
#1384 = CARTESIAN_POINT('',(0.,1.));
#1385 = VECTOR('',#1386,1.);
#1386 = DIRECTION('',(1.,0.));
#1387 = ( GEOMETRIC_REPRESENTATION_CONTEXT(2) 
PARAMETRIC_REPRESENTATION_CONTEXT() REPRESENTATION_CONTEXT('2D SPACE',''
  ) );
#1388 = ORIENTED_EDGE('',*,*,#1389,.F.);
#1389 = EDGE_CURVE('',#1390,#1361,#1392,.T.);
#1390 = VERTEX_POINT('',#1391);
#1391 = CARTESIAN_POINT('',(1.00000000014E-06,27.,8.));
#1392 = SURFACE_CURVE('',#1393,(#1397,#1403),.PCURVE_S1.);
#1393 = LINE('',#1394,#1395);
#1394 = CARTESIAN_POINT('',(-5.000000000699E-07,27.,8.));
#1395 = VECTOR('',#1396,1.);
#1396 = DIRECTION('',(-1.,-0.,0.));
#1397 = PCURVE('',#150,#1398);
#1398 = DEFINITIONAL_REPRESENTATION('',(#1399),#1402);
#1399 = B_SPLINE_CURVE_WITH_KNOTS('',1,(#1400,#1401),.UNSPECIFIED.,.F.,
  .F.,(2,2),(-1.50000000021E-06,5.000000000699E-07),
  .PIECEWISE_BEZIER_KNOTS.);
#1400 = CARTESIAN_POINT('',(1.00000000014E-06,37.242780264153));
#1401 = CARTESIAN_POINT('',(-1.00000000014E-06,37.242780264153));
#1402 = ( GEOMETRIC_REPRESENTATION_CONTEXT(2) 
PARAMETRIC_REPRESENTATION_CONTEXT() REPRESENTATION_CONTEXT('2D SPACE',''
  ) );
#1403 = PCURVE('',#1404,#1409);
#1404 = PLANE('',#1405);
#1405 = AXIS2_PLACEMENT_3D('',#1406,#1407,#1408);
#1406 = CARTESIAN_POINT('',(-1.00000000014E-06,27.,7.));
#1407 = DIRECTION('',(-0.,1.,0.));
#1408 = DIRECTION('',(0.,0.,1.));
#1409 = DEFINITIONAL_REPRESENTATION('',(#1410),#1413);
#1410 = B_SPLINE_CURVE_WITH_KNOTS('',1,(#1411,#1412),.UNSPECIFIED.,.F.,
  .F.,(2,2),(-1.50000000021E-06,5.000000000699E-07),
  .PIECEWISE_BEZIER_KNOTS.);
#1411 = CARTESIAN_POINT('',(1.,2.00000000028E-06));
#1412 = CARTESIAN_POINT('',(1.,0.));
#1413 = ( GEOMETRIC_REPRESENTATION_CONTEXT(2) 
PARAMETRIC_REPRESENTATION_CONTEXT() REPRESENTATION_CONTEXT('2D SPACE',''
  ) );
#1414 = ORIENTED_EDGE('',*,*,#1415,.F.);
#1415 = EDGE_CURVE('',#1416,#1390,#1418,.T.);
#1416 = VERTEX_POINT('',#1417);
#1417 = CARTESIAN_POINT('',(4.,23.000001,8.));
#1418 = SURFACE_CURVE('',#1419,(#1424,#1431),.PCURVE_S1.);
#1419 = CIRCLE('',#1420,3.999999);
#1420 = AXIS2_PLACEMENT_3D('',#1421,#1422,#1423);
#1421 = CARTESIAN_POINT('',(1.00000000014E-06,23.000001,8.));
#1422 = DIRECTION('',(0.,0.,1.));
#1423 = DIRECTION('',(1.,0.,-0.));
#1424 = PCURVE('',#150,#1425);
#1425 = DEFINITIONAL_REPRESENTATION('',(#1426),#1430);
#1426 = CIRCLE('',#1427,3.999999);
#1427 = AXIS2_PLACEMENT_2D('',#1428,#1429);
#1428 = CARTESIAN_POINT('',(1.00000000014E-06,33.242781264153));
#1429 = DIRECTION('',(1.,0.));
#1430 = ( GEOMETRIC_REPRESENTATION_CONTEXT(2) 
PARAMETRIC_REPRESENTATION_CONTEXT() REPRESENTATION_CONTEXT('2D SPACE',''
  ) );
#1431 = PCURVE('',#1432,#1437);
#1432 = CYLINDRICAL_SURFACE('',#1433,3.999999);
#1433 = AXIS2_PLACEMENT_3D('',#1434,#1435,#1436);
#1434 = CARTESIAN_POINT('',(1.00000000014E-06,23.000001,7.));
#1435 = DIRECTION('',(0.,0.,1.));
#1436 = DIRECTION('',(1.,0.,-0.));
#1437 = DEFINITIONAL_REPRESENTATION('',(#1438),#1442);
#1438 = LINE('',#1439,#1440);
#1439 = CARTESIAN_POINT('',(0.,1.));
#1440 = VECTOR('',#1441,1.);
#1441 = DIRECTION('',(1.,0.));
#1442 = ( GEOMETRIC_REPRESENTATION_CONTEXT(2) 
PARAMETRIC_REPRESENTATION_CONTEXT() REPRESENTATION_CONTEXT('2D SPACE',''
  ) );
#1443 = ORIENTED_EDGE('',*,*,#1444,.F.);
#1444 = EDGE_CURVE('',#1251,#1416,#1445,.T.);
#1445 = SURFACE_CURVE('',#1446,(#1450,#1456),.PCURVE_S1.);
#1446 = LINE('',#1447,#1448);
#1447 = CARTESIAN_POINT('',(4.,-0.621390632077,8.));
#1448 = VECTOR('',#1449,1.);
#1449 = DIRECTION('',(-0.,1.,0.));
#1450 = PCURVE('',#150,#1451);
#1451 = DEFINITIONAL_REPRESENTATION('',(#1452),#1455);
#1452 = B_SPLINE_CURVE_WITH_KNOTS('',1,(#1453,#1454),.UNSPECIFIED.,.F.,
  .F.,(2,2),(9.621389632077,23.621391632077),.PIECEWISE_BEZIER_KNOTS.);
#1453 = CARTESIAN_POINT('',(4.,19.242779264153));
#1454 = CARTESIAN_POINT('',(4.,33.242781264153));
#1455 = ( GEOMETRIC_REPRESENTATION_CONTEXT(2) 
PARAMETRIC_REPRESENTATION_CONTEXT() REPRESENTATION_CONTEXT('2D SPACE',''
  ) );
#1456 = PCURVE('',#1457,#1462);
#1457 = PLANE('',#1458);
#1458 = AXIS2_PLACEMENT_3D('',#1459,#1460,#1461);
#1459 = CARTESIAN_POINT('',(4.,8.999999,7.));
#1460 = DIRECTION('',(1.,0.,-0.));
#1461 = DIRECTION('',(0.,0.,1.));
#1462 = DEFINITIONAL_REPRESENTATION('',(#1463),#1466);
#1463 = B_SPLINE_CURVE_WITH_KNOTS('',1,(#1464,#1465),.UNSPECIFIED.,.F.,
  .F.,(2,2),(9.621389632077,23.621391632077),.PIECEWISE_BEZIER_KNOTS.);
#1464 = CARTESIAN_POINT('',(1.,0.));
#1465 = CARTESIAN_POINT('',(1.,-14.000002));
#1466 = ( GEOMETRIC_REPRESENTATION_CONTEXT(2) 
PARAMETRIC_REPRESENTATION_CONTEXT() REPRESENTATION_CONTEXT('2D SPACE',''
  ) );
#1467 = FACE_BOUND('',#1468,.F.);
#1468 = EDGE_LOOP('',(#1469,#1500,#1529,#1558));
#1469 = ORIENTED_EDGE('',*,*,#1470,.F.);
#1470 = EDGE_CURVE('',#1471,#1473,#1475,.T.);
#1471 = VERTEX_POINT('',#1472);
#1472 = CARTESIAN_POINT('',(14.5,26.,8.));
#1473 = VERTEX_POINT('',#1474);
#1474 = CARTESIAN_POINT('',(11.585786437627,25.5,8.));
#1475 = SURFACE_CURVE('',#1476,(#1481,#1488),.PCURVE_S1.);
#1476 = CIRCLE('',#1477,1.5);
#1477 = AXIS2_PLACEMENT_3D('',#1478,#1479,#1480);
#1478 = CARTESIAN_POINT('',(13.,26.,8.));
#1479 = DIRECTION('',(0.,0.,1.));
#1480 = DIRECTION('',(1.,0.,-0.));
#1481 = PCURVE('',#150,#1482);
#1482 = DEFINITIONAL_REPRESENTATION('',(#1483),#1487);
#1483 = CIRCLE('',#1484,1.5);
#1484 = AXIS2_PLACEMENT_2D('',#1485,#1486);
#1485 = CARTESIAN_POINT('',(13.,36.242780264153));
#1486 = DIRECTION('',(1.,0.));
#1487 = ( GEOMETRIC_REPRESENTATION_CONTEXT(2) 
PARAMETRIC_REPRESENTATION_CONTEXT() REPRESENTATION_CONTEXT('2D SPACE',''
  ) );
#1488 = PCURVE('',#1489,#1494);
#1489 = CYLINDRICAL_SURFACE('',#1490,1.5);
#1490 = AXIS2_PLACEMENT_3D('',#1491,#1492,#1493);
#1491 = CARTESIAN_POINT('',(13.,26.,7.));
#1492 = DIRECTION('',(0.,0.,1.));
#1493 = DIRECTION('',(1.,0.,-0.));
#1494 = DEFINITIONAL_REPRESENTATION('',(#1495),#1499);
#1495 = LINE('',#1496,#1497);
#1496 = CARTESIAN_POINT('',(0.,1.));
#1497 = VECTOR('',#1498,1.);
#1498 = DIRECTION('',(1.,0.));
#1499 = ( GEOMETRIC_REPRESENTATION_CONTEXT(2) 
PARAMETRIC_REPRESENTATION_CONTEXT() REPRESENTATION_CONTEXT('2D SPACE',''
  ) );
#1500 = ORIENTED_EDGE('',*,*,#1501,.F.);
#1501 = EDGE_CURVE('',#1502,#1471,#1504,.T.);
#1502 = VERTEX_POINT('',#1503);
#1503 = CARTESIAN_POINT('',(14.414213562373,25.5,8.));
#1504 = SURFACE_CURVE('',#1505,(#1510,#1517),.PCURVE_S1.);
#1505 = CIRCLE('',#1506,1.5);
#1506 = AXIS2_PLACEMENT_3D('',#1507,#1508,#1509);
#1507 = CARTESIAN_POINT('',(13.,26.,8.));
#1508 = DIRECTION('',(0.,0.,1.));
#1509 = DIRECTION('',(1.,0.,-0.));
#1510 = PCURVE('',#150,#1511);
#1511 = DEFINITIONAL_REPRESENTATION('',(#1512),#1516);
#1512 = CIRCLE('',#1513,1.5);
#1513 = AXIS2_PLACEMENT_2D('',#1514,#1515);
#1514 = CARTESIAN_POINT('',(13.,36.242780264153));
#1515 = DIRECTION('',(1.,0.));
#1516 = ( GEOMETRIC_REPRESENTATION_CONTEXT(2) 
PARAMETRIC_REPRESENTATION_CONTEXT() REPRESENTATION_CONTEXT('2D SPACE',''
  ) );
#1517 = PCURVE('',#1518,#1523);
#1518 = CYLINDRICAL_SURFACE('',#1519,1.5);
#1519 = AXIS2_PLACEMENT_3D('',#1520,#1521,#1522);
#1520 = CARTESIAN_POINT('',(13.,26.,7.));
#1521 = DIRECTION('',(0.,0.,1.));
#1522 = DIRECTION('',(1.,0.,-0.));
#1523 = DEFINITIONAL_REPRESENTATION('',(#1524),#1528);
#1524 = LINE('',#1525,#1526);
#1525 = CARTESIAN_POINT('',(0.,1.));
#1526 = VECTOR('',#1527,1.);
#1527 = DIRECTION('',(1.,0.));
#1528 = ( GEOMETRIC_REPRESENTATION_CONTEXT(2) 
PARAMETRIC_REPRESENTATION_CONTEXT() REPRESENTATION_CONTEXT('2D SPACE',''
  ) );
#1529 = ORIENTED_EDGE('',*,*,#1530,.F.);
#1530 = EDGE_CURVE('',#1531,#1502,#1533,.T.);
#1531 = VERTEX_POINT('',#1532);
#1532 = CARTESIAN_POINT('',(14.5,25.,8.));
#1533 = SURFACE_CURVE('',#1534,(#1539,#1546),.PCURVE_S1.);
#1534 = CIRCLE('',#1535,1.5);
#1535 = AXIS2_PLACEMENT_3D('',#1536,#1537,#1538);
#1536 = CARTESIAN_POINT('',(13.,25.,8.));
#1537 = DIRECTION('',(0.,0.,1.));
#1538 = DIRECTION('',(1.,0.,-0.));
#1539 = PCURVE('',#150,#1540);
#1540 = DEFINITIONAL_REPRESENTATION('',(#1541),#1545);
#1541 = CIRCLE('',#1542,1.5);
#1542 = AXIS2_PLACEMENT_2D('',#1543,#1544);
#1543 = CARTESIAN_POINT('',(13.,35.242780264153));
#1544 = DIRECTION('',(1.,0.));
#1545 = ( GEOMETRIC_REPRESENTATION_CONTEXT(2) 
PARAMETRIC_REPRESENTATION_CONTEXT() REPRESENTATION_CONTEXT('2D SPACE',''
  ) );
#1546 = PCURVE('',#1547,#1552);
#1547 = CYLINDRICAL_SURFACE('',#1548,1.5);
#1548 = AXIS2_PLACEMENT_3D('',#1549,#1550,#1551);
#1549 = CARTESIAN_POINT('',(13.,25.,7.));
#1550 = DIRECTION('',(0.,0.,1.));
#1551 = DIRECTION('',(1.,0.,-0.));
#1552 = DEFINITIONAL_REPRESENTATION('',(#1553),#1557);
#1553 = LINE('',#1554,#1555);
#1554 = CARTESIAN_POINT('',(0.,1.));
#1555 = VECTOR('',#1556,1.);
#1556 = DIRECTION('',(1.,0.));
#1557 = ( GEOMETRIC_REPRESENTATION_CONTEXT(2) 
PARAMETRIC_REPRESENTATION_CONTEXT() REPRESENTATION_CONTEXT('2D SPACE',''
  ) );
#1558 = ORIENTED_EDGE('',*,*,#1559,.F.);
#1559 = EDGE_CURVE('',#1473,#1531,#1560,.T.);
#1560 = SURFACE_CURVE('',#1561,(#1566,#1573),.PCURVE_S1.);
#1561 = CIRCLE('',#1562,1.5);
#1562 = AXIS2_PLACEMENT_3D('',#1563,#1564,#1565);
#1563 = CARTESIAN_POINT('',(13.,25.,8.));
#1564 = DIRECTION('',(0.,0.,1.));
#1565 = DIRECTION('',(1.,0.,-0.));
#1566 = PCURVE('',#150,#1567);
#1567 = DEFINITIONAL_REPRESENTATION('',(#1568),#1572);
#1568 = CIRCLE('',#1569,1.5);
#1569 = AXIS2_PLACEMENT_2D('',#1570,#1571);
#1570 = CARTESIAN_POINT('',(13.,35.242780264153));
#1571 = DIRECTION('',(1.,0.));
#1572 = ( GEOMETRIC_REPRESENTATION_CONTEXT(2) 
PARAMETRIC_REPRESENTATION_CONTEXT() REPRESENTATION_CONTEXT('2D SPACE',''
  ) );
#1573 = PCURVE('',#1574,#1579);
#1574 = CYLINDRICAL_SURFACE('',#1575,1.5);
#1575 = AXIS2_PLACEMENT_3D('',#1576,#1577,#1578);
#1576 = CARTESIAN_POINT('',(13.,25.,7.));
#1577 = DIRECTION('',(0.,0.,1.));
#1578 = DIRECTION('',(1.,0.,-0.));
#1579 = DEFINITIONAL_REPRESENTATION('',(#1580),#1584);
#1580 = LINE('',#1581,#1582);
#1581 = CARTESIAN_POINT('',(0.,1.));
#1582 = VECTOR('',#1583,1.);
#1583 = DIRECTION('',(1.,0.));
#1584 = ( GEOMETRIC_REPRESENTATION_CONTEXT(2) 
PARAMETRIC_REPRESENTATION_CONTEXT() REPRESENTATION_CONTEXT('2D SPACE',''
  ) );
#1585 = ADVANCED_FACE('',(#1586,#1848,#1874,#2056,#2082,#2264,#2362,
    #2544),#95,.T.);
#1586 = FACE_BOUND('',#1587,.T.);
#1587 = EDGE_LOOP('',(#1588,#1589,#1590,#1614,#1637,#1661,#1684,#1708,
    #1731,#1755,#1778,#1802,#1825,#1847));
#1588 = ORIENTED_EDGE('',*,*,#78,.T.);
#1589 = ORIENTED_EDGE('',*,*,#242,.T.);
#1590 = ORIENTED_EDGE('',*,*,#1591,.T.);
#1591 = EDGE_CURVE('',#243,#1592,#1594,.T.);
#1592 = VERTEX_POINT('',#1593);
#1593 = CARTESIAN_POINT('',(8.891504716986,34.,10.5));
#1594 = SURFACE_CURVE('',#1595,(#1600,#1607),.PCURVE_S1.);
#1595 = CIRCLE('',#1596,2.);
#1596 = AXIS2_PLACEMENT_3D('',#1597,#1598,#1599);
#1597 = CARTESIAN_POINT('',(8.891504716986,32.,10.5));
#1598 = DIRECTION('',(0.,0.,1.));
#1599 = DIRECTION('',(-1.,0.,0.));
#1600 = PCURVE('',#95,#1601);
#1601 = DEFINITIONAL_REPRESENTATION('',(#1602),#1606);
#1602 = CIRCLE('',#1603,2.);
#1603 = AXIS2_PLACEMENT_2D('',#1604,#1605);
#1604 = CARTESIAN_POINT('',(8.891504716986,42.242780264153));
#1605 = DIRECTION('',(-1.,0.));
#1606 = ( GEOMETRIC_REPRESENTATION_CONTEXT(2) 
PARAMETRIC_REPRESENTATION_CONTEXT() REPRESENTATION_CONTEXT('2D SPACE',''
  ) );
#1607 = PCURVE('',#281,#1608);
#1608 = DEFINITIONAL_REPRESENTATION('',(#1609),#1613);
#1609 = LINE('',#1610,#1611);
#1610 = CARTESIAN_POINT('',(-0.,-2.5));
#1611 = VECTOR('',#1612,1.);
#1612 = DIRECTION('',(-1.,0.));
#1613 = ( GEOMETRIC_REPRESENTATION_CONTEXT(2) 
PARAMETRIC_REPRESENTATION_CONTEXT() REPRESENTATION_CONTEXT('2D SPACE',''
  ) );
#1614 = ORIENTED_EDGE('',*,*,#1615,.T.);
#1615 = EDGE_CURVE('',#1592,#1616,#1618,.T.);
#1616 = VERTEX_POINT('',#1617);
#1617 = CARTESIAN_POINT('',(-8.891504716986,34.,10.5));
#1618 = SURFACE_CURVE('',#1619,(#1623,#1630),.PCURVE_S1.);
#1619 = LINE('',#1620,#1621);
#1620 = CARTESIAN_POINT('',(8.891504716986,34.,10.5));
#1621 = VECTOR('',#1622,1.);
#1622 = DIRECTION('',(-1.,0.,0.));
#1623 = PCURVE('',#95,#1624);
#1624 = DEFINITIONAL_REPRESENTATION('',(#1625),#1629);
#1625 = LINE('',#1626,#1627);
#1626 = CARTESIAN_POINT('',(8.891504716986,44.242780264153));
#1627 = VECTOR('',#1628,1.);
#1628 = DIRECTION('',(-1.,0.));
#1629 = ( GEOMETRIC_REPRESENTATION_CONTEXT(2) 
PARAMETRIC_REPRESENTATION_CONTEXT() REPRESENTATION_CONTEXT('2D SPACE',''
  ) );
#1630 = PCURVE('',#359,#1631);
#1631 = DEFINITIONAL_REPRESENTATION('',(#1632),#1636);
#1632 = LINE('',#1633,#1634);
#1633 = CARTESIAN_POINT('',(0.,-2.5));
#1634 = VECTOR('',#1635,1.);
#1635 = DIRECTION('',(1.,0.));
#1636 = ( GEOMETRIC_REPRESENTATION_CONTEXT(2) 
PARAMETRIC_REPRESENTATION_CONTEXT() REPRESENTATION_CONTEXT('2D SPACE',''
  ) );
#1637 = ORIENTED_EDGE('',*,*,#1638,.T.);
#1638 = EDGE_CURVE('',#1616,#1639,#1641,.T.);
#1639 = VERTEX_POINT('',#1640);
#1640 = CARTESIAN_POINT('',(-10.58750132499,33.059997880006,10.5));
#1641 = SURFACE_CURVE('',#1642,(#1647,#1654),.PCURVE_S1.);
#1642 = CIRCLE('',#1643,2.);
#1643 = AXIS2_PLACEMENT_3D('',#1644,#1645,#1646);
#1644 = CARTESIAN_POINT('',(-8.891504716986,32.,10.5));
#1645 = DIRECTION('',(0.,0.,1.));
#1646 = DIRECTION('',(-1.,0.,-0.));
#1647 = PCURVE('',#95,#1648);
#1648 = DEFINITIONAL_REPRESENTATION('',(#1649),#1653);
#1649 = CIRCLE('',#1650,2.);
#1650 = AXIS2_PLACEMENT_2D('',#1651,#1652);
#1651 = CARTESIAN_POINT('',(-8.891504716986,42.242780264153));
#1652 = DIRECTION('',(-1.,0.));
#1653 = ( GEOMETRIC_REPRESENTATION_CONTEXT(2) 
PARAMETRIC_REPRESENTATION_CONTEXT() REPRESENTATION_CONTEXT('2D SPACE',''
  ) );
#1654 = PCURVE('',#388,#1655);
#1655 = DEFINITIONAL_REPRESENTATION('',(#1656),#1660);
#1656 = LINE('',#1657,#1658);
#1657 = CARTESIAN_POINT('',(-0.,-2.5));
#1658 = VECTOR('',#1659,1.);
#1659 = DIRECTION('',(-1.,0.));
#1660 = ( GEOMETRIC_REPRESENTATION_CONTEXT(2) 
PARAMETRIC_REPRESENTATION_CONTEXT() REPRESENTATION_CONTEXT('2D SPACE',''
  ) );
#1661 = ORIENTED_EDGE('',*,*,#1662,.T.);
#1662 = EDGE_CURVE('',#1639,#1663,#1665,.T.);
#1663 = VERTEX_POINT('',#1664);
#1664 = CARTESIAN_POINT('',(-14.69599660801,26.486405427184,10.5));
#1665 = SURFACE_CURVE('',#1666,(#1670,#1677),.PCURVE_S1.);
#1666 = LINE('',#1667,#1668);
#1667 = CARTESIAN_POINT('',(-10.58750132499,33.059997880006,10.5));
#1668 = VECTOR('',#1669,1.);
#1669 = DIRECTION('',(-0.529998940003,-0.847998304005,0.));
#1670 = PCURVE('',#95,#1671);
#1671 = DEFINITIONAL_REPRESENTATION('',(#1672),#1676);
#1672 = LINE('',#1673,#1674);
#1673 = CARTESIAN_POINT('',(-10.58750132499,43.30277814416));
#1674 = VECTOR('',#1675,1.);
#1675 = DIRECTION('',(-0.529998940003,-0.847998304005));
#1676 = ( GEOMETRIC_REPRESENTATION_CONTEXT(2) 
PARAMETRIC_REPRESENTATION_CONTEXT() REPRESENTATION_CONTEXT('2D SPACE',''
  ) );
#1677 = PCURVE('',#416,#1678);
#1678 = DEFINITIONAL_REPRESENTATION('',(#1679),#1683);
#1679 = LINE('',#1680,#1681);
#1680 = CARTESIAN_POINT('',(0.,-2.5));
#1681 = VECTOR('',#1682,1.);
#1682 = DIRECTION('',(1.,0.));
#1683 = ( GEOMETRIC_REPRESENTATION_CONTEXT(2) 
PARAMETRIC_REPRESENTATION_CONTEXT() REPRESENTATION_CONTEXT('2D SPACE',''
  ) );
#1684 = ORIENTED_EDGE('',*,*,#1685,.T.);
#1685 = EDGE_CURVE('',#1663,#1686,#1688,.T.);
#1686 = VERTEX_POINT('',#1687);
#1687 = CARTESIAN_POINT('',(-15.,25.426407547177,10.5));
#1688 = SURFACE_CURVE('',#1689,(#1694,#1701),.PCURVE_S1.);
#1689 = CIRCLE('',#1690,2.);
#1690 = AXIS2_PLACEMENT_3D('',#1691,#1692,#1693);
#1691 = CARTESIAN_POINT('',(-13.,25.426407547177,10.5));
#1692 = DIRECTION('',(0.,0.,1.));
#1693 = DIRECTION('',(-1.,0.,-0.));
#1694 = PCURVE('',#95,#1695);
#1695 = DEFINITIONAL_REPRESENTATION('',(#1696),#1700);
#1696 = CIRCLE('',#1697,2.);
#1697 = AXIS2_PLACEMENT_2D('',#1698,#1699);
#1698 = CARTESIAN_POINT('',(-13.,35.669187811331));
#1699 = DIRECTION('',(-1.,0.));
#1700 = ( GEOMETRIC_REPRESENTATION_CONTEXT(2) 
PARAMETRIC_REPRESENTATION_CONTEXT() REPRESENTATION_CONTEXT('2D SPACE',''
  ) );
#1701 = PCURVE('',#445,#1702);
#1702 = DEFINITIONAL_REPRESENTATION('',(#1703),#1707);
#1703 = LINE('',#1704,#1705);
#1704 = CARTESIAN_POINT('',(-0.,-2.5));
#1705 = VECTOR('',#1706,1.);
#1706 = DIRECTION('',(-1.,0.));
#1707 = ( GEOMETRIC_REPRESENTATION_CONTEXT(2) 
PARAMETRIC_REPRESENTATION_CONTEXT() REPRESENTATION_CONTEXT('2D SPACE',''
  ) );
#1708 = ORIENTED_EDGE('',*,*,#1709,.T.);
#1709 = EDGE_CURVE('',#1686,#1710,#1712,.T.);
#1710 = VERTEX_POINT('',#1711);
#1711 = CARTESIAN_POINT('',(-15.,-46.92963248302,10.5));
#1712 = SURFACE_CURVE('',#1713,(#1717,#1724),.PCURVE_S1.);
#1713 = LINE('',#1714,#1715);
#1714 = CARTESIAN_POINT('',(-15.,25.426407547177,10.5));
#1715 = VECTOR('',#1716,1.);
#1716 = DIRECTION('',(0.,-1.,0.));
#1717 = PCURVE('',#95,#1718);
#1718 = DEFINITIONAL_REPRESENTATION('',(#1719),#1723);
#1719 = LINE('',#1720,#1721);
#1720 = CARTESIAN_POINT('',(-15.,35.669187811331));
#1721 = VECTOR('',#1722,1.);
#1722 = DIRECTION('',(0.,-1.));
#1723 = ( GEOMETRIC_REPRESENTATION_CONTEXT(2) 
PARAMETRIC_REPRESENTATION_CONTEXT() REPRESENTATION_CONTEXT('2D SPACE',''
  ) );
#1724 = PCURVE('',#473,#1725);
#1725 = DEFINITIONAL_REPRESENTATION('',(#1726),#1730);
#1726 = LINE('',#1727,#1728);
#1727 = CARTESIAN_POINT('',(0.,-2.5));
#1728 = VECTOR('',#1729,1.);
#1729 = DIRECTION('',(1.,0.));
#1730 = ( GEOMETRIC_REPRESENTATION_CONTEXT(2) 
PARAMETRIC_REPRESENTATION_CONTEXT() REPRESENTATION_CONTEXT('2D SPACE',''
  ) );
#1731 = ORIENTED_EDGE('',*,*,#1732,.T.);
#1732 = EDGE_CURVE('',#1710,#1733,#1735,.T.);
#1733 = VERTEX_POINT('',#1734);
#1734 = CARTESIAN_POINT('',(-14.10940039245,-48.5937330717,10.5));
#1735 = SURFACE_CURVE('',#1736,(#1741,#1748),.PCURVE_S1.);
#1736 = CIRCLE('',#1737,2.);
#1737 = AXIS2_PLACEMENT_3D('',#1738,#1739,#1740);
#1738 = CARTESIAN_POINT('',(-13.,-46.92963248302,10.5));
#1739 = DIRECTION('',(0.,-0.,1.));
#1740 = DIRECTION('',(-1.,0.,0.));
#1741 = PCURVE('',#95,#1742);
#1742 = DEFINITIONAL_REPRESENTATION('',(#1743),#1747);
#1743 = CIRCLE('',#1744,2.);
#1744 = AXIS2_PLACEMENT_2D('',#1745,#1746);
#1745 = CARTESIAN_POINT('',(-13.,-36.68685221887));
#1746 = DIRECTION('',(-1.,0.));
#1747 = ( GEOMETRIC_REPRESENTATION_CONTEXT(2) 
PARAMETRIC_REPRESENTATION_CONTEXT() REPRESENTATION_CONTEXT('2D SPACE',''
  ) );
#1748 = PCURVE('',#502,#1749);
#1749 = DEFINITIONAL_REPRESENTATION('',(#1750),#1754);
#1750 = LINE('',#1751,#1752);
#1751 = CARTESIAN_POINT('',(-0.,-2.5));
#1752 = VECTOR('',#1753,1.);
#1753 = DIRECTION('',(-1.,0.));
#1754 = ( GEOMETRIC_REPRESENTATION_CONTEXT(2) 
PARAMETRIC_REPRESENTATION_CONTEXT() REPRESENTATION_CONTEXT('2D SPACE',''
  ) );
#1755 = ORIENTED_EDGE('',*,*,#1756,.T.);
#1756 = EDGE_CURVE('',#1733,#1757,#1759,.T.);
#1757 = VERTEX_POINT('',#1758);
#1758 = CARTESIAN_POINT('',(-1.10940039245,-57.26039973836,10.5));
#1759 = SURFACE_CURVE('',#1760,(#1764,#1771),.PCURVE_S1.);
#1760 = LINE('',#1761,#1762);
#1761 = CARTESIAN_POINT('',(-14.10940039245,-48.5937330717,10.5));
#1762 = VECTOR('',#1763,1.);
#1763 = DIRECTION('',(0.832050294338,-0.554700196225,0.));
#1764 = PCURVE('',#95,#1765);
#1765 = DEFINITIONAL_REPRESENTATION('',(#1766),#1770);
#1766 = LINE('',#1767,#1768);
#1767 = CARTESIAN_POINT('',(-14.10940039245,-38.35095280754));
#1768 = VECTOR('',#1769,1.);
#1769 = DIRECTION('',(0.832050294338,-0.554700196225));
#1770 = ( GEOMETRIC_REPRESENTATION_CONTEXT(2) 
PARAMETRIC_REPRESENTATION_CONTEXT() REPRESENTATION_CONTEXT('2D SPACE',''
  ) );
#1771 = PCURVE('',#530,#1772);
#1772 = DEFINITIONAL_REPRESENTATION('',(#1773),#1777);
#1773 = LINE('',#1774,#1775);
#1774 = CARTESIAN_POINT('',(0.,-2.5));
#1775 = VECTOR('',#1776,1.);
#1776 = DIRECTION('',(1.,0.));
#1777 = ( GEOMETRIC_REPRESENTATION_CONTEXT(2) 
PARAMETRIC_REPRESENTATION_CONTEXT() REPRESENTATION_CONTEXT('2D SPACE',''
  ) );
#1778 = ORIENTED_EDGE('',*,*,#1779,.T.);
#1779 = EDGE_CURVE('',#1757,#1780,#1782,.T.);
#1780 = VERTEX_POINT('',#1781);
#1781 = CARTESIAN_POINT('',(1.10940039245,-57.26039973836,10.5));
#1782 = SURFACE_CURVE('',#1783,(#1788,#1795),.PCURVE_S1.);
#1783 = CIRCLE('',#1784,2.);
#1784 = AXIS2_PLACEMENT_3D('',#1785,#1786,#1787);
#1785 = CARTESIAN_POINT('',(0.,-55.59629914969,10.5));
#1786 = DIRECTION('',(0.,-0.,1.));
#1787 = DIRECTION('',(-1.,0.,0.));
#1788 = PCURVE('',#95,#1789);
#1789 = DEFINITIONAL_REPRESENTATION('',(#1790),#1794);
#1790 = CIRCLE('',#1791,2.);
#1791 = AXIS2_PLACEMENT_2D('',#1792,#1793);
#1792 = CARTESIAN_POINT('',(0.,-45.35351888553));
#1793 = DIRECTION('',(-1.,0.));
#1794 = ( GEOMETRIC_REPRESENTATION_CONTEXT(2) 
PARAMETRIC_REPRESENTATION_CONTEXT() REPRESENTATION_CONTEXT('2D SPACE',''
  ) );
#1795 = PCURVE('',#559,#1796);
#1796 = DEFINITIONAL_REPRESENTATION('',(#1797),#1801);
#1797 = LINE('',#1798,#1799);
#1798 = CARTESIAN_POINT('',(-0.,-2.5));
#1799 = VECTOR('',#1800,1.);
#1800 = DIRECTION('',(-1.,0.));
#1801 = ( GEOMETRIC_REPRESENTATION_CONTEXT(2) 
PARAMETRIC_REPRESENTATION_CONTEXT() REPRESENTATION_CONTEXT('2D SPACE',''
  ) );
#1802 = ORIENTED_EDGE('',*,*,#1803,.T.);
#1803 = EDGE_CURVE('',#1780,#1804,#1806,.T.);
#1804 = VERTEX_POINT('',#1805);
#1805 = CARTESIAN_POINT('',(14.10940039245,-48.5937330717,10.5));
#1806 = SURFACE_CURVE('',#1807,(#1811,#1818),.PCURVE_S1.);
#1807 = LINE('',#1808,#1809);
#1808 = CARTESIAN_POINT('',(1.10940039245,-57.26039973836,10.5));
#1809 = VECTOR('',#1810,1.);
#1810 = DIRECTION('',(0.832050294338,0.554700196225,0.));
#1811 = PCURVE('',#95,#1812);
#1812 = DEFINITIONAL_REPRESENTATION('',(#1813),#1817);
#1813 = LINE('',#1814,#1815);
#1814 = CARTESIAN_POINT('',(1.10940039245,-47.01761947421));
#1815 = VECTOR('',#1816,1.);
#1816 = DIRECTION('',(0.832050294338,0.554700196225));
#1817 = ( GEOMETRIC_REPRESENTATION_CONTEXT(2) 
PARAMETRIC_REPRESENTATION_CONTEXT() REPRESENTATION_CONTEXT('2D SPACE',''
  ) );
#1818 = PCURVE('',#587,#1819);
#1819 = DEFINITIONAL_REPRESENTATION('',(#1820),#1824);
#1820 = LINE('',#1821,#1822);
#1821 = CARTESIAN_POINT('',(0.,-2.5));
#1822 = VECTOR('',#1823,1.);
#1823 = DIRECTION('',(1.,0.));
#1824 = ( GEOMETRIC_REPRESENTATION_CONTEXT(2) 
PARAMETRIC_REPRESENTATION_CONTEXT() REPRESENTATION_CONTEXT('2D SPACE',''
  ) );
#1825 = ORIENTED_EDGE('',*,*,#1826,.T.);
#1826 = EDGE_CURVE('',#1804,#168,#1827,.T.);
#1827 = SURFACE_CURVE('',#1828,(#1833,#1840),.PCURVE_S1.);
#1828 = CIRCLE('',#1829,2.);
#1829 = AXIS2_PLACEMENT_3D('',#1830,#1831,#1832);
#1830 = CARTESIAN_POINT('',(13.,-46.92963248302,10.5));
#1831 = DIRECTION('',(0.,-0.,1.));
#1832 = DIRECTION('',(-1.,0.,0.));
#1833 = PCURVE('',#95,#1834);
#1834 = DEFINITIONAL_REPRESENTATION('',(#1835),#1839);
#1835 = CIRCLE('',#1836,2.);
#1836 = AXIS2_PLACEMENT_2D('',#1837,#1838);
#1837 = CARTESIAN_POINT('',(13.,-36.68685221887));
#1838 = DIRECTION('',(-1.,0.));
#1839 = ( GEOMETRIC_REPRESENTATION_CONTEXT(2) 
PARAMETRIC_REPRESENTATION_CONTEXT() REPRESENTATION_CONTEXT('2D SPACE',''
  ) );
#1840 = PCURVE('',#183,#1841);
#1841 = DEFINITIONAL_REPRESENTATION('',(#1842),#1846);
#1842 = LINE('',#1843,#1844);
#1843 = CARTESIAN_POINT('',(-0.,-2.5));
#1844 = VECTOR('',#1845,1.);
#1845 = DIRECTION('',(-1.,0.));
#1846 = ( GEOMETRIC_REPRESENTATION_CONTEXT(2) 
PARAMETRIC_REPRESENTATION_CONTEXT() REPRESENTATION_CONTEXT('2D SPACE',''
  ) );
#1847 = ORIENTED_EDGE('',*,*,#195,.T.);
#1848 = FACE_BOUND('',#1849,.T.);
#1849 = EDGE_LOOP('',(#1850));
#1850 = ORIENTED_EDGE('',*,*,#1851,.F.);
#1851 = EDGE_CURVE('',#1852,#1852,#1854,.T.);
#1852 = VERTEX_POINT('',#1853);
#1853 = CARTESIAN_POINT('',(-7.5,-34.,10.5));
#1854 = SURFACE_CURVE('',#1855,(#1860,#1867),.PCURVE_S1.);
#1855 = CIRCLE('',#1856,1.5);
#1856 = AXIS2_PLACEMENT_3D('',#1857,#1858,#1859);
#1857 = CARTESIAN_POINT('',(-9.,-34.,10.5));
#1858 = DIRECTION('',(0.,0.,1.));
#1859 = DIRECTION('',(1.,0.,-0.));
#1860 = PCURVE('',#95,#1861);
#1861 = DEFINITIONAL_REPRESENTATION('',(#1862),#1866);
#1862 = CIRCLE('',#1863,1.5);
#1863 = AXIS2_PLACEMENT_2D('',#1864,#1865);
#1864 = CARTESIAN_POINT('',(-9.,-23.75721973584));
#1865 = DIRECTION('',(1.,0.));
#1866 = ( GEOMETRIC_REPRESENTATION_CONTEXT(2) 
PARAMETRIC_REPRESENTATION_CONTEXT() REPRESENTATION_CONTEXT('2D SPACE',''
  ) );
#1867 = PCURVE('',#641,#1868);
#1868 = DEFINITIONAL_REPRESENTATION('',(#1869),#1873);
#1869 = LINE('',#1870,#1871);
#1870 = CARTESIAN_POINT('',(0.,3.5));
#1871 = VECTOR('',#1872,1.);
#1872 = DIRECTION('',(1.,0.));
#1873 = ( GEOMETRIC_REPRESENTATION_CONTEXT(2) 
PARAMETRIC_REPRESENTATION_CONTEXT() REPRESENTATION_CONTEXT('2D SPACE',''
  ) );
#1874 = FACE_BOUND('',#1875,.T.);
#1875 = EDGE_LOOP('',(#1876,#1902,#1923,#1947,#1968,#1992,#2013,#2037));
#1876 = ORIENTED_EDGE('',*,*,#1877,.F.);
#1877 = EDGE_CURVE('',#1878,#1880,#1882,.T.);
#1878 = VERTEX_POINT('',#1879);
#1879 = CARTESIAN_POINT('',(1.00000000014E-06,-51.,10.5));
#1880 = VERTEX_POINT('',#1881);
#1881 = CARTESIAN_POINT('',(4.,-47.000001,10.5));
#1882 = SURFACE_CURVE('',#1883,(#1888,#1895),.PCURVE_S1.);
#1883 = CIRCLE('',#1884,3.999999);
#1884 = AXIS2_PLACEMENT_3D('',#1885,#1886,#1887);
#1885 = CARTESIAN_POINT('',(1.00000000014E-06,-47.000001,10.5));
#1886 = DIRECTION('',(0.,0.,1.));
#1887 = DIRECTION('',(1.,0.,-0.));
#1888 = PCURVE('',#95,#1889);
#1889 = DEFINITIONAL_REPRESENTATION('',(#1890),#1894);
#1890 = CIRCLE('',#1891,3.999999);
#1891 = AXIS2_PLACEMENT_2D('',#1892,#1893);
#1892 = CARTESIAN_POINT('',(1.00000000014E-06,-36.75722073584));
#1893 = DIRECTION('',(1.,0.));
#1894 = ( GEOMETRIC_REPRESENTATION_CONTEXT(2) 
PARAMETRIC_REPRESENTATION_CONTEXT() REPRESENTATION_CONTEXT('2D SPACE',''
  ) );
#1895 = PCURVE('',#674,#1896);
#1896 = DEFINITIONAL_REPRESENTATION('',(#1897),#1901);
#1897 = LINE('',#1898,#1899);
#1898 = CARTESIAN_POINT('',(0.,3.5));
#1899 = VECTOR('',#1900,1.);
#1900 = DIRECTION('',(1.,0.));
#1901 = ( GEOMETRIC_REPRESENTATION_CONTEXT(2) 
PARAMETRIC_REPRESENTATION_CONTEXT() REPRESENTATION_CONTEXT('2D SPACE',''
  ) );
#1902 = ORIENTED_EDGE('',*,*,#1903,.T.);
#1903 = EDGE_CURVE('',#1878,#1904,#1906,.T.);
#1904 = VERTEX_POINT('',#1905);
#1905 = CARTESIAN_POINT('',(-1.00000000014E-06,-51.,10.5));
#1906 = SURFACE_CURVE('',#1907,(#1911,#1917),.PCURVE_S1.);
#1907 = LINE('',#1908,#1909);
#1908 = CARTESIAN_POINT('',(-5.000000000699E-07,-51.,10.5));
#1909 = VECTOR('',#1910,1.);
#1910 = DIRECTION('',(-1.,-0.,0.));
#1911 = PCURVE('',#95,#1912);
#1912 = DEFINITIONAL_REPRESENTATION('',(#1913),#1916);
#1913 = B_SPLINE_CURVE_WITH_KNOTS('',1,(#1914,#1915),.UNSPECIFIED.,.F.,
  .F.,(2,2),(-1.50000000021E-06,5.000000000699E-07),
  .PIECEWISE_BEZIER_KNOTS.);
#1914 = CARTESIAN_POINT('',(1.00000000014E-06,-40.75721973584));
#1915 = CARTESIAN_POINT('',(-1.00000000014E-06,-40.75721973584));
#1916 = ( GEOMETRIC_REPRESENTATION_CONTEXT(2) 
PARAMETRIC_REPRESENTATION_CONTEXT() REPRESENTATION_CONTEXT('2D SPACE',''
  ) );
#1917 = PCURVE('',#701,#1918);
#1918 = DEFINITIONAL_REPRESENTATION('',(#1919),#1922);
#1919 = B_SPLINE_CURVE_WITH_KNOTS('',1,(#1920,#1921),.UNSPECIFIED.,.F.,
  .F.,(2,2),(-1.50000000021E-06,5.000000000699E-07),
  .PIECEWISE_BEZIER_KNOTS.);
#1920 = CARTESIAN_POINT('',(3.5,2.00000000028E-06));
#1921 = CARTESIAN_POINT('',(3.5,0.));
#1922 = ( GEOMETRIC_REPRESENTATION_CONTEXT(2) 
PARAMETRIC_REPRESENTATION_CONTEXT() REPRESENTATION_CONTEXT('2D SPACE',''
  ) );
#1923 = ORIENTED_EDGE('',*,*,#1924,.F.);
#1924 = EDGE_CURVE('',#1925,#1904,#1927,.T.);
#1925 = VERTEX_POINT('',#1926);
#1926 = CARTESIAN_POINT('',(-4.,-47.000001,10.5));
#1927 = SURFACE_CURVE('',#1928,(#1933,#1940),.PCURVE_S1.);
#1928 = CIRCLE('',#1929,3.999999);
#1929 = AXIS2_PLACEMENT_3D('',#1930,#1931,#1932);
#1930 = CARTESIAN_POINT('',(-1.00000000014E-06,-47.000001,10.5));
#1931 = DIRECTION('',(0.,0.,1.));
#1932 = DIRECTION('',(1.,0.,-0.));
#1933 = PCURVE('',#95,#1934);
#1934 = DEFINITIONAL_REPRESENTATION('',(#1935),#1939);
#1935 = CIRCLE('',#1936,3.999999);
#1936 = AXIS2_PLACEMENT_2D('',#1937,#1938);
#1937 = CARTESIAN_POINT('',(-1.00000000014E-06,-36.75722073584));
#1938 = DIRECTION('',(1.,0.));
#1939 = ( GEOMETRIC_REPRESENTATION_CONTEXT(2) 
PARAMETRIC_REPRESENTATION_CONTEXT() REPRESENTATION_CONTEXT('2D SPACE',''
  ) );
#1940 = PCURVE('',#729,#1941);
#1941 = DEFINITIONAL_REPRESENTATION('',(#1942),#1946);
#1942 = LINE('',#1943,#1944);
#1943 = CARTESIAN_POINT('',(0.,3.5));
#1944 = VECTOR('',#1945,1.);
#1945 = DIRECTION('',(1.,0.));
#1946 = ( GEOMETRIC_REPRESENTATION_CONTEXT(2) 
PARAMETRIC_REPRESENTATION_CONTEXT() REPRESENTATION_CONTEXT('2D SPACE',''
  ) );
#1947 = ORIENTED_EDGE('',*,*,#1948,.T.);
#1948 = EDGE_CURVE('',#1925,#1949,#1951,.T.);
#1949 = VERTEX_POINT('',#1950);
#1950 = CARTESIAN_POINT('',(-4.,-32.999999,10.5));
#1951 = SURFACE_CURVE('',#1952,(#1956,#1962),.PCURVE_S1.);
#1952 = LINE('',#1953,#1954);
#1953 = CARTESIAN_POINT('',(-4.,-28.62139063207,10.5));
#1954 = VECTOR('',#1955,1.);
#1955 = DIRECTION('',(-0.,1.,0.));
#1956 = PCURVE('',#95,#1957);
#1957 = DEFINITIONAL_REPRESENTATION('',(#1958),#1961);
#1958 = B_SPLINE_CURVE_WITH_KNOTS('',1,(#1959,#1960),.UNSPECIFIED.,.F.,
  .F.,(2,2),(-18.37861036792,-4.378608367923),.PIECEWISE_BEZIER_KNOTS.);
#1959 = CARTESIAN_POINT('',(-4.,-36.75722073584));
#1960 = CARTESIAN_POINT('',(-4.,-22.75721873584));
#1961 = ( GEOMETRIC_REPRESENTATION_CONTEXT(2) 
PARAMETRIC_REPRESENTATION_CONTEXT() REPRESENTATION_CONTEXT('2D SPACE',''
  ) );
#1962 = PCURVE('',#756,#1963);
#1963 = DEFINITIONAL_REPRESENTATION('',(#1964),#1967);
#1964 = B_SPLINE_CURVE_WITH_KNOTS('',1,(#1965,#1966),.UNSPECIFIED.,.F.,
  .F.,(2,2),(-18.37861036792,-4.378608367923),.PIECEWISE_BEZIER_KNOTS.);
#1965 = CARTESIAN_POINT('',(3.5,0.));
#1966 = CARTESIAN_POINT('',(3.5,-14.000002));
#1967 = ( GEOMETRIC_REPRESENTATION_CONTEXT(2) 
PARAMETRIC_REPRESENTATION_CONTEXT() REPRESENTATION_CONTEXT('2D SPACE',''
  ) );
#1968 = ORIENTED_EDGE('',*,*,#1969,.F.);
#1969 = EDGE_CURVE('',#1970,#1949,#1972,.T.);
#1970 = VERTEX_POINT('',#1971);
#1971 = CARTESIAN_POINT('',(-1.00000000014E-06,-29.,10.5));
#1972 = SURFACE_CURVE('',#1973,(#1978,#1985),.PCURVE_S1.);
#1973 = CIRCLE('',#1974,3.999999);
#1974 = AXIS2_PLACEMENT_3D('',#1975,#1976,#1977);
#1975 = CARTESIAN_POINT('',(-1.00000000014E-06,-32.999999,10.5));
#1976 = DIRECTION('',(0.,0.,1.));
#1977 = DIRECTION('',(1.,0.,-0.));
#1978 = PCURVE('',#95,#1979);
#1979 = DEFINITIONAL_REPRESENTATION('',(#1980),#1984);
#1980 = CIRCLE('',#1981,3.999999);
#1981 = AXIS2_PLACEMENT_2D('',#1982,#1983);
#1982 = CARTESIAN_POINT('',(-1.00000000014E-06,-22.75721873584));
#1983 = DIRECTION('',(1.,0.));
#1984 = ( GEOMETRIC_REPRESENTATION_CONTEXT(2) 
PARAMETRIC_REPRESENTATION_CONTEXT() REPRESENTATION_CONTEXT('2D SPACE',''
  ) );
#1985 = PCURVE('',#784,#1986);
#1986 = DEFINITIONAL_REPRESENTATION('',(#1987),#1991);
#1987 = LINE('',#1988,#1989);
#1988 = CARTESIAN_POINT('',(0.,3.5));
#1989 = VECTOR('',#1990,1.);
#1990 = DIRECTION('',(1.,0.));
#1991 = ( GEOMETRIC_REPRESENTATION_CONTEXT(2) 
PARAMETRIC_REPRESENTATION_CONTEXT() REPRESENTATION_CONTEXT('2D SPACE',''
  ) );
#1992 = ORIENTED_EDGE('',*,*,#1993,.F.);
#1993 = EDGE_CURVE('',#1994,#1970,#1996,.T.);
#1994 = VERTEX_POINT('',#1995);
#1995 = CARTESIAN_POINT('',(1.00000000014E-06,-29.,10.5));
#1996 = SURFACE_CURVE('',#1997,(#2001,#2007),.PCURVE_S1.);
#1997 = LINE('',#1998,#1999);
#1998 = CARTESIAN_POINT('',(-5.000000000699E-07,-29.,10.5));
#1999 = VECTOR('',#2000,1.);
#2000 = DIRECTION('',(-1.,-0.,0.));
#2001 = PCURVE('',#95,#2002);
#2002 = DEFINITIONAL_REPRESENTATION('',(#2003),#2006);
#2003 = B_SPLINE_CURVE_WITH_KNOTS('',1,(#2004,#2005),.UNSPECIFIED.,.F.,
  .F.,(2,2),(-1.50000000021E-06,5.000000000699E-07),
  .PIECEWISE_BEZIER_KNOTS.);
#2004 = CARTESIAN_POINT('',(1.00000000014E-06,-18.75721973584));
#2005 = CARTESIAN_POINT('',(-1.00000000014E-06,-18.75721973584));
#2006 = ( GEOMETRIC_REPRESENTATION_CONTEXT(2) 
PARAMETRIC_REPRESENTATION_CONTEXT() REPRESENTATION_CONTEXT('2D SPACE',''
  ) );
#2007 = PCURVE('',#811,#2008);
#2008 = DEFINITIONAL_REPRESENTATION('',(#2009),#2012);
#2009 = B_SPLINE_CURVE_WITH_KNOTS('',1,(#2010,#2011),.UNSPECIFIED.,.F.,
  .F.,(2,2),(-1.50000000021E-06,5.000000000699E-07),
  .PIECEWISE_BEZIER_KNOTS.);
#2010 = CARTESIAN_POINT('',(3.5,2.00000000028E-06));
#2011 = CARTESIAN_POINT('',(3.5,0.));
#2012 = ( GEOMETRIC_REPRESENTATION_CONTEXT(2) 
PARAMETRIC_REPRESENTATION_CONTEXT() REPRESENTATION_CONTEXT('2D SPACE',''
  ) );
#2013 = ORIENTED_EDGE('',*,*,#2014,.F.);
#2014 = EDGE_CURVE('',#2015,#1994,#2017,.T.);
#2015 = VERTEX_POINT('',#2016);
#2016 = CARTESIAN_POINT('',(4.,-32.999999,10.5));
#2017 = SURFACE_CURVE('',#2018,(#2023,#2030),.PCURVE_S1.);
#2018 = CIRCLE('',#2019,3.999999);
#2019 = AXIS2_PLACEMENT_3D('',#2020,#2021,#2022);
#2020 = CARTESIAN_POINT('',(1.00000000014E-06,-32.999999,10.5));
#2021 = DIRECTION('',(0.,0.,1.));
#2022 = DIRECTION('',(1.,0.,-0.));
#2023 = PCURVE('',#95,#2024);
#2024 = DEFINITIONAL_REPRESENTATION('',(#2025),#2029);
#2025 = CIRCLE('',#2026,3.999999);
#2026 = AXIS2_PLACEMENT_2D('',#2027,#2028);
#2027 = CARTESIAN_POINT('',(1.00000000014E-06,-22.75721873584));
#2028 = DIRECTION('',(1.,0.));
#2029 = ( GEOMETRIC_REPRESENTATION_CONTEXT(2) 
PARAMETRIC_REPRESENTATION_CONTEXT() REPRESENTATION_CONTEXT('2D SPACE',''
  ) );
#2030 = PCURVE('',#839,#2031);
#2031 = DEFINITIONAL_REPRESENTATION('',(#2032),#2036);
#2032 = LINE('',#2033,#2034);
#2033 = CARTESIAN_POINT('',(0.,3.5));
#2034 = VECTOR('',#2035,1.);
#2035 = DIRECTION('',(1.,0.));
#2036 = ( GEOMETRIC_REPRESENTATION_CONTEXT(2) 
PARAMETRIC_REPRESENTATION_CONTEXT() REPRESENTATION_CONTEXT('2D SPACE',''
  ) );
#2037 = ORIENTED_EDGE('',*,*,#2038,.F.);
#2038 = EDGE_CURVE('',#1880,#2015,#2039,.T.);
#2039 = SURFACE_CURVE('',#2040,(#2044,#2050),.PCURVE_S1.);
#2040 = LINE('',#2041,#2042);
#2041 = CARTESIAN_POINT('',(4.,-28.62139063207,10.5));
#2042 = VECTOR('',#2043,1.);
#2043 = DIRECTION('',(-0.,1.,0.));
#2044 = PCURVE('',#95,#2045);
#2045 = DEFINITIONAL_REPRESENTATION('',(#2046),#2049);
#2046 = B_SPLINE_CURVE_WITH_KNOTS('',1,(#2047,#2048),.UNSPECIFIED.,.F.,
  .F.,(2,2),(-18.37861036792,-4.378608367923),.PIECEWISE_BEZIER_KNOTS.);
#2047 = CARTESIAN_POINT('',(4.,-36.75722073584));
#2048 = CARTESIAN_POINT('',(4.,-22.75721873584));
#2049 = ( GEOMETRIC_REPRESENTATION_CONTEXT(2) 
PARAMETRIC_REPRESENTATION_CONTEXT() REPRESENTATION_CONTEXT('2D SPACE',''
  ) );
#2050 = PCURVE('',#864,#2051);
#2051 = DEFINITIONAL_REPRESENTATION('',(#2052),#2055);
#2052 = B_SPLINE_CURVE_WITH_KNOTS('',1,(#2053,#2054),.UNSPECIFIED.,.F.,
  .F.,(2,2),(-18.37861036792,-4.378608367923),.PIECEWISE_BEZIER_KNOTS.);
#2053 = CARTESIAN_POINT('',(3.5,0.));
#2054 = CARTESIAN_POINT('',(3.5,-14.000002));
#2055 = ( GEOMETRIC_REPRESENTATION_CONTEXT(2) 
PARAMETRIC_REPRESENTATION_CONTEXT() REPRESENTATION_CONTEXT('2D SPACE',''
  ) );
#2056 = FACE_BOUND('',#2057,.T.);
#2057 = EDGE_LOOP('',(#2058));
#2058 = ORIENTED_EDGE('',*,*,#2059,.F.);
#2059 = EDGE_CURVE('',#2060,#2060,#2062,.T.);
#2060 = VERTEX_POINT('',#2061);
#2061 = CARTESIAN_POINT('',(10.5,-34.,10.5));
#2062 = SURFACE_CURVE('',#2063,(#2068,#2075),.PCURVE_S1.);
#2063 = CIRCLE('',#2064,1.5);
#2064 = AXIS2_PLACEMENT_3D('',#2065,#2066,#2067);
#2065 = CARTESIAN_POINT('',(9.,-34.,10.5));
#2066 = DIRECTION('',(0.,0.,1.));
#2067 = DIRECTION('',(1.,0.,-0.));
#2068 = PCURVE('',#95,#2069);
#2069 = DEFINITIONAL_REPRESENTATION('',(#2070),#2074);
#2070 = CIRCLE('',#2071,1.5);
#2071 = AXIS2_PLACEMENT_2D('',#2072,#2073);
#2072 = CARTESIAN_POINT('',(9.,-23.75721973584));
#2073 = DIRECTION('',(1.,0.));
#2074 = ( GEOMETRIC_REPRESENTATION_CONTEXT(2) 
PARAMETRIC_REPRESENTATION_CONTEXT() REPRESENTATION_CONTEXT('2D SPACE',''
  ) );
#2075 = PCURVE('',#894,#2076);
#2076 = DEFINITIONAL_REPRESENTATION('',(#2077),#2081);
#2077 = LINE('',#2078,#2079);
#2078 = CARTESIAN_POINT('',(0.,3.5));
#2079 = VECTOR('',#2080,1.);
#2080 = DIRECTION('',(1.,0.));
#2081 = ( GEOMETRIC_REPRESENTATION_CONTEXT(2) 
PARAMETRIC_REPRESENTATION_CONTEXT() REPRESENTATION_CONTEXT('2D SPACE',''
  ) );
#2082 = FACE_BOUND('',#2083,.T.);
#2083 = EDGE_LOOP('',(#2084,#2110,#2131,#2155,#2176,#2200,#2221,#2245));
#2084 = ORIENTED_EDGE('',*,*,#2085,.F.);
#2085 = EDGE_CURVE('',#2086,#2088,#2090,.T.);
#2086 = VERTEX_POINT('',#2087);
#2087 = CARTESIAN_POINT('',(1.00000000014E-06,-27.,10.5));
#2088 = VERTEX_POINT('',#2089);
#2089 = CARTESIAN_POINT('',(4.,-23.000001,10.5));
#2090 = SURFACE_CURVE('',#2091,(#2096,#2103),.PCURVE_S1.);
#2091 = CIRCLE('',#2092,3.999999);
#2092 = AXIS2_PLACEMENT_3D('',#2093,#2094,#2095);
#2093 = CARTESIAN_POINT('',(1.00000000014E-06,-23.000001,10.5));
#2094 = DIRECTION('',(0.,0.,1.));
#2095 = DIRECTION('',(1.,0.,-0.));
#2096 = PCURVE('',#95,#2097);
#2097 = DEFINITIONAL_REPRESENTATION('',(#2098),#2102);
#2098 = CIRCLE('',#2099,3.999999);
#2099 = AXIS2_PLACEMENT_2D('',#2100,#2101);
#2100 = CARTESIAN_POINT('',(1.00000000014E-06,-12.75722073584));
#2101 = DIRECTION('',(1.,0.));
#2102 = ( GEOMETRIC_REPRESENTATION_CONTEXT(2) 
PARAMETRIC_REPRESENTATION_CONTEXT() REPRESENTATION_CONTEXT('2D SPACE',''
  ) );
#2103 = PCURVE('',#927,#2104);
#2104 = DEFINITIONAL_REPRESENTATION('',(#2105),#2109);
#2105 = LINE('',#2106,#2107);
#2106 = CARTESIAN_POINT('',(0.,3.5));
#2107 = VECTOR('',#2108,1.);
#2108 = DIRECTION('',(1.,0.));
#2109 = ( GEOMETRIC_REPRESENTATION_CONTEXT(2) 
PARAMETRIC_REPRESENTATION_CONTEXT() REPRESENTATION_CONTEXT('2D SPACE',''
  ) );
#2110 = ORIENTED_EDGE('',*,*,#2111,.T.);
#2111 = EDGE_CURVE('',#2086,#2112,#2114,.T.);
#2112 = VERTEX_POINT('',#2113);
#2113 = CARTESIAN_POINT('',(-1.00000000014E-06,-27.,10.5));
#2114 = SURFACE_CURVE('',#2115,(#2119,#2125),.PCURVE_S1.);
#2115 = LINE('',#2116,#2117);
#2116 = CARTESIAN_POINT('',(-5.000000000699E-07,-27.,10.5));
#2117 = VECTOR('',#2118,1.);
#2118 = DIRECTION('',(-1.,-0.,0.));
#2119 = PCURVE('',#95,#2120);
#2120 = DEFINITIONAL_REPRESENTATION('',(#2121),#2124);
#2121 = B_SPLINE_CURVE_WITH_KNOTS('',1,(#2122,#2123),.UNSPECIFIED.,.F.,
  .F.,(2,2),(-1.50000000021E-06,5.000000000699E-07),
  .PIECEWISE_BEZIER_KNOTS.);
#2122 = CARTESIAN_POINT('',(1.00000000014E-06,-16.75721973584));
#2123 = CARTESIAN_POINT('',(-1.00000000014E-06,-16.75721973584));
#2124 = ( GEOMETRIC_REPRESENTATION_CONTEXT(2) 
PARAMETRIC_REPRESENTATION_CONTEXT() REPRESENTATION_CONTEXT('2D SPACE',''
  ) );
#2125 = PCURVE('',#954,#2126);
#2126 = DEFINITIONAL_REPRESENTATION('',(#2127),#2130);
#2127 = B_SPLINE_CURVE_WITH_KNOTS('',1,(#2128,#2129),.UNSPECIFIED.,.F.,
  .F.,(2,2),(-1.50000000021E-06,5.000000000699E-07),
  .PIECEWISE_BEZIER_KNOTS.);
#2128 = CARTESIAN_POINT('',(3.5,2.00000000028E-06));
#2129 = CARTESIAN_POINT('',(3.5,0.));
#2130 = ( GEOMETRIC_REPRESENTATION_CONTEXT(2) 
PARAMETRIC_REPRESENTATION_CONTEXT() REPRESENTATION_CONTEXT('2D SPACE',''
  ) );
#2131 = ORIENTED_EDGE('',*,*,#2132,.F.);
#2132 = EDGE_CURVE('',#2133,#2112,#2135,.T.);
#2133 = VERTEX_POINT('',#2134);
#2134 = CARTESIAN_POINT('',(-4.,-23.000001,10.5));
#2135 = SURFACE_CURVE('',#2136,(#2141,#2148),.PCURVE_S1.);
#2136 = CIRCLE('',#2137,3.999999);
#2137 = AXIS2_PLACEMENT_3D('',#2138,#2139,#2140);
#2138 = CARTESIAN_POINT('',(-1.00000000014E-06,-23.000001,10.5));
#2139 = DIRECTION('',(0.,0.,1.));
#2140 = DIRECTION('',(1.,0.,-0.));
#2141 = PCURVE('',#95,#2142);
#2142 = DEFINITIONAL_REPRESENTATION('',(#2143),#2147);
#2143 = CIRCLE('',#2144,3.999999);
#2144 = AXIS2_PLACEMENT_2D('',#2145,#2146);
#2145 = CARTESIAN_POINT('',(-1.00000000014E-06,-12.75722073584));
#2146 = DIRECTION('',(1.,0.));
#2147 = ( GEOMETRIC_REPRESENTATION_CONTEXT(2) 
PARAMETRIC_REPRESENTATION_CONTEXT() REPRESENTATION_CONTEXT('2D SPACE',''
  ) );
#2148 = PCURVE('',#982,#2149);
#2149 = DEFINITIONAL_REPRESENTATION('',(#2150),#2154);
#2150 = LINE('',#2151,#2152);
#2151 = CARTESIAN_POINT('',(0.,3.5));
#2152 = VECTOR('',#2153,1.);
#2153 = DIRECTION('',(1.,0.));
#2154 = ( GEOMETRIC_REPRESENTATION_CONTEXT(2) 
PARAMETRIC_REPRESENTATION_CONTEXT() REPRESENTATION_CONTEXT('2D SPACE',''
  ) );
#2155 = ORIENTED_EDGE('',*,*,#2156,.T.);
#2156 = EDGE_CURVE('',#2133,#2157,#2159,.T.);
#2157 = VERTEX_POINT('',#2158);
#2158 = CARTESIAN_POINT('',(-4.,-8.999999,10.5));
#2159 = SURFACE_CURVE('',#2160,(#2164,#2170),.PCURVE_S1.);
#2160 = LINE('',#2161,#2162);
#2161 = CARTESIAN_POINT('',(-4.,-16.62139063207,10.5));
#2162 = VECTOR('',#2163,1.);
#2163 = DIRECTION('',(-0.,1.,0.));
#2164 = PCURVE('',#95,#2165);
#2165 = DEFINITIONAL_REPRESENTATION('',(#2166),#2169);
#2166 = B_SPLINE_CURVE_WITH_KNOTS('',1,(#2167,#2168),.UNSPECIFIED.,.F.,
  .F.,(2,2),(-6.378610367923,7.621391632077),.PIECEWISE_BEZIER_KNOTS.);
#2167 = CARTESIAN_POINT('',(-4.,-12.75722073584));
#2168 = CARTESIAN_POINT('',(-4.,1.242781264153));
#2169 = ( GEOMETRIC_REPRESENTATION_CONTEXT(2) 
PARAMETRIC_REPRESENTATION_CONTEXT() REPRESENTATION_CONTEXT('2D SPACE',''
  ) );
#2170 = PCURVE('',#1009,#2171);
#2171 = DEFINITIONAL_REPRESENTATION('',(#2172),#2175);
#2172 = B_SPLINE_CURVE_WITH_KNOTS('',1,(#2173,#2174),.UNSPECIFIED.,.F.,
  .F.,(2,2),(-6.378610367923,7.621391632077),.PIECEWISE_BEZIER_KNOTS.);
#2173 = CARTESIAN_POINT('',(3.5,0.));
#2174 = CARTESIAN_POINT('',(3.5,-14.000002));
#2175 = ( GEOMETRIC_REPRESENTATION_CONTEXT(2) 
PARAMETRIC_REPRESENTATION_CONTEXT() REPRESENTATION_CONTEXT('2D SPACE',''
  ) );
#2176 = ORIENTED_EDGE('',*,*,#2177,.F.);
#2177 = EDGE_CURVE('',#2178,#2157,#2180,.T.);
#2178 = VERTEX_POINT('',#2179);
#2179 = CARTESIAN_POINT('',(-1.00000000014E-06,-5.,10.5));
#2180 = SURFACE_CURVE('',#2181,(#2186,#2193),.PCURVE_S1.);
#2181 = CIRCLE('',#2182,3.999999);
#2182 = AXIS2_PLACEMENT_3D('',#2183,#2184,#2185);
#2183 = CARTESIAN_POINT('',(-1.00000000014E-06,-8.999999,10.5));
#2184 = DIRECTION('',(0.,0.,1.));
#2185 = DIRECTION('',(1.,0.,-0.));
#2186 = PCURVE('',#95,#2187);
#2187 = DEFINITIONAL_REPRESENTATION('',(#2188),#2192);
#2188 = CIRCLE('',#2189,3.999999);
#2189 = AXIS2_PLACEMENT_2D('',#2190,#2191);
#2190 = CARTESIAN_POINT('',(-1.00000000014E-06,1.242781264153));
#2191 = DIRECTION('',(1.,0.));
#2192 = ( GEOMETRIC_REPRESENTATION_CONTEXT(2) 
PARAMETRIC_REPRESENTATION_CONTEXT() REPRESENTATION_CONTEXT('2D SPACE',''
  ) );
#2193 = PCURVE('',#1037,#2194);
#2194 = DEFINITIONAL_REPRESENTATION('',(#2195),#2199);
#2195 = LINE('',#2196,#2197);
#2196 = CARTESIAN_POINT('',(0.,3.5));
#2197 = VECTOR('',#2198,1.);
#2198 = DIRECTION('',(1.,0.));
#2199 = ( GEOMETRIC_REPRESENTATION_CONTEXT(2) 
PARAMETRIC_REPRESENTATION_CONTEXT() REPRESENTATION_CONTEXT('2D SPACE',''
  ) );
#2200 = ORIENTED_EDGE('',*,*,#2201,.F.);
#2201 = EDGE_CURVE('',#2202,#2178,#2204,.T.);
#2202 = VERTEX_POINT('',#2203);
#2203 = CARTESIAN_POINT('',(1.00000000014E-06,-5.,10.5));
#2204 = SURFACE_CURVE('',#2205,(#2209,#2215),.PCURVE_S1.);
#2205 = LINE('',#2206,#2207);
#2206 = CARTESIAN_POINT('',(-5.000000000699E-07,-5.,10.5));
#2207 = VECTOR('',#2208,1.);
#2208 = DIRECTION('',(-1.,-0.,0.));
#2209 = PCURVE('',#95,#2210);
#2210 = DEFINITIONAL_REPRESENTATION('',(#2211),#2214);
#2211 = B_SPLINE_CURVE_WITH_KNOTS('',1,(#2212,#2213),.UNSPECIFIED.,.F.,
  .F.,(2,2),(-1.50000000021E-06,5.000000000699E-07),
  .PIECEWISE_BEZIER_KNOTS.);
#2212 = CARTESIAN_POINT('',(1.00000000014E-06,5.242780264153));
#2213 = CARTESIAN_POINT('',(-1.00000000014E-06,5.242780264153));
#2214 = ( GEOMETRIC_REPRESENTATION_CONTEXT(2) 
PARAMETRIC_REPRESENTATION_CONTEXT() REPRESENTATION_CONTEXT('2D SPACE',''
  ) );
#2215 = PCURVE('',#1064,#2216);
#2216 = DEFINITIONAL_REPRESENTATION('',(#2217),#2220);
#2217 = B_SPLINE_CURVE_WITH_KNOTS('',1,(#2218,#2219),.UNSPECIFIED.,.F.,
  .F.,(2,2),(-1.50000000021E-06,5.000000000699E-07),
  .PIECEWISE_BEZIER_KNOTS.);
#2218 = CARTESIAN_POINT('',(3.5,2.00000000028E-06));
#2219 = CARTESIAN_POINT('',(3.5,0.));
#2220 = ( GEOMETRIC_REPRESENTATION_CONTEXT(2) 
PARAMETRIC_REPRESENTATION_CONTEXT() REPRESENTATION_CONTEXT('2D SPACE',''
  ) );
#2221 = ORIENTED_EDGE('',*,*,#2222,.F.);
#2222 = EDGE_CURVE('',#2223,#2202,#2225,.T.);
#2223 = VERTEX_POINT('',#2224);
#2224 = CARTESIAN_POINT('',(4.,-8.999999,10.5));
#2225 = SURFACE_CURVE('',#2226,(#2231,#2238),.PCURVE_S1.);
#2226 = CIRCLE('',#2227,3.999999);
#2227 = AXIS2_PLACEMENT_3D('',#2228,#2229,#2230);
#2228 = CARTESIAN_POINT('',(1.00000000014E-06,-8.999999,10.5));
#2229 = DIRECTION('',(0.,0.,1.));
#2230 = DIRECTION('',(1.,0.,-0.));
#2231 = PCURVE('',#95,#2232);
#2232 = DEFINITIONAL_REPRESENTATION('',(#2233),#2237);
#2233 = CIRCLE('',#2234,3.999999);
#2234 = AXIS2_PLACEMENT_2D('',#2235,#2236);
#2235 = CARTESIAN_POINT('',(1.00000000014E-06,1.242781264153));
#2236 = DIRECTION('',(1.,0.));
#2237 = ( GEOMETRIC_REPRESENTATION_CONTEXT(2) 
PARAMETRIC_REPRESENTATION_CONTEXT() REPRESENTATION_CONTEXT('2D SPACE',''
  ) );
#2238 = PCURVE('',#1092,#2239);
#2239 = DEFINITIONAL_REPRESENTATION('',(#2240),#2244);
#2240 = LINE('',#2241,#2242);
#2241 = CARTESIAN_POINT('',(0.,3.5));
#2242 = VECTOR('',#2243,1.);
#2243 = DIRECTION('',(1.,0.));
#2244 = ( GEOMETRIC_REPRESENTATION_CONTEXT(2) 
PARAMETRIC_REPRESENTATION_CONTEXT() REPRESENTATION_CONTEXT('2D SPACE',''
  ) );
#2245 = ORIENTED_EDGE('',*,*,#2246,.F.);
#2246 = EDGE_CURVE('',#2088,#2223,#2247,.T.);
#2247 = SURFACE_CURVE('',#2248,(#2252,#2258),.PCURVE_S1.);
#2248 = LINE('',#2249,#2250);
#2249 = CARTESIAN_POINT('',(4.,-16.62139063207,10.5));
#2250 = VECTOR('',#2251,1.);
#2251 = DIRECTION('',(-0.,1.,0.));
#2252 = PCURVE('',#95,#2253);
#2253 = DEFINITIONAL_REPRESENTATION('',(#2254),#2257);
#2254 = B_SPLINE_CURVE_WITH_KNOTS('',1,(#2255,#2256),.UNSPECIFIED.,.F.,
  .F.,(2,2),(-6.378610367923,7.621391632077),.PIECEWISE_BEZIER_KNOTS.);
#2255 = CARTESIAN_POINT('',(4.,-12.75722073584));
#2256 = CARTESIAN_POINT('',(4.,1.242781264153));
#2257 = ( GEOMETRIC_REPRESENTATION_CONTEXT(2) 
PARAMETRIC_REPRESENTATION_CONTEXT() REPRESENTATION_CONTEXT('2D SPACE',''
  ) );
#2258 = PCURVE('',#1117,#2259);
#2259 = DEFINITIONAL_REPRESENTATION('',(#2260),#2263);
#2260 = B_SPLINE_CURVE_WITH_KNOTS('',1,(#2261,#2262),.UNSPECIFIED.,.F.,
  .F.,(2,2),(-6.378610367923,7.621391632077),.PIECEWISE_BEZIER_KNOTS.);
#2261 = CARTESIAN_POINT('',(3.5,0.));
#2262 = CARTESIAN_POINT('',(3.5,-14.000002));
#2263 = ( GEOMETRIC_REPRESENTATION_CONTEXT(2) 
PARAMETRIC_REPRESENTATION_CONTEXT() REPRESENTATION_CONTEXT('2D SPACE',''
  ) );
#2264 = FACE_BOUND('',#2265,.T.);
#2265 = EDGE_LOOP('',(#2266,#2292,#2316,#2340));
#2266 = ORIENTED_EDGE('',*,*,#2267,.F.);
#2267 = EDGE_CURVE('',#2268,#2270,#2272,.T.);
#2268 = VERTEX_POINT('',#2269);
#2269 = CARTESIAN_POINT('',(-11.5,26.,10.5));
#2270 = VERTEX_POINT('',#2271);
#2271 = CARTESIAN_POINT('',(-14.41421356237,25.5,10.5));
#2272 = SURFACE_CURVE('',#2273,(#2278,#2285),.PCURVE_S1.);
#2273 = CIRCLE('',#2274,1.5);
#2274 = AXIS2_PLACEMENT_3D('',#2275,#2276,#2277);
#2275 = CARTESIAN_POINT('',(-13.,26.,10.5));
#2276 = DIRECTION('',(0.,0.,1.));
#2277 = DIRECTION('',(1.,0.,-0.));
#2278 = PCURVE('',#95,#2279);
#2279 = DEFINITIONAL_REPRESENTATION('',(#2280),#2284);
#2280 = CIRCLE('',#2281,1.5);
#2281 = AXIS2_PLACEMENT_2D('',#2282,#2283);
#2282 = CARTESIAN_POINT('',(-13.,36.242780264153));
#2283 = DIRECTION('',(1.,0.));
#2284 = ( GEOMETRIC_REPRESENTATION_CONTEXT(2) 
PARAMETRIC_REPRESENTATION_CONTEXT() REPRESENTATION_CONTEXT('2D SPACE',''
  ) );
#2285 = PCURVE('',#1149,#2286);
#2286 = DEFINITIONAL_REPRESENTATION('',(#2287),#2291);
#2287 = LINE('',#2288,#2289);
#2288 = CARTESIAN_POINT('',(0.,3.5));
#2289 = VECTOR('',#2290,1.);
#2290 = DIRECTION('',(1.,0.));
#2291 = ( GEOMETRIC_REPRESENTATION_CONTEXT(2) 
PARAMETRIC_REPRESENTATION_CONTEXT() REPRESENTATION_CONTEXT('2D SPACE',''
  ) );
#2292 = ORIENTED_EDGE('',*,*,#2293,.F.);
#2293 = EDGE_CURVE('',#2294,#2268,#2296,.T.);
#2294 = VERTEX_POINT('',#2295);
#2295 = CARTESIAN_POINT('',(-11.58578643762,25.5,10.5));
#2296 = SURFACE_CURVE('',#2297,(#2302,#2309),.PCURVE_S1.);
#2297 = CIRCLE('',#2298,1.5);
#2298 = AXIS2_PLACEMENT_3D('',#2299,#2300,#2301);
#2299 = CARTESIAN_POINT('',(-13.,26.,10.5));
#2300 = DIRECTION('',(0.,0.,1.));
#2301 = DIRECTION('',(1.,0.,-0.));
#2302 = PCURVE('',#95,#2303);
#2303 = DEFINITIONAL_REPRESENTATION('',(#2304),#2308);
#2304 = CIRCLE('',#2305,1.5);
#2305 = AXIS2_PLACEMENT_2D('',#2306,#2307);
#2306 = CARTESIAN_POINT('',(-13.,36.242780264153));
#2307 = DIRECTION('',(1.,0.));
#2308 = ( GEOMETRIC_REPRESENTATION_CONTEXT(2) 
PARAMETRIC_REPRESENTATION_CONTEXT() REPRESENTATION_CONTEXT('2D SPACE',''
  ) );
#2309 = PCURVE('',#1178,#2310);
#2310 = DEFINITIONAL_REPRESENTATION('',(#2311),#2315);
#2311 = LINE('',#2312,#2313);
#2312 = CARTESIAN_POINT('',(0.,3.5));
#2313 = VECTOR('',#2314,1.);
#2314 = DIRECTION('',(1.,0.));
#2315 = ( GEOMETRIC_REPRESENTATION_CONTEXT(2) 
PARAMETRIC_REPRESENTATION_CONTEXT() REPRESENTATION_CONTEXT('2D SPACE',''
  ) );
#2316 = ORIENTED_EDGE('',*,*,#2317,.F.);
#2317 = EDGE_CURVE('',#2318,#2294,#2320,.T.);
#2318 = VERTEX_POINT('',#2319);
#2319 = CARTESIAN_POINT('',(-11.5,25.,10.5));
#2320 = SURFACE_CURVE('',#2321,(#2326,#2333),.PCURVE_S1.);
#2321 = CIRCLE('',#2322,1.5);
#2322 = AXIS2_PLACEMENT_3D('',#2323,#2324,#2325);
#2323 = CARTESIAN_POINT('',(-13.,25.,10.5));
#2324 = DIRECTION('',(0.,0.,1.));
#2325 = DIRECTION('',(1.,0.,-0.));
#2326 = PCURVE('',#95,#2327);
#2327 = DEFINITIONAL_REPRESENTATION('',(#2328),#2332);
#2328 = CIRCLE('',#2329,1.5);
#2329 = AXIS2_PLACEMENT_2D('',#2330,#2331);
#2330 = CARTESIAN_POINT('',(-13.,35.242780264153));
#2331 = DIRECTION('',(1.,0.));
#2332 = ( GEOMETRIC_REPRESENTATION_CONTEXT(2) 
PARAMETRIC_REPRESENTATION_CONTEXT() REPRESENTATION_CONTEXT('2D SPACE',''
  ) );
#2333 = PCURVE('',#1207,#2334);
#2334 = DEFINITIONAL_REPRESENTATION('',(#2335),#2339);
#2335 = LINE('',#2336,#2337);
#2336 = CARTESIAN_POINT('',(0.,3.5));
#2337 = VECTOR('',#2338,1.);
#2338 = DIRECTION('',(1.,0.));
#2339 = ( GEOMETRIC_REPRESENTATION_CONTEXT(2) 
PARAMETRIC_REPRESENTATION_CONTEXT() REPRESENTATION_CONTEXT('2D SPACE',''
  ) );
#2340 = ORIENTED_EDGE('',*,*,#2341,.F.);
#2341 = EDGE_CURVE('',#2270,#2318,#2342,.T.);
#2342 = SURFACE_CURVE('',#2343,(#2348,#2355),.PCURVE_S1.);
#2343 = CIRCLE('',#2344,1.5);
#2344 = AXIS2_PLACEMENT_3D('',#2345,#2346,#2347);
#2345 = CARTESIAN_POINT('',(-13.,25.,10.5));
#2346 = DIRECTION('',(0.,0.,1.));
#2347 = DIRECTION('',(1.,0.,-0.));
#2348 = PCURVE('',#95,#2349);
#2349 = DEFINITIONAL_REPRESENTATION('',(#2350),#2354);
#2350 = CIRCLE('',#2351,1.5);
#2351 = AXIS2_PLACEMENT_2D('',#2352,#2353);
#2352 = CARTESIAN_POINT('',(-13.,35.242780264153));
#2353 = DIRECTION('',(1.,0.));
#2354 = ( GEOMETRIC_REPRESENTATION_CONTEXT(2) 
PARAMETRIC_REPRESENTATION_CONTEXT() REPRESENTATION_CONTEXT('2D SPACE',''
  ) );
#2355 = PCURVE('',#1234,#2356);
#2356 = DEFINITIONAL_REPRESENTATION('',(#2357),#2361);
#2357 = LINE('',#2358,#2359);
#2358 = CARTESIAN_POINT('',(0.,3.5));
#2359 = VECTOR('',#2360,1.);
#2360 = DIRECTION('',(1.,0.));
#2361 = ( GEOMETRIC_REPRESENTATION_CONTEXT(2) 
PARAMETRIC_REPRESENTATION_CONTEXT() REPRESENTATION_CONTEXT('2D SPACE',''
  ) );
#2362 = FACE_BOUND('',#2363,.T.);
#2363 = EDGE_LOOP('',(#2364,#2390,#2411,#2435,#2456,#2480,#2501,#2525));
#2364 = ORIENTED_EDGE('',*,*,#2365,.F.);
#2365 = EDGE_CURVE('',#2366,#2368,#2370,.T.);
#2366 = VERTEX_POINT('',#2367);
#2367 = CARTESIAN_POINT('',(1.00000000014E-06,5.,10.5));
#2368 = VERTEX_POINT('',#2369);
#2369 = CARTESIAN_POINT('',(4.,8.999999,10.5));
#2370 = SURFACE_CURVE('',#2371,(#2376,#2383),.PCURVE_S1.);
#2371 = CIRCLE('',#2372,3.999999);
#2372 = AXIS2_PLACEMENT_3D('',#2373,#2374,#2375);
#2373 = CARTESIAN_POINT('',(1.00000000014E-06,8.999999,10.5));
#2374 = DIRECTION('',(0.,0.,1.));
#2375 = DIRECTION('',(1.,0.,-0.));
#2376 = PCURVE('',#95,#2377);
#2377 = DEFINITIONAL_REPRESENTATION('',(#2378),#2382);
#2378 = CIRCLE('',#2379,3.999999);
#2379 = AXIS2_PLACEMENT_2D('',#2380,#2381);
#2380 = CARTESIAN_POINT('',(1.00000000014E-06,19.242779264153));
#2381 = DIRECTION('',(1.,0.));
#2382 = ( GEOMETRIC_REPRESENTATION_CONTEXT(2) 
PARAMETRIC_REPRESENTATION_CONTEXT() REPRESENTATION_CONTEXT('2D SPACE',''
  ) );
#2383 = PCURVE('',#1267,#2384);
#2384 = DEFINITIONAL_REPRESENTATION('',(#2385),#2389);
#2385 = LINE('',#2386,#2387);
#2386 = CARTESIAN_POINT('',(0.,3.5));
#2387 = VECTOR('',#2388,1.);
#2388 = DIRECTION('',(1.,0.));
#2389 = ( GEOMETRIC_REPRESENTATION_CONTEXT(2) 
PARAMETRIC_REPRESENTATION_CONTEXT() REPRESENTATION_CONTEXT('2D SPACE',''
  ) );
#2390 = ORIENTED_EDGE('',*,*,#2391,.T.);
#2391 = EDGE_CURVE('',#2366,#2392,#2394,.T.);
#2392 = VERTEX_POINT('',#2393);
#2393 = CARTESIAN_POINT('',(-1.00000000014E-06,5.,10.5));
#2394 = SURFACE_CURVE('',#2395,(#2399,#2405),.PCURVE_S1.);
#2395 = LINE('',#2396,#2397);
#2396 = CARTESIAN_POINT('',(-5.000000000699E-07,5.,10.5));
#2397 = VECTOR('',#2398,1.);
#2398 = DIRECTION('',(-1.,-0.,0.));
#2399 = PCURVE('',#95,#2400);
#2400 = DEFINITIONAL_REPRESENTATION('',(#2401),#2404);
#2401 = B_SPLINE_CURVE_WITH_KNOTS('',1,(#2402,#2403),.UNSPECIFIED.,.F.,
  .F.,(2,2),(-1.50000000021E-06,5.000000000699E-07),
  .PIECEWISE_BEZIER_KNOTS.);
#2402 = CARTESIAN_POINT('',(1.00000000014E-06,15.242780264153));
#2403 = CARTESIAN_POINT('',(-1.00000000014E-06,15.242780264153));
#2404 = ( GEOMETRIC_REPRESENTATION_CONTEXT(2) 
PARAMETRIC_REPRESENTATION_CONTEXT() REPRESENTATION_CONTEXT('2D SPACE',''
  ) );
#2405 = PCURVE('',#1294,#2406);
#2406 = DEFINITIONAL_REPRESENTATION('',(#2407),#2410);
#2407 = B_SPLINE_CURVE_WITH_KNOTS('',1,(#2408,#2409),.UNSPECIFIED.,.F.,
  .F.,(2,2),(-1.50000000021E-06,5.000000000699E-07),
  .PIECEWISE_BEZIER_KNOTS.);
#2408 = CARTESIAN_POINT('',(3.5,2.00000000028E-06));
#2409 = CARTESIAN_POINT('',(3.5,0.));
#2410 = ( GEOMETRIC_REPRESENTATION_CONTEXT(2) 
PARAMETRIC_REPRESENTATION_CONTEXT() REPRESENTATION_CONTEXT('2D SPACE',''
  ) );
#2411 = ORIENTED_EDGE('',*,*,#2412,.F.);
#2412 = EDGE_CURVE('',#2413,#2392,#2415,.T.);
#2413 = VERTEX_POINT('',#2414);
#2414 = CARTESIAN_POINT('',(-4.,8.999999,10.5));
#2415 = SURFACE_CURVE('',#2416,(#2421,#2428),.PCURVE_S1.);
#2416 = CIRCLE('',#2417,3.999999);
#2417 = AXIS2_PLACEMENT_3D('',#2418,#2419,#2420);
#2418 = CARTESIAN_POINT('',(-1.00000000014E-06,8.999999,10.5));
#2419 = DIRECTION('',(0.,0.,1.));
#2420 = DIRECTION('',(1.,0.,-0.));
#2421 = PCURVE('',#95,#2422);
#2422 = DEFINITIONAL_REPRESENTATION('',(#2423),#2427);
#2423 = CIRCLE('',#2424,3.999999);
#2424 = AXIS2_PLACEMENT_2D('',#2425,#2426);
#2425 = CARTESIAN_POINT('',(-1.00000000014E-06,19.242779264153));
#2426 = DIRECTION('',(1.,0.));
#2427 = ( GEOMETRIC_REPRESENTATION_CONTEXT(2) 
PARAMETRIC_REPRESENTATION_CONTEXT() REPRESENTATION_CONTEXT('2D SPACE',''
  ) );
#2428 = PCURVE('',#1322,#2429);
#2429 = DEFINITIONAL_REPRESENTATION('',(#2430),#2434);
#2430 = LINE('',#2431,#2432);
#2431 = CARTESIAN_POINT('',(0.,3.5));
#2432 = VECTOR('',#2433,1.);
#2433 = DIRECTION('',(1.,0.));
#2434 = ( GEOMETRIC_REPRESENTATION_CONTEXT(2) 
PARAMETRIC_REPRESENTATION_CONTEXT() REPRESENTATION_CONTEXT('2D SPACE',''
  ) );
#2435 = ORIENTED_EDGE('',*,*,#2436,.T.);
#2436 = EDGE_CURVE('',#2413,#2437,#2439,.T.);
#2437 = VERTEX_POINT('',#2438);
#2438 = CARTESIAN_POINT('',(-4.,23.000001,10.5));
#2439 = SURFACE_CURVE('',#2440,(#2444,#2450),.PCURVE_S1.);
#2440 = LINE('',#2441,#2442);
#2441 = CARTESIAN_POINT('',(-4.,-0.621390632077,10.5));
#2442 = VECTOR('',#2443,1.);
#2443 = DIRECTION('',(-0.,1.,0.));
#2444 = PCURVE('',#95,#2445);
#2445 = DEFINITIONAL_REPRESENTATION('',(#2446),#2449);
#2446 = B_SPLINE_CURVE_WITH_KNOTS('',1,(#2447,#2448),.UNSPECIFIED.,.F.,
  .F.,(2,2),(9.621389632077,23.621391632077),.PIECEWISE_BEZIER_KNOTS.);
#2447 = CARTESIAN_POINT('',(-4.,19.242779264153));
#2448 = CARTESIAN_POINT('',(-4.,33.242781264153));
#2449 = ( GEOMETRIC_REPRESENTATION_CONTEXT(2) 
PARAMETRIC_REPRESENTATION_CONTEXT() REPRESENTATION_CONTEXT('2D SPACE',''
  ) );
#2450 = PCURVE('',#1349,#2451);
#2451 = DEFINITIONAL_REPRESENTATION('',(#2452),#2455);
#2452 = B_SPLINE_CURVE_WITH_KNOTS('',1,(#2453,#2454),.UNSPECIFIED.,.F.,
  .F.,(2,2),(9.621389632077,23.621391632077),.PIECEWISE_BEZIER_KNOTS.);
#2453 = CARTESIAN_POINT('',(3.5,0.));
#2454 = CARTESIAN_POINT('',(3.5,-14.000002));
#2455 = ( GEOMETRIC_REPRESENTATION_CONTEXT(2) 
PARAMETRIC_REPRESENTATION_CONTEXT() REPRESENTATION_CONTEXT('2D SPACE',''
  ) );
#2456 = ORIENTED_EDGE('',*,*,#2457,.F.);
#2457 = EDGE_CURVE('',#2458,#2437,#2460,.T.);
#2458 = VERTEX_POINT('',#2459);
#2459 = CARTESIAN_POINT('',(-1.00000000014E-06,27.,10.5));
#2460 = SURFACE_CURVE('',#2461,(#2466,#2473),.PCURVE_S1.);
#2461 = CIRCLE('',#2462,3.999999);
#2462 = AXIS2_PLACEMENT_3D('',#2463,#2464,#2465);
#2463 = CARTESIAN_POINT('',(-1.00000000014E-06,23.000001,10.5));
#2464 = DIRECTION('',(0.,0.,1.));
#2465 = DIRECTION('',(1.,0.,-0.));
#2466 = PCURVE('',#95,#2467);
#2467 = DEFINITIONAL_REPRESENTATION('',(#2468),#2472);
#2468 = CIRCLE('',#2469,3.999999);
#2469 = AXIS2_PLACEMENT_2D('',#2470,#2471);
#2470 = CARTESIAN_POINT('',(-1.00000000014E-06,33.242781264153));
#2471 = DIRECTION('',(1.,0.));
#2472 = ( GEOMETRIC_REPRESENTATION_CONTEXT(2) 
PARAMETRIC_REPRESENTATION_CONTEXT() REPRESENTATION_CONTEXT('2D SPACE',''
  ) );
#2473 = PCURVE('',#1377,#2474);
#2474 = DEFINITIONAL_REPRESENTATION('',(#2475),#2479);
#2475 = LINE('',#2476,#2477);
#2476 = CARTESIAN_POINT('',(0.,3.5));
#2477 = VECTOR('',#2478,1.);
#2478 = DIRECTION('',(1.,0.));
#2479 = ( GEOMETRIC_REPRESENTATION_CONTEXT(2) 
PARAMETRIC_REPRESENTATION_CONTEXT() REPRESENTATION_CONTEXT('2D SPACE',''
  ) );
#2480 = ORIENTED_EDGE('',*,*,#2481,.F.);
#2481 = EDGE_CURVE('',#2482,#2458,#2484,.T.);
#2482 = VERTEX_POINT('',#2483);
#2483 = CARTESIAN_POINT('',(1.00000000014E-06,27.,10.5));
#2484 = SURFACE_CURVE('',#2485,(#2489,#2495),.PCURVE_S1.);
#2485 = LINE('',#2486,#2487);
#2486 = CARTESIAN_POINT('',(-5.000000000699E-07,27.,10.5));
#2487 = VECTOR('',#2488,1.);
#2488 = DIRECTION('',(-1.,-0.,0.));
#2489 = PCURVE('',#95,#2490);
#2490 = DEFINITIONAL_REPRESENTATION('',(#2491),#2494);
#2491 = B_SPLINE_CURVE_WITH_KNOTS('',1,(#2492,#2493),.UNSPECIFIED.,.F.,
  .F.,(2,2),(-1.50000000021E-06,5.000000000699E-07),
  .PIECEWISE_BEZIER_KNOTS.);
#2492 = CARTESIAN_POINT('',(1.00000000014E-06,37.242780264153));
#2493 = CARTESIAN_POINT('',(-1.00000000014E-06,37.242780264153));
#2494 = ( GEOMETRIC_REPRESENTATION_CONTEXT(2) 
PARAMETRIC_REPRESENTATION_CONTEXT() REPRESENTATION_CONTEXT('2D SPACE',''
  ) );
#2495 = PCURVE('',#1404,#2496);
#2496 = DEFINITIONAL_REPRESENTATION('',(#2497),#2500);
#2497 = B_SPLINE_CURVE_WITH_KNOTS('',1,(#2498,#2499),.UNSPECIFIED.,.F.,
  .F.,(2,2),(-1.50000000021E-06,5.000000000699E-07),
  .PIECEWISE_BEZIER_KNOTS.);
#2498 = CARTESIAN_POINT('',(3.5,2.00000000028E-06));
#2499 = CARTESIAN_POINT('',(3.5,0.));
#2500 = ( GEOMETRIC_REPRESENTATION_CONTEXT(2) 
PARAMETRIC_REPRESENTATION_CONTEXT() REPRESENTATION_CONTEXT('2D SPACE',''
  ) );
#2501 = ORIENTED_EDGE('',*,*,#2502,.F.);
#2502 = EDGE_CURVE('',#2503,#2482,#2505,.T.);
#2503 = VERTEX_POINT('',#2504);
#2504 = CARTESIAN_POINT('',(4.,23.000001,10.5));
#2505 = SURFACE_CURVE('',#2506,(#2511,#2518),.PCURVE_S1.);
#2506 = CIRCLE('',#2507,3.999999);
#2507 = AXIS2_PLACEMENT_3D('',#2508,#2509,#2510);
#2508 = CARTESIAN_POINT('',(1.00000000014E-06,23.000001,10.5));
#2509 = DIRECTION('',(0.,0.,1.));
#2510 = DIRECTION('',(1.,0.,-0.));
#2511 = PCURVE('',#95,#2512);
#2512 = DEFINITIONAL_REPRESENTATION('',(#2513),#2517);
#2513 = CIRCLE('',#2514,3.999999);
#2514 = AXIS2_PLACEMENT_2D('',#2515,#2516);
#2515 = CARTESIAN_POINT('',(1.00000000014E-06,33.242781264153));
#2516 = DIRECTION('',(1.,0.));
#2517 = ( GEOMETRIC_REPRESENTATION_CONTEXT(2) 
PARAMETRIC_REPRESENTATION_CONTEXT() REPRESENTATION_CONTEXT('2D SPACE',''
  ) );
#2518 = PCURVE('',#1432,#2519);
#2519 = DEFINITIONAL_REPRESENTATION('',(#2520),#2524);
#2520 = LINE('',#2521,#2522);
#2521 = CARTESIAN_POINT('',(0.,3.5));
#2522 = VECTOR('',#2523,1.);
#2523 = DIRECTION('',(1.,0.));
#2524 = ( GEOMETRIC_REPRESENTATION_CONTEXT(2) 
PARAMETRIC_REPRESENTATION_CONTEXT() REPRESENTATION_CONTEXT('2D SPACE',''
  ) );
#2525 = ORIENTED_EDGE('',*,*,#2526,.F.);
#2526 = EDGE_CURVE('',#2368,#2503,#2527,.T.);
#2527 = SURFACE_CURVE('',#2528,(#2532,#2538),.PCURVE_S1.);
#2528 = LINE('',#2529,#2530);
#2529 = CARTESIAN_POINT('',(4.,-0.621390632077,10.5));
#2530 = VECTOR('',#2531,1.);
#2531 = DIRECTION('',(-0.,1.,0.));
#2532 = PCURVE('',#95,#2533);
#2533 = DEFINITIONAL_REPRESENTATION('',(#2534),#2537);
#2534 = B_SPLINE_CURVE_WITH_KNOTS('',1,(#2535,#2536),.UNSPECIFIED.,.F.,
  .F.,(2,2),(9.621389632077,23.621391632077),.PIECEWISE_BEZIER_KNOTS.);
#2535 = CARTESIAN_POINT('',(4.,19.242779264153));
#2536 = CARTESIAN_POINT('',(4.,33.242781264153));
#2537 = ( GEOMETRIC_REPRESENTATION_CONTEXT(2) 
PARAMETRIC_REPRESENTATION_CONTEXT() REPRESENTATION_CONTEXT('2D SPACE',''
  ) );
#2538 = PCURVE('',#1457,#2539);
#2539 = DEFINITIONAL_REPRESENTATION('',(#2540),#2543);
#2540 = B_SPLINE_CURVE_WITH_KNOTS('',1,(#2541,#2542),.UNSPECIFIED.,.F.,
  .F.,(2,2),(9.621389632077,23.621391632077),.PIECEWISE_BEZIER_KNOTS.);
#2541 = CARTESIAN_POINT('',(3.5,0.));
#2542 = CARTESIAN_POINT('',(3.5,-14.000002));
#2543 = ( GEOMETRIC_REPRESENTATION_CONTEXT(2) 
PARAMETRIC_REPRESENTATION_CONTEXT() REPRESENTATION_CONTEXT('2D SPACE',''
  ) );
#2544 = FACE_BOUND('',#2545,.T.);
#2545 = EDGE_LOOP('',(#2546,#2572,#2596,#2620));
#2546 = ORIENTED_EDGE('',*,*,#2547,.F.);
#2547 = EDGE_CURVE('',#2548,#2550,#2552,.T.);
#2548 = VERTEX_POINT('',#2549);
#2549 = CARTESIAN_POINT('',(14.5,26.,10.5));
#2550 = VERTEX_POINT('',#2551);
#2551 = CARTESIAN_POINT('',(11.585786437627,25.5,10.5));
#2552 = SURFACE_CURVE('',#2553,(#2558,#2565),.PCURVE_S1.);
#2553 = CIRCLE('',#2554,1.5);
#2554 = AXIS2_PLACEMENT_3D('',#2555,#2556,#2557);
#2555 = CARTESIAN_POINT('',(13.,26.,10.5));
#2556 = DIRECTION('',(0.,0.,1.));
#2557 = DIRECTION('',(1.,0.,-0.));
#2558 = PCURVE('',#95,#2559);
#2559 = DEFINITIONAL_REPRESENTATION('',(#2560),#2564);
#2560 = CIRCLE('',#2561,1.5);
#2561 = AXIS2_PLACEMENT_2D('',#2562,#2563);
#2562 = CARTESIAN_POINT('',(13.,36.242780264153));
#2563 = DIRECTION('',(1.,0.));
#2564 = ( GEOMETRIC_REPRESENTATION_CONTEXT(2) 
PARAMETRIC_REPRESENTATION_CONTEXT() REPRESENTATION_CONTEXT('2D SPACE',''
  ) );
#2565 = PCURVE('',#1489,#2566);
#2566 = DEFINITIONAL_REPRESENTATION('',(#2567),#2571);
#2567 = LINE('',#2568,#2569);
#2568 = CARTESIAN_POINT('',(0.,3.5));
#2569 = VECTOR('',#2570,1.);
#2570 = DIRECTION('',(1.,0.));
#2571 = ( GEOMETRIC_REPRESENTATION_CONTEXT(2) 
PARAMETRIC_REPRESENTATION_CONTEXT() REPRESENTATION_CONTEXT('2D SPACE',''
  ) );
#2572 = ORIENTED_EDGE('',*,*,#2573,.F.);
#2573 = EDGE_CURVE('',#2574,#2548,#2576,.T.);
#2574 = VERTEX_POINT('',#2575);
#2575 = CARTESIAN_POINT('',(14.414213562373,25.5,10.5));
#2576 = SURFACE_CURVE('',#2577,(#2582,#2589),.PCURVE_S1.);
#2577 = CIRCLE('',#2578,1.5);
#2578 = AXIS2_PLACEMENT_3D('',#2579,#2580,#2581);
#2579 = CARTESIAN_POINT('',(13.,26.,10.5));
#2580 = DIRECTION('',(0.,0.,1.));
#2581 = DIRECTION('',(1.,0.,-0.));
#2582 = PCURVE('',#95,#2583);
#2583 = DEFINITIONAL_REPRESENTATION('',(#2584),#2588);
#2584 = CIRCLE('',#2585,1.5);
#2585 = AXIS2_PLACEMENT_2D('',#2586,#2587);
#2586 = CARTESIAN_POINT('',(13.,36.242780264153));
#2587 = DIRECTION('',(1.,0.));
#2588 = ( GEOMETRIC_REPRESENTATION_CONTEXT(2) 
PARAMETRIC_REPRESENTATION_CONTEXT() REPRESENTATION_CONTEXT('2D SPACE',''
  ) );
#2589 = PCURVE('',#1518,#2590);
#2590 = DEFINITIONAL_REPRESENTATION('',(#2591),#2595);
#2591 = LINE('',#2592,#2593);
#2592 = CARTESIAN_POINT('',(0.,3.5));
#2593 = VECTOR('',#2594,1.);
#2594 = DIRECTION('',(1.,0.));
#2595 = ( GEOMETRIC_REPRESENTATION_CONTEXT(2) 
PARAMETRIC_REPRESENTATION_CONTEXT() REPRESENTATION_CONTEXT('2D SPACE',''
  ) );
#2596 = ORIENTED_EDGE('',*,*,#2597,.F.);
#2597 = EDGE_CURVE('',#2598,#2574,#2600,.T.);
#2598 = VERTEX_POINT('',#2599);
#2599 = CARTESIAN_POINT('',(14.5,25.,10.5));
#2600 = SURFACE_CURVE('',#2601,(#2606,#2613),.PCURVE_S1.);
#2601 = CIRCLE('',#2602,1.5);
#2602 = AXIS2_PLACEMENT_3D('',#2603,#2604,#2605);
#2603 = CARTESIAN_POINT('',(13.,25.,10.5));
#2604 = DIRECTION('',(0.,0.,1.));
#2605 = DIRECTION('',(1.,0.,-0.));
#2606 = PCURVE('',#95,#2607);
#2607 = DEFINITIONAL_REPRESENTATION('',(#2608),#2612);
#2608 = CIRCLE('',#2609,1.5);
#2609 = AXIS2_PLACEMENT_2D('',#2610,#2611);
#2610 = CARTESIAN_POINT('',(13.,35.242780264153));
#2611 = DIRECTION('',(1.,0.));
#2612 = ( GEOMETRIC_REPRESENTATION_CONTEXT(2) 
PARAMETRIC_REPRESENTATION_CONTEXT() REPRESENTATION_CONTEXT('2D SPACE',''
  ) );
#2613 = PCURVE('',#1547,#2614);
#2614 = DEFINITIONAL_REPRESENTATION('',(#2615),#2619);
#2615 = LINE('',#2616,#2617);
#2616 = CARTESIAN_POINT('',(0.,3.5));
#2617 = VECTOR('',#2618,1.);
#2618 = DIRECTION('',(1.,0.));
#2619 = ( GEOMETRIC_REPRESENTATION_CONTEXT(2) 
PARAMETRIC_REPRESENTATION_CONTEXT() REPRESENTATION_CONTEXT('2D SPACE',''
  ) );
#2620 = ORIENTED_EDGE('',*,*,#2621,.F.);
#2621 = EDGE_CURVE('',#2550,#2598,#2622,.T.);
#2622 = SURFACE_CURVE('',#2623,(#2628,#2635),.PCURVE_S1.);
#2623 = CIRCLE('',#2624,1.5);
#2624 = AXIS2_PLACEMENT_3D('',#2625,#2626,#2627);
#2625 = CARTESIAN_POINT('',(13.,25.,10.5));
#2626 = DIRECTION('',(0.,0.,1.));
#2627 = DIRECTION('',(1.,0.,-0.));
#2628 = PCURVE('',#95,#2629);
#2629 = DEFINITIONAL_REPRESENTATION('',(#2630),#2634);
#2630 = CIRCLE('',#2631,1.5);
#2631 = AXIS2_PLACEMENT_2D('',#2632,#2633);
#2632 = CARTESIAN_POINT('',(13.,35.242780264153));
#2633 = DIRECTION('',(1.,0.));
#2634 = ( GEOMETRIC_REPRESENTATION_CONTEXT(2) 
PARAMETRIC_REPRESENTATION_CONTEXT() REPRESENTATION_CONTEXT('2D SPACE',''
  ) );
#2635 = PCURVE('',#1574,#2636);
#2636 = DEFINITIONAL_REPRESENTATION('',(#2637),#2641);
#2637 = LINE('',#2638,#2639);
#2638 = CARTESIAN_POINT('',(0.,3.5));
#2639 = VECTOR('',#2640,1.);
#2640 = DIRECTION('',(1.,0.));
#2641 = ( GEOMETRIC_REPRESENTATION_CONTEXT(2) 
PARAMETRIC_REPRESENTATION_CONTEXT() REPRESENTATION_CONTEXT('2D SPACE',''
  ) );
#2642 = ADVANCED_FACE('',(#2643),#183,.T.);
#2643 = FACE_BOUND('',#2644,.F.);
#2644 = EDGE_LOOP('',(#2645,#2666,#2667,#2668));
#2645 = ORIENTED_EDGE('',*,*,#2646,.T.);
#2646 = EDGE_CURVE('',#572,#1804,#2647,.T.);
#2647 = SURFACE_CURVE('',#2648,(#2652,#2659),.PCURVE_S1.);
#2648 = LINE('',#2649,#2650);
#2649 = CARTESIAN_POINT('',(14.10940039245,-48.5937330717,8.));
#2650 = VECTOR('',#2651,1.);
#2651 = DIRECTION('',(0.,0.,1.));
#2652 = PCURVE('',#183,#2653);
#2653 = DEFINITIONAL_REPRESENTATION('',(#2654),#2658);
#2654 = LINE('',#2655,#2656);
#2655 = CARTESIAN_POINT('',(-2.158798930342,0.));
#2656 = VECTOR('',#2657,1.);
#2657 = DIRECTION('',(-0.,-1.));
#2658 = ( GEOMETRIC_REPRESENTATION_CONTEXT(2) 
PARAMETRIC_REPRESENTATION_CONTEXT() REPRESENTATION_CONTEXT('2D SPACE',''
  ) );
#2659 = PCURVE('',#587,#2660);
#2660 = DEFINITIONAL_REPRESENTATION('',(#2661),#2665);
#2661 = LINE('',#2662,#2663);
#2662 = CARTESIAN_POINT('',(15.624055527011,0.));
#2663 = VECTOR('',#2664,1.);
#2664 = DIRECTION('',(0.,-1.));
#2665 = ( GEOMETRIC_REPRESENTATION_CONTEXT(2) 
PARAMETRIC_REPRESENTATION_CONTEXT() REPRESENTATION_CONTEXT('2D SPACE',''
  ) );
#2666 = ORIENTED_EDGE('',*,*,#1826,.T.);
#2667 = ORIENTED_EDGE('',*,*,#165,.F.);
#2668 = ORIENTED_EDGE('',*,*,#599,.F.);
#2669 = ADVANCED_FACE('',(#2670),#281,.T.);
#2670 = FACE_BOUND('',#2671,.F.);
#2671 = EDGE_LOOP('',(#2672,#2673,#2674,#2695));
#2672 = ORIENTED_EDGE('',*,*,#265,.T.);
#2673 = ORIENTED_EDGE('',*,*,#1591,.T.);
#2674 = ORIENTED_EDGE('',*,*,#2675,.F.);
#2675 = EDGE_CURVE('',#320,#1592,#2676,.T.);
#2676 = SURFACE_CURVE('',#2677,(#2681,#2688),.PCURVE_S1.);
#2677 = LINE('',#2678,#2679);
#2678 = CARTESIAN_POINT('',(8.891504716986,34.,8.));
#2679 = VECTOR('',#2680,1.);
#2680 = DIRECTION('',(0.,0.,1.));
#2681 = PCURVE('',#281,#2682);
#2682 = DEFINITIONAL_REPRESENTATION('',(#2683),#2687);
#2683 = LINE('',#2684,#2685);
#2684 = CARTESIAN_POINT('',(-4.712388980385,0.));
#2685 = VECTOR('',#2686,1.);
#2686 = DIRECTION('',(-0.,-1.));
#2687 = ( GEOMETRIC_REPRESENTATION_CONTEXT(2) 
PARAMETRIC_REPRESENTATION_CONTEXT() REPRESENTATION_CONTEXT('2D SPACE',''
  ) );
#2688 = PCURVE('',#359,#2689);
#2689 = DEFINITIONAL_REPRESENTATION('',(#2690),#2694);
#2690 = LINE('',#2691,#2692);
#2691 = CARTESIAN_POINT('',(0.,-0.));
#2692 = VECTOR('',#2693,1.);
#2693 = DIRECTION('',(0.,-1.));
#2694 = ( GEOMETRIC_REPRESENTATION_CONTEXT(2) 
PARAMETRIC_REPRESENTATION_CONTEXT() REPRESENTATION_CONTEXT('2D SPACE',''
  ) );
#2695 = ORIENTED_EDGE('',*,*,#319,.F.);
#2696 = ADVANCED_FACE('',(#2697),#587,.F.);
#2697 = FACE_BOUND('',#2698,.F.);
#2698 = EDGE_LOOP('',(#2699,#2720,#2721,#2722));
#2699 = ORIENTED_EDGE('',*,*,#2700,.T.);
#2700 = EDGE_CURVE('',#543,#1780,#2701,.T.);
#2701 = SURFACE_CURVE('',#2702,(#2706,#2713),.PCURVE_S1.);
#2702 = LINE('',#2703,#2704);
#2703 = CARTESIAN_POINT('',(1.10940039245,-57.26039973836,8.));
#2704 = VECTOR('',#2705,1.);
#2705 = DIRECTION('',(0.,0.,1.));
#2706 = PCURVE('',#587,#2707);
#2707 = DEFINITIONAL_REPRESENTATION('',(#2708),#2712);
#2708 = LINE('',#2709,#2710);
#2709 = CARTESIAN_POINT('',(0.,0.));
#2710 = VECTOR('',#2711,1.);
#2711 = DIRECTION('',(0.,-1.));
#2712 = ( GEOMETRIC_REPRESENTATION_CONTEXT(2) 
PARAMETRIC_REPRESENTATION_CONTEXT() REPRESENTATION_CONTEXT('2D SPACE',''
  ) );
#2713 = PCURVE('',#559,#2714);
#2714 = DEFINITIONAL_REPRESENTATION('',(#2715),#2719);
#2715 = LINE('',#2716,#2717);
#2716 = CARTESIAN_POINT('',(-2.158798930342,0.));
#2717 = VECTOR('',#2718,1.);
#2718 = DIRECTION('',(-0.,-1.));
#2719 = ( GEOMETRIC_REPRESENTATION_CONTEXT(2) 
PARAMETRIC_REPRESENTATION_CONTEXT() REPRESENTATION_CONTEXT('2D SPACE',''
  ) );
#2720 = ORIENTED_EDGE('',*,*,#1803,.T.);
#2721 = ORIENTED_EDGE('',*,*,#2646,.F.);
#2722 = ORIENTED_EDGE('',*,*,#571,.F.);
#2723 = ADVANCED_FACE('',(#2724),#359,.F.);
#2724 = FACE_BOUND('',#2725,.F.);
#2725 = EDGE_LOOP('',(#2726,#2727,#2728,#2749));
#2726 = ORIENTED_EDGE('',*,*,#2675,.T.);
#2727 = ORIENTED_EDGE('',*,*,#1615,.T.);
#2728 = ORIENTED_EDGE('',*,*,#2729,.F.);
#2729 = EDGE_CURVE('',#344,#1616,#2730,.T.);
#2730 = SURFACE_CURVE('',#2731,(#2735,#2742),.PCURVE_S1.);
#2731 = LINE('',#2732,#2733);
#2732 = CARTESIAN_POINT('',(-8.891504716986,34.,8.));
#2733 = VECTOR('',#2734,1.);
#2734 = DIRECTION('',(0.,0.,1.));
#2735 = PCURVE('',#359,#2736);
#2736 = DEFINITIONAL_REPRESENTATION('',(#2737),#2741);
#2737 = LINE('',#2738,#2739);
#2738 = CARTESIAN_POINT('',(17.783009433972,0.));
#2739 = VECTOR('',#2740,1.);
#2740 = DIRECTION('',(0.,-1.));
#2741 = ( GEOMETRIC_REPRESENTATION_CONTEXT(2) 
PARAMETRIC_REPRESENTATION_CONTEXT() REPRESENTATION_CONTEXT('2D SPACE',''
  ) );
#2742 = PCURVE('',#388,#2743);
#2743 = DEFINITIONAL_REPRESENTATION('',(#2744),#2748);
#2744 = LINE('',#2745,#2746);
#2745 = CARTESIAN_POINT('',(-4.712388980385,0.));
#2746 = VECTOR('',#2747,1.);
#2747 = DIRECTION('',(-0.,-1.));
#2748 = ( GEOMETRIC_REPRESENTATION_CONTEXT(2) 
PARAMETRIC_REPRESENTATION_CONTEXT() REPRESENTATION_CONTEXT('2D SPACE',''
  ) );
#2749 = ORIENTED_EDGE('',*,*,#343,.F.);
#2750 = ADVANCED_FACE('',(#2751),#559,.T.);
#2751 = FACE_BOUND('',#2752,.F.);
#2752 = EDGE_LOOP('',(#2753,#2774,#2775,#2776));
#2753 = ORIENTED_EDGE('',*,*,#2754,.T.);
#2754 = EDGE_CURVE('',#515,#1757,#2755,.T.);
#2755 = SURFACE_CURVE('',#2756,(#2760,#2767),.PCURVE_S1.);
#2756 = LINE('',#2757,#2758);
#2757 = CARTESIAN_POINT('',(-1.10940039245,-57.26039973836,8.));
#2758 = VECTOR('',#2759,1.);
#2759 = DIRECTION('',(0.,0.,1.));
#2760 = PCURVE('',#559,#2761);
#2761 = DEFINITIONAL_REPRESENTATION('',(#2762),#2766);
#2762 = LINE('',#2763,#2764);
#2763 = CARTESIAN_POINT('',(-0.982793723247,0.));
#2764 = VECTOR('',#2765,1.);
#2765 = DIRECTION('',(-0.,-1.));
#2766 = ( GEOMETRIC_REPRESENTATION_CONTEXT(2) 
PARAMETRIC_REPRESENTATION_CONTEXT() REPRESENTATION_CONTEXT('2D SPACE',''
  ) );
#2767 = PCURVE('',#530,#2768);
#2768 = DEFINITIONAL_REPRESENTATION('',(#2769),#2773);
#2769 = LINE('',#2770,#2771);
#2770 = CARTESIAN_POINT('',(15.624055527011,0.));
#2771 = VECTOR('',#2772,1.);
#2772 = DIRECTION('',(0.,-1.));
#2773 = ( GEOMETRIC_REPRESENTATION_CONTEXT(2) 
PARAMETRIC_REPRESENTATION_CONTEXT() REPRESENTATION_CONTEXT('2D SPACE',''
  ) );
#2774 = ORIENTED_EDGE('',*,*,#1779,.T.);
#2775 = ORIENTED_EDGE('',*,*,#2700,.F.);
#2776 = ORIENTED_EDGE('',*,*,#542,.F.);
#2777 = ADVANCED_FACE('',(#2778),#388,.T.);
#2778 = FACE_BOUND('',#2779,.F.);
#2779 = EDGE_LOOP('',(#2780,#2781,#2782,#2803));
#2780 = ORIENTED_EDGE('',*,*,#2729,.T.);
#2781 = ORIENTED_EDGE('',*,*,#1638,.T.);
#2782 = ORIENTED_EDGE('',*,*,#2783,.F.);
#2783 = EDGE_CURVE('',#372,#1639,#2784,.T.);
#2784 = SURFACE_CURVE('',#2785,(#2789,#2796),.PCURVE_S1.);
#2785 = LINE('',#2786,#2787);
#2786 = CARTESIAN_POINT('',(-10.58750132499,33.059997880006,8.));
#2787 = VECTOR('',#2788,1.);
#2788 = DIRECTION('',(0.,0.,1.));
#2789 = PCURVE('',#388,#2790);
#2790 = DEFINITIONAL_REPRESENTATION('',(#2791),#2795);
#2791 = LINE('',#2792,#2793);
#2792 = CARTESIAN_POINT('',(-5.724585991836,0.));
#2793 = VECTOR('',#2794,1.);
#2794 = DIRECTION('',(-0.,-1.));
#2795 = ( GEOMETRIC_REPRESENTATION_CONTEXT(2) 
PARAMETRIC_REPRESENTATION_CONTEXT() REPRESENTATION_CONTEXT('2D SPACE',''
  ) );
#2796 = PCURVE('',#416,#2797);
#2797 = DEFINITIONAL_REPRESENTATION('',(#2798),#2802);
#2798 = LINE('',#2799,#2800);
#2799 = CARTESIAN_POINT('',(0.,0.));
#2800 = VECTOR('',#2801,1.);
#2801 = DIRECTION('',(0.,-1.));
#2802 = ( GEOMETRIC_REPRESENTATION_CONTEXT(2) 
PARAMETRIC_REPRESENTATION_CONTEXT() REPRESENTATION_CONTEXT('2D SPACE',''
  ) );
#2803 = ORIENTED_EDGE('',*,*,#371,.F.);
#2804 = ADVANCED_FACE('',(#2805),#530,.F.);
#2805 = FACE_BOUND('',#2806,.F.);
#2806 = EDGE_LOOP('',(#2807,#2828,#2829,#2830));
#2807 = ORIENTED_EDGE('',*,*,#2808,.T.);
#2808 = EDGE_CURVE('',#486,#1733,#2809,.T.);
#2809 = SURFACE_CURVE('',#2810,(#2814,#2821),.PCURVE_S1.);
#2810 = LINE('',#2811,#2812);
#2811 = CARTESIAN_POINT('',(-14.10940039245,-48.5937330717,8.));
#2812 = VECTOR('',#2813,1.);
#2813 = DIRECTION('',(0.,0.,1.));
#2814 = PCURVE('',#530,#2815);
#2815 = DEFINITIONAL_REPRESENTATION('',(#2816),#2820);
#2816 = LINE('',#2817,#2818);
#2817 = CARTESIAN_POINT('',(0.,0.));
#2818 = VECTOR('',#2819,1.);
#2819 = DIRECTION('',(0.,-1.));
#2820 = ( GEOMETRIC_REPRESENTATION_CONTEXT(2) 
PARAMETRIC_REPRESENTATION_CONTEXT() REPRESENTATION_CONTEXT('2D SPACE',''
  ) );
#2821 = PCURVE('',#502,#2822);
#2822 = DEFINITIONAL_REPRESENTATION('',(#2823),#2827);
#2823 = LINE('',#2824,#2825);
#2824 = CARTESIAN_POINT('',(-0.982793723247,0.));
#2825 = VECTOR('',#2826,1.);
#2826 = DIRECTION('',(-0.,-1.));
#2827 = ( GEOMETRIC_REPRESENTATION_CONTEXT(2) 
PARAMETRIC_REPRESENTATION_CONTEXT() REPRESENTATION_CONTEXT('2D SPACE',''
  ) );
#2828 = ORIENTED_EDGE('',*,*,#1756,.T.);
#2829 = ORIENTED_EDGE('',*,*,#2754,.F.);
#2830 = ORIENTED_EDGE('',*,*,#514,.F.);
#2831 = ADVANCED_FACE('',(#2832),#416,.F.);
#2832 = FACE_BOUND('',#2833,.F.);
#2833 = EDGE_LOOP('',(#2834,#2835,#2836,#2857));
#2834 = ORIENTED_EDGE('',*,*,#2783,.T.);
#2835 = ORIENTED_EDGE('',*,*,#1662,.T.);
#2836 = ORIENTED_EDGE('',*,*,#2837,.F.);
#2837 = EDGE_CURVE('',#401,#1663,#2838,.T.);
#2838 = SURFACE_CURVE('',#2839,(#2843,#2850),.PCURVE_S1.);
#2839 = LINE('',#2840,#2841);
#2840 = CARTESIAN_POINT('',(-14.69599660801,26.486405427184,8.));
#2841 = VECTOR('',#2842,1.);
#2842 = DIRECTION('',(0.,0.,1.));
#2843 = PCURVE('',#416,#2844);
#2844 = DEFINITIONAL_REPRESENTATION('',(#2845),#2849);
#2845 = LINE('',#2846,#2847);
#2846 = CARTESIAN_POINT('',(7.75189339622,0.));
#2847 = VECTOR('',#2848,1.);
#2848 = DIRECTION('',(0.,-1.));
#2849 = ( GEOMETRIC_REPRESENTATION_CONTEXT(2) 
PARAMETRIC_REPRESENTATION_CONTEXT() REPRESENTATION_CONTEXT('2D SPACE',''
  ) );
#2850 = PCURVE('',#445,#2851);
#2851 = DEFINITIONAL_REPRESENTATION('',(#2852),#2856);
#2852 = LINE('',#2853,#2854);
#2853 = CARTESIAN_POINT('',(-5.724585991836,0.));
#2854 = VECTOR('',#2855,1.);
#2855 = DIRECTION('',(-0.,-1.));
#2856 = ( GEOMETRIC_REPRESENTATION_CONTEXT(2) 
PARAMETRIC_REPRESENTATION_CONTEXT() REPRESENTATION_CONTEXT('2D SPACE',''
  ) );
#2857 = ORIENTED_EDGE('',*,*,#400,.F.);
#2858 = ADVANCED_FACE('',(#2859),#502,.T.);
#2859 = FACE_BOUND('',#2860,.F.);
#2860 = EDGE_LOOP('',(#2861,#2882,#2883,#2884));
#2861 = ORIENTED_EDGE('',*,*,#2862,.T.);
#2862 = EDGE_CURVE('',#458,#1710,#2863,.T.);
#2863 = SURFACE_CURVE('',#2864,(#2868,#2875),.PCURVE_S1.);
#2864 = LINE('',#2865,#2866);
#2865 = CARTESIAN_POINT('',(-15.,-46.92963248302,8.));
#2866 = VECTOR('',#2867,1.);
#2867 = DIRECTION('',(0.,0.,1.));
#2868 = PCURVE('',#502,#2869);
#2869 = DEFINITIONAL_REPRESENTATION('',(#2870),#2874);
#2870 = LINE('',#2871,#2872);
#2871 = CARTESIAN_POINT('',(-0.,0.));
#2872 = VECTOR('',#2873,1.);
#2873 = DIRECTION('',(-0.,-1.));
#2874 = ( GEOMETRIC_REPRESENTATION_CONTEXT(2) 
PARAMETRIC_REPRESENTATION_CONTEXT() REPRESENTATION_CONTEXT('2D SPACE',''
  ) );
#2875 = PCURVE('',#473,#2876);
#2876 = DEFINITIONAL_REPRESENTATION('',(#2877),#2881);
#2877 = LINE('',#2878,#2879);
#2878 = CARTESIAN_POINT('',(72.356040030201,0.));
#2879 = VECTOR('',#2880,1.);
#2880 = DIRECTION('',(0.,-1.));
#2881 = ( GEOMETRIC_REPRESENTATION_CONTEXT(2) 
PARAMETRIC_REPRESENTATION_CONTEXT() REPRESENTATION_CONTEXT('2D SPACE',''
  ) );
#2882 = ORIENTED_EDGE('',*,*,#1732,.T.);
#2883 = ORIENTED_EDGE('',*,*,#2808,.F.);
#2884 = ORIENTED_EDGE('',*,*,#485,.F.);
#2885 = ADVANCED_FACE('',(#2886),#445,.T.);
#2886 = FACE_BOUND('',#2887,.F.);
#2887 = EDGE_LOOP('',(#2888,#2889,#2890,#2911));
#2888 = ORIENTED_EDGE('',*,*,#2837,.T.);
#2889 = ORIENTED_EDGE('',*,*,#1685,.T.);
#2890 = ORIENTED_EDGE('',*,*,#2891,.F.);
#2891 = EDGE_CURVE('',#429,#1686,#2892,.T.);
#2892 = SURFACE_CURVE('',#2893,(#2897,#2904),.PCURVE_S1.);
#2893 = LINE('',#2894,#2895);
#2894 = CARTESIAN_POINT('',(-15.,25.426407547177,8.));
#2895 = VECTOR('',#2896,1.);
#2896 = DIRECTION('',(0.,0.,1.));
#2897 = PCURVE('',#445,#2898);
#2898 = DEFINITIONAL_REPRESENTATION('',(#2899),#2903);
#2899 = LINE('',#2900,#2901);
#2900 = CARTESIAN_POINT('',(-6.28318530718,0.));
#2901 = VECTOR('',#2902,1.);
#2902 = DIRECTION('',(-0.,-1.));
#2903 = ( GEOMETRIC_REPRESENTATION_CONTEXT(2) 
PARAMETRIC_REPRESENTATION_CONTEXT() REPRESENTATION_CONTEXT('2D SPACE',''
  ) );
#2904 = PCURVE('',#473,#2905);
#2905 = DEFINITIONAL_REPRESENTATION('',(#2906),#2910);
#2906 = LINE('',#2907,#2908);
#2907 = CARTESIAN_POINT('',(0.,0.));
#2908 = VECTOR('',#2909,1.);
#2909 = DIRECTION('',(0.,-1.));
#2910 = ( GEOMETRIC_REPRESENTATION_CONTEXT(2) 
PARAMETRIC_REPRESENTATION_CONTEXT() REPRESENTATION_CONTEXT('2D SPACE',''
  ) );
#2911 = ORIENTED_EDGE('',*,*,#428,.F.);
#2912 = ADVANCED_FACE('',(#2913),#473,.F.);
#2913 = FACE_BOUND('',#2914,.F.);
#2914 = EDGE_LOOP('',(#2915,#2916,#2917,#2918));
#2915 = ORIENTED_EDGE('',*,*,#2891,.T.);
#2916 = ORIENTED_EDGE('',*,*,#1709,.T.);
#2917 = ORIENTED_EDGE('',*,*,#2862,.F.);
#2918 = ORIENTED_EDGE('',*,*,#457,.F.);
#2919 = ADVANCED_FACE('',(#2920),#641,.F.);
#2920 = FACE_BOUND('',#2921,.F.);
#2921 = EDGE_LOOP('',(#2922,#2923,#2944,#2945));
#2922 = ORIENTED_EDGE('',*,*,#1851,.F.);
#2923 = ORIENTED_EDGE('',*,*,#2924,.F.);
#2924 = EDGE_CURVE('',#625,#1852,#2925,.T.);
#2925 = SEAM_CURVE('',#2926,(#2930,#2937),.PCURVE_S1.);
#2926 = LINE('',#2927,#2928);
#2927 = CARTESIAN_POINT('',(-7.5,-34.,7.));
#2928 = VECTOR('',#2929,1.);
#2929 = DIRECTION('',(0.,0.,1.));
#2930 = PCURVE('',#641,#2931);
#2931 = DEFINITIONAL_REPRESENTATION('',(#2932),#2936);
#2932 = LINE('',#2933,#2934);
#2933 = CARTESIAN_POINT('',(6.28318530718,-0.));
#2934 = VECTOR('',#2935,1.);
#2935 = DIRECTION('',(0.,1.));
#2936 = ( GEOMETRIC_REPRESENTATION_CONTEXT(2) 
PARAMETRIC_REPRESENTATION_CONTEXT() REPRESENTATION_CONTEXT('2D SPACE',''
  ) );
#2937 = PCURVE('',#641,#2938);
#2938 = DEFINITIONAL_REPRESENTATION('',(#2939),#2943);
#2939 = LINE('',#2940,#2941);
#2940 = CARTESIAN_POINT('',(0.,-0.));
#2941 = VECTOR('',#2942,1.);
#2942 = DIRECTION('',(0.,1.));
#2943 = ( GEOMETRIC_REPRESENTATION_CONTEXT(2) 
PARAMETRIC_REPRESENTATION_CONTEXT() REPRESENTATION_CONTEXT('2D SPACE',''
  ) );
#2944 = ORIENTED_EDGE('',*,*,#624,.T.);
#2945 = ORIENTED_EDGE('',*,*,#2924,.T.);
#2946 = ADVANCED_FACE('',(#2947),#674,.F.);
#2947 = FACE_BOUND('',#2948,.F.);
#2948 = EDGE_LOOP('',(#2949,#2950,#2971,#2972));
#2949 = ORIENTED_EDGE('',*,*,#1877,.F.);
#2950 = ORIENTED_EDGE('',*,*,#2951,.F.);
#2951 = EDGE_CURVE('',#656,#1878,#2952,.T.);
#2952 = SURFACE_CURVE('',#2953,(#2957,#2964),.PCURVE_S1.);
#2953 = LINE('',#2954,#2955);
#2954 = CARTESIAN_POINT('',(1.00000000014E-06,-51.,7.));
#2955 = VECTOR('',#2956,1.);
#2956 = DIRECTION('',(0.,0.,1.));
#2957 = PCURVE('',#674,#2958);
#2958 = DEFINITIONAL_REPRESENTATION('',(#2959),#2963);
#2959 = LINE('',#2960,#2961);
#2960 = CARTESIAN_POINT('',(4.712388980385,0.));
#2961 = VECTOR('',#2962,1.);
#2962 = DIRECTION('',(0.,1.));
#2963 = ( GEOMETRIC_REPRESENTATION_CONTEXT(2) 
PARAMETRIC_REPRESENTATION_CONTEXT() REPRESENTATION_CONTEXT('2D SPACE',''
  ) );
#2964 = PCURVE('',#701,#2965);
#2965 = DEFINITIONAL_REPRESENTATION('',(#2966),#2970);
#2966 = LINE('',#2967,#2968);
#2967 = CARTESIAN_POINT('',(0.,2.00000000028E-06));
#2968 = VECTOR('',#2969,1.);
#2969 = DIRECTION('',(1.,0.));
#2970 = ( GEOMETRIC_REPRESENTATION_CONTEXT(2) 
PARAMETRIC_REPRESENTATION_CONTEXT() REPRESENTATION_CONTEXT('2D SPACE',''
  ) );
#2971 = ORIENTED_EDGE('',*,*,#655,.T.);
#2972 = ORIENTED_EDGE('',*,*,#2973,.T.);
#2973 = EDGE_CURVE('',#658,#1880,#2974,.T.);
#2974 = SURFACE_CURVE('',#2975,(#2979,#2985),.PCURVE_S1.);
#2975 = LINE('',#2976,#2977);
#2976 = CARTESIAN_POINT('',(4.,-47.000001,7.));
#2977 = VECTOR('',#2978,1.);
#2978 = DIRECTION('',(0.,0.,1.));
#2979 = PCURVE('',#674,#2980);
#2980 = DEFINITIONAL_REPRESENTATION('',(#2981),#2984);
#2981 = B_SPLINE_CURVE_WITH_KNOTS('',1,(#2982,#2983),.UNSPECIFIED.,.F.,
  .F.,(2,2),(0.,4.5),.PIECEWISE_BEZIER_KNOTS.);
#2982 = CARTESIAN_POINT('',(6.28318530718,0.));
#2983 = CARTESIAN_POINT('',(6.28318530718,4.5));
#2984 = ( GEOMETRIC_REPRESENTATION_CONTEXT(2) 
PARAMETRIC_REPRESENTATION_CONTEXT() REPRESENTATION_CONTEXT('2D SPACE',''
  ) );
#2985 = PCURVE('',#864,#2986);
#2986 = DEFINITIONAL_REPRESENTATION('',(#2987),#2991);
#2987 = LINE('',#2988,#2989);
#2988 = CARTESIAN_POINT('',(0.,0.));
#2989 = VECTOR('',#2990,1.);
#2990 = DIRECTION('',(1.,0.));
#2991 = ( GEOMETRIC_REPRESENTATION_CONTEXT(2) 
PARAMETRIC_REPRESENTATION_CONTEXT() REPRESENTATION_CONTEXT('2D SPACE',''
  ) );
#2992 = ADVANCED_FACE('',(#2993),#701,.T.);
#2993 = FACE_BOUND('',#2994,.T.);
#2994 = EDGE_LOOP('',(#2995,#2996,#2997,#3018));
#2995 = ORIENTED_EDGE('',*,*,#2951,.F.);
#2996 = ORIENTED_EDGE('',*,*,#686,.T.);
#2997 = ORIENTED_EDGE('',*,*,#2998,.T.);
#2998 = EDGE_CURVE('',#687,#1904,#2999,.T.);
#2999 = SURFACE_CURVE('',#3000,(#3004,#3011),.PCURVE_S1.);
#3000 = LINE('',#3001,#3002);
#3001 = CARTESIAN_POINT('',(-1.00000000014E-06,-51.,7.));
#3002 = VECTOR('',#3003,1.);
#3003 = DIRECTION('',(0.,0.,1.));
#3004 = PCURVE('',#701,#3005);
#3005 = DEFINITIONAL_REPRESENTATION('',(#3006),#3010);
#3006 = LINE('',#3007,#3008);
#3007 = CARTESIAN_POINT('',(0.,0.));
#3008 = VECTOR('',#3009,1.);
#3009 = DIRECTION('',(1.,0.));
#3010 = ( GEOMETRIC_REPRESENTATION_CONTEXT(2) 
PARAMETRIC_REPRESENTATION_CONTEXT() REPRESENTATION_CONTEXT('2D SPACE',''
  ) );
#3011 = PCURVE('',#729,#3012);
#3012 = DEFINITIONAL_REPRESENTATION('',(#3013),#3017);
#3013 = LINE('',#3014,#3015);
#3014 = CARTESIAN_POINT('',(4.712388980385,0.));
#3015 = VECTOR('',#3016,1.);
#3016 = DIRECTION('',(0.,1.));
#3017 = ( GEOMETRIC_REPRESENTATION_CONTEXT(2) 
PARAMETRIC_REPRESENTATION_CONTEXT() REPRESENTATION_CONTEXT('2D SPACE',''
  ) );
#3018 = ORIENTED_EDGE('',*,*,#1903,.F.);
#3019 = ADVANCED_FACE('',(#3020),#864,.F.);
#3020 = FACE_BOUND('',#3021,.F.);
#3021 = EDGE_LOOP('',(#3022,#3023,#3024,#3044));
#3022 = ORIENTED_EDGE('',*,*,#2973,.F.);
#3023 = ORIENTED_EDGE('',*,*,#851,.T.);
#3024 = ORIENTED_EDGE('',*,*,#3025,.T.);
#3025 = EDGE_CURVE('',#823,#2015,#3026,.T.);
#3026 = SURFACE_CURVE('',#3027,(#3031,#3038),.PCURVE_S1.);
#3027 = LINE('',#3028,#3029);
#3028 = CARTESIAN_POINT('',(4.,-32.999999,7.));
#3029 = VECTOR('',#3030,1.);
#3030 = DIRECTION('',(0.,0.,1.));
#3031 = PCURVE('',#864,#3032);
#3032 = DEFINITIONAL_REPRESENTATION('',(#3033),#3037);
#3033 = LINE('',#3034,#3035);
#3034 = CARTESIAN_POINT('',(0.,-14.000002));
#3035 = VECTOR('',#3036,1.);
#3036 = DIRECTION('',(1.,0.));
#3037 = ( GEOMETRIC_REPRESENTATION_CONTEXT(2) 
PARAMETRIC_REPRESENTATION_CONTEXT() REPRESENTATION_CONTEXT('2D SPACE',''
  ) );
#3038 = PCURVE('',#839,#3039);
#3039 = DEFINITIONAL_REPRESENTATION('',(#3040),#3043);
#3040 = B_SPLINE_CURVE_WITH_KNOTS('',1,(#3041,#3042),.UNSPECIFIED.,.F.,
  .F.,(2,2),(0.,4.5),.PIECEWISE_BEZIER_KNOTS.);
#3041 = CARTESIAN_POINT('',(0.,0.));
#3042 = CARTESIAN_POINT('',(0.,4.5));
#3043 = ( GEOMETRIC_REPRESENTATION_CONTEXT(2) 
PARAMETRIC_REPRESENTATION_CONTEXT() REPRESENTATION_CONTEXT('2D SPACE',''
  ) );
#3044 = ORIENTED_EDGE('',*,*,#2038,.F.);
#3045 = ADVANCED_FACE('',(#3046),#729,.F.);
#3046 = FACE_BOUND('',#3047,.F.);
#3047 = EDGE_LOOP('',(#3048,#3049,#3070,#3071));
#3048 = ORIENTED_EDGE('',*,*,#1924,.F.);
#3049 = ORIENTED_EDGE('',*,*,#3050,.F.);
#3050 = EDGE_CURVE('',#713,#1925,#3051,.T.);
#3051 = SURFACE_CURVE('',#3052,(#3056,#3063),.PCURVE_S1.);
#3052 = LINE('',#3053,#3054);
#3053 = CARTESIAN_POINT('',(-4.,-47.000001,7.));
#3054 = VECTOR('',#3055,1.);
#3055 = DIRECTION('',(0.,0.,1.));
#3056 = PCURVE('',#729,#3057);
#3057 = DEFINITIONAL_REPRESENTATION('',(#3058),#3062);
#3058 = LINE('',#3059,#3060);
#3059 = CARTESIAN_POINT('',(3.14159265359,0.));
#3060 = VECTOR('',#3061,1.);
#3061 = DIRECTION('',(0.,1.));
#3062 = ( GEOMETRIC_REPRESENTATION_CONTEXT(2) 
PARAMETRIC_REPRESENTATION_CONTEXT() REPRESENTATION_CONTEXT('2D SPACE',''
  ) );
#3063 = PCURVE('',#756,#3064);
#3064 = DEFINITIONAL_REPRESENTATION('',(#3065),#3069);
#3065 = LINE('',#3066,#3067);
#3066 = CARTESIAN_POINT('',(0.,0.));
#3067 = VECTOR('',#3068,1.);
#3068 = DIRECTION('',(1.,0.));
#3069 = ( GEOMETRIC_REPRESENTATION_CONTEXT(2) 
PARAMETRIC_REPRESENTATION_CONTEXT() REPRESENTATION_CONTEXT('2D SPACE',''
  ) );
#3070 = ORIENTED_EDGE('',*,*,#712,.T.);
#3071 = ORIENTED_EDGE('',*,*,#2998,.T.);
#3072 = ADVANCED_FACE('',(#3073),#839,.F.);
#3073 = FACE_BOUND('',#3074,.F.);
#3074 = EDGE_LOOP('',(#3075,#3076,#3077,#3078));
#3075 = ORIENTED_EDGE('',*,*,#2014,.F.);
#3076 = ORIENTED_EDGE('',*,*,#3025,.F.);
#3077 = ORIENTED_EDGE('',*,*,#822,.T.);
#3078 = ORIENTED_EDGE('',*,*,#3079,.T.);
#3079 = EDGE_CURVE('',#797,#1994,#3080,.T.);
#3080 = SURFACE_CURVE('',#3081,(#3085,#3092),.PCURVE_S1.);
#3081 = LINE('',#3082,#3083);
#3082 = CARTESIAN_POINT('',(1.00000000014E-06,-29.,7.));
#3083 = VECTOR('',#3084,1.);
#3084 = DIRECTION('',(0.,0.,1.));
#3085 = PCURVE('',#839,#3086);
#3086 = DEFINITIONAL_REPRESENTATION('',(#3087),#3091);
#3087 = LINE('',#3088,#3089);
#3088 = CARTESIAN_POINT('',(1.570796326795,0.));
#3089 = VECTOR('',#3090,1.);
#3090 = DIRECTION('',(0.,1.));
#3091 = ( GEOMETRIC_REPRESENTATION_CONTEXT(2) 
PARAMETRIC_REPRESENTATION_CONTEXT() REPRESENTATION_CONTEXT('2D SPACE',''
  ) );
#3092 = PCURVE('',#811,#3093);
#3093 = DEFINITIONAL_REPRESENTATION('',(#3094),#3098);
#3094 = LINE('',#3095,#3096);
#3095 = CARTESIAN_POINT('',(0.,2.00000000028E-06));
#3096 = VECTOR('',#3097,1.);
#3097 = DIRECTION('',(1.,0.));
#3098 = ( GEOMETRIC_REPRESENTATION_CONTEXT(2) 
PARAMETRIC_REPRESENTATION_CONTEXT() REPRESENTATION_CONTEXT('2D SPACE',''
  ) );
#3099 = ADVANCED_FACE('',(#3100),#756,.T.);
#3100 = FACE_BOUND('',#3101,.T.);
#3101 = EDGE_LOOP('',(#3102,#3103,#3104,#3125));
#3102 = ORIENTED_EDGE('',*,*,#3050,.F.);
#3103 = ORIENTED_EDGE('',*,*,#741,.T.);
#3104 = ORIENTED_EDGE('',*,*,#3105,.T.);
#3105 = EDGE_CURVE('',#742,#1949,#3106,.T.);
#3106 = SURFACE_CURVE('',#3107,(#3111,#3118),.PCURVE_S1.);
#3107 = LINE('',#3108,#3109);
#3108 = CARTESIAN_POINT('',(-4.,-32.999999,7.));
#3109 = VECTOR('',#3110,1.);
#3110 = DIRECTION('',(0.,0.,1.));
#3111 = PCURVE('',#756,#3112);
#3112 = DEFINITIONAL_REPRESENTATION('',(#3113),#3117);
#3113 = LINE('',#3114,#3115);
#3114 = CARTESIAN_POINT('',(0.,-14.000002));
#3115 = VECTOR('',#3116,1.);
#3116 = DIRECTION('',(1.,0.));
#3117 = ( GEOMETRIC_REPRESENTATION_CONTEXT(2) 
PARAMETRIC_REPRESENTATION_CONTEXT() REPRESENTATION_CONTEXT('2D SPACE',''
  ) );
#3118 = PCURVE('',#784,#3119);
#3119 = DEFINITIONAL_REPRESENTATION('',(#3120),#3124);
#3120 = LINE('',#3121,#3122);
#3121 = CARTESIAN_POINT('',(3.14159265359,0.));
#3122 = VECTOR('',#3123,1.);
#3123 = DIRECTION('',(0.,1.));
#3124 = ( GEOMETRIC_REPRESENTATION_CONTEXT(2) 
PARAMETRIC_REPRESENTATION_CONTEXT() REPRESENTATION_CONTEXT('2D SPACE',''
  ) );
#3125 = ORIENTED_EDGE('',*,*,#1948,.F.);
#3126 = ADVANCED_FACE('',(#3127),#811,.F.);
#3127 = FACE_BOUND('',#3128,.F.);
#3128 = EDGE_LOOP('',(#3129,#3130,#3131,#3152));
#3129 = ORIENTED_EDGE('',*,*,#3079,.F.);
#3130 = ORIENTED_EDGE('',*,*,#796,.T.);
#3131 = ORIENTED_EDGE('',*,*,#3132,.T.);
#3132 = EDGE_CURVE('',#768,#1970,#3133,.T.);
#3133 = SURFACE_CURVE('',#3134,(#3138,#3145),.PCURVE_S1.);
#3134 = LINE('',#3135,#3136);
#3135 = CARTESIAN_POINT('',(-1.00000000014E-06,-29.,7.));
#3136 = VECTOR('',#3137,1.);
#3137 = DIRECTION('',(0.,0.,1.));
#3138 = PCURVE('',#811,#3139);
#3139 = DEFINITIONAL_REPRESENTATION('',(#3140),#3144);
#3140 = LINE('',#3141,#3142);
#3141 = CARTESIAN_POINT('',(0.,0.));
#3142 = VECTOR('',#3143,1.);
#3143 = DIRECTION('',(1.,0.));
#3144 = ( GEOMETRIC_REPRESENTATION_CONTEXT(2) 
PARAMETRIC_REPRESENTATION_CONTEXT() REPRESENTATION_CONTEXT('2D SPACE',''
  ) );
#3145 = PCURVE('',#784,#3146);
#3146 = DEFINITIONAL_REPRESENTATION('',(#3147),#3151);
#3147 = LINE('',#3148,#3149);
#3148 = CARTESIAN_POINT('',(1.570796326795,0.));
#3149 = VECTOR('',#3150,1.);
#3150 = DIRECTION('',(0.,1.));
#3151 = ( GEOMETRIC_REPRESENTATION_CONTEXT(2) 
PARAMETRIC_REPRESENTATION_CONTEXT() REPRESENTATION_CONTEXT('2D SPACE',''
  ) );
#3152 = ORIENTED_EDGE('',*,*,#1993,.F.);
#3153 = ADVANCED_FACE('',(#3154),#784,.F.);
#3154 = FACE_BOUND('',#3155,.F.);
#3155 = EDGE_LOOP('',(#3156,#3157,#3158,#3159));
#3156 = ORIENTED_EDGE('',*,*,#1969,.F.);
#3157 = ORIENTED_EDGE('',*,*,#3132,.F.);
#3158 = ORIENTED_EDGE('',*,*,#767,.T.);
#3159 = ORIENTED_EDGE('',*,*,#3105,.T.);
#3160 = ADVANCED_FACE('',(#3161),#894,.F.);
#3161 = FACE_BOUND('',#3162,.F.);
#3162 = EDGE_LOOP('',(#3163,#3164,#3185,#3186));
#3163 = ORIENTED_EDGE('',*,*,#2059,.F.);
#3164 = ORIENTED_EDGE('',*,*,#3165,.F.);
#3165 = EDGE_CURVE('',#878,#2060,#3166,.T.);
#3166 = SEAM_CURVE('',#3167,(#3171,#3178),.PCURVE_S1.);
#3167 = LINE('',#3168,#3169);
#3168 = CARTESIAN_POINT('',(10.5,-34.,7.));
#3169 = VECTOR('',#3170,1.);
#3170 = DIRECTION('',(0.,0.,1.));
#3171 = PCURVE('',#894,#3172);
#3172 = DEFINITIONAL_REPRESENTATION('',(#3173),#3177);
#3173 = LINE('',#3174,#3175);
#3174 = CARTESIAN_POINT('',(6.28318530718,-0.));
#3175 = VECTOR('',#3176,1.);
#3176 = DIRECTION('',(0.,1.));
#3177 = ( GEOMETRIC_REPRESENTATION_CONTEXT(2) 
PARAMETRIC_REPRESENTATION_CONTEXT() REPRESENTATION_CONTEXT('2D SPACE',''
  ) );
#3178 = PCURVE('',#894,#3179);
#3179 = DEFINITIONAL_REPRESENTATION('',(#3180),#3184);
#3180 = LINE('',#3181,#3182);
#3181 = CARTESIAN_POINT('',(0.,-0.));
#3182 = VECTOR('',#3183,1.);
#3183 = DIRECTION('',(0.,1.));
#3184 = ( GEOMETRIC_REPRESENTATION_CONTEXT(2) 
PARAMETRIC_REPRESENTATION_CONTEXT() REPRESENTATION_CONTEXT('2D SPACE',''
  ) );
#3185 = ORIENTED_EDGE('',*,*,#877,.T.);
#3186 = ORIENTED_EDGE('',*,*,#3165,.T.);
#3187 = ADVANCED_FACE('',(#3188),#927,.F.);
#3188 = FACE_BOUND('',#3189,.F.);
#3189 = EDGE_LOOP('',(#3190,#3191,#3212,#3213));
#3190 = ORIENTED_EDGE('',*,*,#2085,.F.);
#3191 = ORIENTED_EDGE('',*,*,#3192,.F.);
#3192 = EDGE_CURVE('',#909,#2086,#3193,.T.);
#3193 = SURFACE_CURVE('',#3194,(#3198,#3205),.PCURVE_S1.);
#3194 = LINE('',#3195,#3196);
#3195 = CARTESIAN_POINT('',(1.00000000014E-06,-27.,7.));
#3196 = VECTOR('',#3197,1.);
#3197 = DIRECTION('',(0.,0.,1.));
#3198 = PCURVE('',#927,#3199);
#3199 = DEFINITIONAL_REPRESENTATION('',(#3200),#3204);
#3200 = LINE('',#3201,#3202);
#3201 = CARTESIAN_POINT('',(4.712388980385,0.));
#3202 = VECTOR('',#3203,1.);
#3203 = DIRECTION('',(0.,1.));
#3204 = ( GEOMETRIC_REPRESENTATION_CONTEXT(2) 
PARAMETRIC_REPRESENTATION_CONTEXT() REPRESENTATION_CONTEXT('2D SPACE',''
  ) );
#3205 = PCURVE('',#954,#3206);
#3206 = DEFINITIONAL_REPRESENTATION('',(#3207),#3211);
#3207 = LINE('',#3208,#3209);
#3208 = CARTESIAN_POINT('',(0.,2.00000000028E-06));
#3209 = VECTOR('',#3210,1.);
#3210 = DIRECTION('',(1.,0.));
#3211 = ( GEOMETRIC_REPRESENTATION_CONTEXT(2) 
PARAMETRIC_REPRESENTATION_CONTEXT() REPRESENTATION_CONTEXT('2D SPACE',''
  ) );
#3212 = ORIENTED_EDGE('',*,*,#908,.T.);
#3213 = ORIENTED_EDGE('',*,*,#3214,.T.);
#3214 = EDGE_CURVE('',#911,#2088,#3215,.T.);
#3215 = SURFACE_CURVE('',#3216,(#3220,#3226),.PCURVE_S1.);
#3216 = LINE('',#3217,#3218);
#3217 = CARTESIAN_POINT('',(4.,-23.000001,7.));
#3218 = VECTOR('',#3219,1.);
#3219 = DIRECTION('',(0.,0.,1.));
#3220 = PCURVE('',#927,#3221);
#3221 = DEFINITIONAL_REPRESENTATION('',(#3222),#3225);
#3222 = B_SPLINE_CURVE_WITH_KNOTS('',1,(#3223,#3224),.UNSPECIFIED.,.F.,
  .F.,(2,2),(0.,4.5),.PIECEWISE_BEZIER_KNOTS.);
#3223 = CARTESIAN_POINT('',(6.28318530718,0.));
#3224 = CARTESIAN_POINT('',(6.28318530718,4.5));
#3225 = ( GEOMETRIC_REPRESENTATION_CONTEXT(2) 
PARAMETRIC_REPRESENTATION_CONTEXT() REPRESENTATION_CONTEXT('2D SPACE',''
  ) );
#3226 = PCURVE('',#1117,#3227);
#3227 = DEFINITIONAL_REPRESENTATION('',(#3228),#3232);
#3228 = LINE('',#3229,#3230);
#3229 = CARTESIAN_POINT('',(0.,0.));
#3230 = VECTOR('',#3231,1.);
#3231 = DIRECTION('',(1.,0.));
#3232 = ( GEOMETRIC_REPRESENTATION_CONTEXT(2) 
PARAMETRIC_REPRESENTATION_CONTEXT() REPRESENTATION_CONTEXT('2D SPACE',''
  ) );
#3233 = ADVANCED_FACE('',(#3234),#954,.T.);
#3234 = FACE_BOUND('',#3235,.T.);
#3235 = EDGE_LOOP('',(#3236,#3237,#3238,#3259));
#3236 = ORIENTED_EDGE('',*,*,#3192,.F.);
#3237 = ORIENTED_EDGE('',*,*,#939,.T.);
#3238 = ORIENTED_EDGE('',*,*,#3239,.T.);
#3239 = EDGE_CURVE('',#940,#2112,#3240,.T.);
#3240 = SURFACE_CURVE('',#3241,(#3245,#3252),.PCURVE_S1.);
#3241 = LINE('',#3242,#3243);
#3242 = CARTESIAN_POINT('',(-1.00000000014E-06,-27.,7.));
#3243 = VECTOR('',#3244,1.);
#3244 = DIRECTION('',(0.,0.,1.));
#3245 = PCURVE('',#954,#3246);
#3246 = DEFINITIONAL_REPRESENTATION('',(#3247),#3251);
#3247 = LINE('',#3248,#3249);
#3248 = CARTESIAN_POINT('',(0.,0.));
#3249 = VECTOR('',#3250,1.);
#3250 = DIRECTION('',(1.,0.));
#3251 = ( GEOMETRIC_REPRESENTATION_CONTEXT(2) 
PARAMETRIC_REPRESENTATION_CONTEXT() REPRESENTATION_CONTEXT('2D SPACE',''
  ) );
#3252 = PCURVE('',#982,#3253);
#3253 = DEFINITIONAL_REPRESENTATION('',(#3254),#3258);
#3254 = LINE('',#3255,#3256);
#3255 = CARTESIAN_POINT('',(4.712388980385,0.));
#3256 = VECTOR('',#3257,1.);
#3257 = DIRECTION('',(0.,1.));
#3258 = ( GEOMETRIC_REPRESENTATION_CONTEXT(2) 
PARAMETRIC_REPRESENTATION_CONTEXT() REPRESENTATION_CONTEXT('2D SPACE',''
  ) );
#3259 = ORIENTED_EDGE('',*,*,#2111,.F.);
#3260 = ADVANCED_FACE('',(#3261),#1117,.F.);
#3261 = FACE_BOUND('',#3262,.F.);
#3262 = EDGE_LOOP('',(#3263,#3264,#3265,#3285));
#3263 = ORIENTED_EDGE('',*,*,#3214,.F.);
#3264 = ORIENTED_EDGE('',*,*,#1104,.T.);
#3265 = ORIENTED_EDGE('',*,*,#3266,.T.);
#3266 = EDGE_CURVE('',#1076,#2223,#3267,.T.);
#3267 = SURFACE_CURVE('',#3268,(#3272,#3279),.PCURVE_S1.);
#3268 = LINE('',#3269,#3270);
#3269 = CARTESIAN_POINT('',(4.,-8.999999,7.));
#3270 = VECTOR('',#3271,1.);
#3271 = DIRECTION('',(0.,0.,1.));
#3272 = PCURVE('',#1117,#3273);
#3273 = DEFINITIONAL_REPRESENTATION('',(#3274),#3278);
#3274 = LINE('',#3275,#3276);
#3275 = CARTESIAN_POINT('',(0.,-14.000002));
#3276 = VECTOR('',#3277,1.);
#3277 = DIRECTION('',(1.,0.));
#3278 = ( GEOMETRIC_REPRESENTATION_CONTEXT(2) 
PARAMETRIC_REPRESENTATION_CONTEXT() REPRESENTATION_CONTEXT('2D SPACE',''
  ) );
#3279 = PCURVE('',#1092,#3280);
#3280 = DEFINITIONAL_REPRESENTATION('',(#3281),#3284);
#3281 = B_SPLINE_CURVE_WITH_KNOTS('',1,(#3282,#3283),.UNSPECIFIED.,.F.,
  .F.,(2,2),(0.,4.5),.PIECEWISE_BEZIER_KNOTS.);
#3282 = CARTESIAN_POINT('',(0.,0.));
#3283 = CARTESIAN_POINT('',(0.,4.5));
#3284 = ( GEOMETRIC_REPRESENTATION_CONTEXT(2) 
PARAMETRIC_REPRESENTATION_CONTEXT() REPRESENTATION_CONTEXT('2D SPACE',''
  ) );
#3285 = ORIENTED_EDGE('',*,*,#2246,.F.);
#3286 = ADVANCED_FACE('',(#3287),#982,.F.);
#3287 = FACE_BOUND('',#3288,.F.);
#3288 = EDGE_LOOP('',(#3289,#3290,#3311,#3312));
#3289 = ORIENTED_EDGE('',*,*,#2132,.F.);
#3290 = ORIENTED_EDGE('',*,*,#3291,.F.);
#3291 = EDGE_CURVE('',#966,#2133,#3292,.T.);
#3292 = SURFACE_CURVE('',#3293,(#3297,#3304),.PCURVE_S1.);
#3293 = LINE('',#3294,#3295);
#3294 = CARTESIAN_POINT('',(-4.,-23.000001,7.));
#3295 = VECTOR('',#3296,1.);
#3296 = DIRECTION('',(0.,0.,1.));
#3297 = PCURVE('',#982,#3298);
#3298 = DEFINITIONAL_REPRESENTATION('',(#3299),#3303);
#3299 = LINE('',#3300,#3301);
#3300 = CARTESIAN_POINT('',(3.14159265359,0.));
#3301 = VECTOR('',#3302,1.);
#3302 = DIRECTION('',(0.,1.));
#3303 = ( GEOMETRIC_REPRESENTATION_CONTEXT(2) 
PARAMETRIC_REPRESENTATION_CONTEXT() REPRESENTATION_CONTEXT('2D SPACE',''
  ) );
#3304 = PCURVE('',#1009,#3305);
#3305 = DEFINITIONAL_REPRESENTATION('',(#3306),#3310);
#3306 = LINE('',#3307,#3308);
#3307 = CARTESIAN_POINT('',(0.,0.));
#3308 = VECTOR('',#3309,1.);
#3309 = DIRECTION('',(1.,0.));
#3310 = ( GEOMETRIC_REPRESENTATION_CONTEXT(2) 
PARAMETRIC_REPRESENTATION_CONTEXT() REPRESENTATION_CONTEXT('2D SPACE',''
  ) );
#3311 = ORIENTED_EDGE('',*,*,#965,.T.);
#3312 = ORIENTED_EDGE('',*,*,#3239,.T.);
#3313 = ADVANCED_FACE('',(#3314),#1092,.F.);
#3314 = FACE_BOUND('',#3315,.F.);
#3315 = EDGE_LOOP('',(#3316,#3317,#3318,#3319));
#3316 = ORIENTED_EDGE('',*,*,#2222,.F.);
#3317 = ORIENTED_EDGE('',*,*,#3266,.F.);
#3318 = ORIENTED_EDGE('',*,*,#1075,.T.);
#3319 = ORIENTED_EDGE('',*,*,#3320,.T.);
#3320 = EDGE_CURVE('',#1050,#2202,#3321,.T.);
#3321 = SURFACE_CURVE('',#3322,(#3326,#3333),.PCURVE_S1.);
#3322 = LINE('',#3323,#3324);
#3323 = CARTESIAN_POINT('',(1.00000000014E-06,-5.,7.));
#3324 = VECTOR('',#3325,1.);
#3325 = DIRECTION('',(0.,0.,1.));
#3326 = PCURVE('',#1092,#3327);
#3327 = DEFINITIONAL_REPRESENTATION('',(#3328),#3332);
#3328 = LINE('',#3329,#3330);
#3329 = CARTESIAN_POINT('',(1.570796326795,0.));
#3330 = VECTOR('',#3331,1.);
#3331 = DIRECTION('',(0.,1.));
#3332 = ( GEOMETRIC_REPRESENTATION_CONTEXT(2) 
PARAMETRIC_REPRESENTATION_CONTEXT() REPRESENTATION_CONTEXT('2D SPACE',''
  ) );
#3333 = PCURVE('',#1064,#3334);
#3334 = DEFINITIONAL_REPRESENTATION('',(#3335),#3339);
#3335 = LINE('',#3336,#3337);
#3336 = CARTESIAN_POINT('',(0.,2.00000000028E-06));
#3337 = VECTOR('',#3338,1.);
#3338 = DIRECTION('',(1.,0.));
#3339 = ( GEOMETRIC_REPRESENTATION_CONTEXT(2) 
PARAMETRIC_REPRESENTATION_CONTEXT() REPRESENTATION_CONTEXT('2D SPACE',''
  ) );
#3340 = ADVANCED_FACE('',(#3341),#1009,.T.);
#3341 = FACE_BOUND('',#3342,.T.);
#3342 = EDGE_LOOP('',(#3343,#3344,#3345,#3366));
#3343 = ORIENTED_EDGE('',*,*,#3291,.F.);
#3344 = ORIENTED_EDGE('',*,*,#994,.T.);
#3345 = ORIENTED_EDGE('',*,*,#3346,.T.);
#3346 = EDGE_CURVE('',#995,#2157,#3347,.T.);
#3347 = SURFACE_CURVE('',#3348,(#3352,#3359),.PCURVE_S1.);
#3348 = LINE('',#3349,#3350);
#3349 = CARTESIAN_POINT('',(-4.,-8.999999,7.));
#3350 = VECTOR('',#3351,1.);
#3351 = DIRECTION('',(0.,0.,1.));
#3352 = PCURVE('',#1009,#3353);
#3353 = DEFINITIONAL_REPRESENTATION('',(#3354),#3358);
#3354 = LINE('',#3355,#3356);
#3355 = CARTESIAN_POINT('',(0.,-14.000002));
#3356 = VECTOR('',#3357,1.);
#3357 = DIRECTION('',(1.,0.));
#3358 = ( GEOMETRIC_REPRESENTATION_CONTEXT(2) 
PARAMETRIC_REPRESENTATION_CONTEXT() REPRESENTATION_CONTEXT('2D SPACE',''
  ) );
#3359 = PCURVE('',#1037,#3360);
#3360 = DEFINITIONAL_REPRESENTATION('',(#3361),#3365);
#3361 = LINE('',#3362,#3363);
#3362 = CARTESIAN_POINT('',(3.14159265359,0.));
#3363 = VECTOR('',#3364,1.);
#3364 = DIRECTION('',(0.,1.));
#3365 = ( GEOMETRIC_REPRESENTATION_CONTEXT(2) 
PARAMETRIC_REPRESENTATION_CONTEXT() REPRESENTATION_CONTEXT('2D SPACE',''
  ) );
#3366 = ORIENTED_EDGE('',*,*,#2156,.F.);
#3367 = ADVANCED_FACE('',(#3368),#1064,.F.);
#3368 = FACE_BOUND('',#3369,.F.);
#3369 = EDGE_LOOP('',(#3370,#3371,#3372,#3393));
#3370 = ORIENTED_EDGE('',*,*,#3320,.F.);
#3371 = ORIENTED_EDGE('',*,*,#1049,.T.);
#3372 = ORIENTED_EDGE('',*,*,#3373,.T.);
#3373 = EDGE_CURVE('',#1021,#2178,#3374,.T.);
#3374 = SURFACE_CURVE('',#3375,(#3379,#3386),.PCURVE_S1.);
#3375 = LINE('',#3376,#3377);
#3376 = CARTESIAN_POINT('',(-1.00000000014E-06,-5.,7.));
#3377 = VECTOR('',#3378,1.);
#3378 = DIRECTION('',(0.,0.,1.));
#3379 = PCURVE('',#1064,#3380);
#3380 = DEFINITIONAL_REPRESENTATION('',(#3381),#3385);
#3381 = LINE('',#3382,#3383);
#3382 = CARTESIAN_POINT('',(0.,0.));
#3383 = VECTOR('',#3384,1.);
#3384 = DIRECTION('',(1.,0.));
#3385 = ( GEOMETRIC_REPRESENTATION_CONTEXT(2) 
PARAMETRIC_REPRESENTATION_CONTEXT() REPRESENTATION_CONTEXT('2D SPACE',''
  ) );
#3386 = PCURVE('',#1037,#3387);
#3387 = DEFINITIONAL_REPRESENTATION('',(#3388),#3392);
#3388 = LINE('',#3389,#3390);
#3389 = CARTESIAN_POINT('',(1.570796326795,0.));
#3390 = VECTOR('',#3391,1.);
#3391 = DIRECTION('',(0.,1.));
#3392 = ( GEOMETRIC_REPRESENTATION_CONTEXT(2) 
PARAMETRIC_REPRESENTATION_CONTEXT() REPRESENTATION_CONTEXT('2D SPACE',''
  ) );
#3393 = ORIENTED_EDGE('',*,*,#2201,.F.);
#3394 = ADVANCED_FACE('',(#3395),#1037,.F.);
#3395 = FACE_BOUND('',#3396,.F.);
#3396 = EDGE_LOOP('',(#3397,#3398,#3399,#3400));
#3397 = ORIENTED_EDGE('',*,*,#2177,.F.);
#3398 = ORIENTED_EDGE('',*,*,#3373,.F.);
#3399 = ORIENTED_EDGE('',*,*,#1020,.T.);
#3400 = ORIENTED_EDGE('',*,*,#3346,.T.);
#3401 = ADVANCED_FACE('',(#3402),#1149,.F.);
#3402 = FACE_BOUND('',#3403,.F.);
#3403 = EDGE_LOOP('',(#3404,#3405,#3426,#3427));
#3404 = ORIENTED_EDGE('',*,*,#2267,.F.);
#3405 = ORIENTED_EDGE('',*,*,#3406,.F.);
#3406 = EDGE_CURVE('',#1131,#2268,#3407,.T.);
#3407 = SURFACE_CURVE('',#3408,(#3412,#3419),.PCURVE_S1.);
#3408 = LINE('',#3409,#3410);
#3409 = CARTESIAN_POINT('',(-11.5,26.,7.));
#3410 = VECTOR('',#3411,1.);
#3411 = DIRECTION('',(0.,0.,1.));
#3412 = PCURVE('',#1149,#3413);
#3413 = DEFINITIONAL_REPRESENTATION('',(#3414),#3418);
#3414 = LINE('',#3415,#3416);
#3415 = CARTESIAN_POINT('',(0.,-0.));
#3416 = VECTOR('',#3417,1.);
#3417 = DIRECTION('',(0.,1.));
#3418 = ( GEOMETRIC_REPRESENTATION_CONTEXT(2) 
PARAMETRIC_REPRESENTATION_CONTEXT() REPRESENTATION_CONTEXT('2D SPACE',''
  ) );
#3419 = PCURVE('',#1178,#3420);
#3420 = DEFINITIONAL_REPRESENTATION('',(#3421),#3425);
#3421 = LINE('',#3422,#3423);
#3422 = CARTESIAN_POINT('',(6.28318530718,-0.));
#3423 = VECTOR('',#3424,1.);
#3424 = DIRECTION('',(0.,1.));
#3425 = ( GEOMETRIC_REPRESENTATION_CONTEXT(2) 
PARAMETRIC_REPRESENTATION_CONTEXT() REPRESENTATION_CONTEXT('2D SPACE',''
  ) );
#3426 = ORIENTED_EDGE('',*,*,#1130,.T.);
#3427 = ORIENTED_EDGE('',*,*,#3428,.T.);
#3428 = EDGE_CURVE('',#1133,#2270,#3429,.T.);
#3429 = SURFACE_CURVE('',#3430,(#3434,#3440),.PCURVE_S1.);
#3430 = LINE('',#3431,#3432);
#3431 = CARTESIAN_POINT('',(-14.41421356237,25.5,7.));
#3432 = VECTOR('',#3433,1.);
#3433 = DIRECTION('',(0.,0.,1.));
#3434 = PCURVE('',#1149,#3435);
#3435 = DEFINITIONAL_REPRESENTATION('',(#3436),#3439);
#3436 = B_SPLINE_CURVE_WITH_KNOTS('',1,(#3437,#3438),.UNSPECIFIED.,.F.,
  .F.,(2,2),(-5.999999999062E-07,4.5000006),.PIECEWISE_BEZIER_KNOTS.);
#3437 = CARTESIAN_POINT('',(3.481429563044,-5.999999999062E-07));
#3438 = CARTESIAN_POINT('',(3.481429563044,4.5000006));
#3439 = ( GEOMETRIC_REPRESENTATION_CONTEXT(2) 
PARAMETRIC_REPRESENTATION_CONTEXT() REPRESENTATION_CONTEXT('2D SPACE',''
  ) );
#3440 = PCURVE('',#1234,#3441);
#3441 = DEFINITIONAL_REPRESENTATION('',(#3442),#3445);
#3442 = B_SPLINE_CURVE_WITH_KNOTS('',1,(#3443,#3444),.UNSPECIFIED.,.F.,
  .F.,(2,2),(-5.999999999062E-07,4.5000006),.PIECEWISE_BEZIER_KNOTS.);
#3443 = CARTESIAN_POINT('',(2.801755744136,-5.999999999062E-07));
#3444 = CARTESIAN_POINT('',(2.801755744136,4.5000006));
#3445 = ( GEOMETRIC_REPRESENTATION_CONTEXT(2) 
PARAMETRIC_REPRESENTATION_CONTEXT() REPRESENTATION_CONTEXT('2D SPACE',''
  ) );
#3446 = ADVANCED_FACE('',(#3447),#1234,.F.);
#3447 = FACE_BOUND('',#3448,.F.);
#3448 = EDGE_LOOP('',(#3449,#3470,#3471,#3472));
#3449 = ORIENTED_EDGE('',*,*,#3450,.T.);
#3450 = EDGE_CURVE('',#1191,#2318,#3451,.T.);
#3451 = SURFACE_CURVE('',#3452,(#3456,#3463),.PCURVE_S1.);
#3452 = LINE('',#3453,#3454);
#3453 = CARTESIAN_POINT('',(-11.5,25.,7.));
#3454 = VECTOR('',#3455,1.);
#3455 = DIRECTION('',(0.,0.,1.));
#3456 = PCURVE('',#1234,#3457);
#3457 = DEFINITIONAL_REPRESENTATION('',(#3458),#3462);
#3458 = LINE('',#3459,#3460);
#3459 = CARTESIAN_POINT('',(6.28318530718,-0.));
#3460 = VECTOR('',#3461,1.);
#3461 = DIRECTION('',(0.,1.));
#3462 = ( GEOMETRIC_REPRESENTATION_CONTEXT(2) 
PARAMETRIC_REPRESENTATION_CONTEXT() REPRESENTATION_CONTEXT('2D SPACE',''
  ) );
#3463 = PCURVE('',#1207,#3464);
#3464 = DEFINITIONAL_REPRESENTATION('',(#3465),#3469);
#3465 = LINE('',#3466,#3467);
#3466 = CARTESIAN_POINT('',(0.,-0.));
#3467 = VECTOR('',#3468,1.);
#3468 = DIRECTION('',(0.,1.));
#3469 = ( GEOMETRIC_REPRESENTATION_CONTEXT(2) 
PARAMETRIC_REPRESENTATION_CONTEXT() REPRESENTATION_CONTEXT('2D SPACE',''
  ) );
#3470 = ORIENTED_EDGE('',*,*,#2341,.F.);
#3471 = ORIENTED_EDGE('',*,*,#3428,.F.);
#3472 = ORIENTED_EDGE('',*,*,#1219,.T.);
#3473 = ADVANCED_FACE('',(#3474),#1207,.F.);
#3474 = FACE_BOUND('',#3475,.F.);
#3475 = EDGE_LOOP('',(#3476,#3477,#3478,#3479));
#3476 = ORIENTED_EDGE('',*,*,#2317,.F.);
#3477 = ORIENTED_EDGE('',*,*,#3450,.F.);
#3478 = ORIENTED_EDGE('',*,*,#1190,.T.);
#3479 = ORIENTED_EDGE('',*,*,#3480,.T.);
#3480 = EDGE_CURVE('',#1162,#2294,#3481,.T.);
#3481 = SURFACE_CURVE('',#3482,(#3486,#3492),.PCURVE_S1.);
#3482 = LINE('',#3483,#3484);
#3483 = CARTESIAN_POINT('',(-11.58578643762,25.5,7.));
#3484 = VECTOR('',#3485,1.);
#3485 = DIRECTION('',(0.,0.,1.));
#3486 = PCURVE('',#1207,#3487);
#3487 = DEFINITIONAL_REPRESENTATION('',(#3488),#3491);
#3488 = B_SPLINE_CURVE_WITH_KNOTS('',1,(#3489,#3490),.UNSPECIFIED.,.F.,
  .F.,(2,2),(-5.999999999062E-07,4.5000006),.PIECEWISE_BEZIER_KNOTS.);
#3489 = CARTESIAN_POINT('',(0.339836909454,-5.999999999062E-07));
#3490 = CARTESIAN_POINT('',(0.339836909454,4.5000006));
#3491 = ( GEOMETRIC_REPRESENTATION_CONTEXT(2) 
PARAMETRIC_REPRESENTATION_CONTEXT() REPRESENTATION_CONTEXT('2D SPACE',''
  ) );
#3492 = PCURVE('',#1178,#3493);
#3493 = DEFINITIONAL_REPRESENTATION('',(#3494),#3497);
#3494 = B_SPLINE_CURVE_WITH_KNOTS('',1,(#3495,#3496),.UNSPECIFIED.,.F.,
  .F.,(2,2),(-5.999999999062E-07,4.5000006),.PIECEWISE_BEZIER_KNOTS.);
#3495 = CARTESIAN_POINT('',(5.943348397725,-5.999999999062E-07));
#3496 = CARTESIAN_POINT('',(5.943348397725,4.5000006));
#3497 = ( GEOMETRIC_REPRESENTATION_CONTEXT(2) 
PARAMETRIC_REPRESENTATION_CONTEXT() REPRESENTATION_CONTEXT('2D SPACE',''
  ) );
#3498 = ADVANCED_FACE('',(#3499),#1178,.F.);
#3499 = FACE_BOUND('',#3500,.F.);
#3500 = EDGE_LOOP('',(#3501,#3502,#3503,#3504));
#3501 = ORIENTED_EDGE('',*,*,#3406,.T.);
#3502 = ORIENTED_EDGE('',*,*,#2293,.F.);
#3503 = ORIENTED_EDGE('',*,*,#3480,.F.);
#3504 = ORIENTED_EDGE('',*,*,#1161,.T.);
#3505 = ADVANCED_FACE('',(#3506),#1267,.F.);
#3506 = FACE_BOUND('',#3507,.F.);
#3507 = EDGE_LOOP('',(#3508,#3509,#3530,#3531));
#3508 = ORIENTED_EDGE('',*,*,#2365,.F.);
#3509 = ORIENTED_EDGE('',*,*,#3510,.F.);
#3510 = EDGE_CURVE('',#1249,#2366,#3511,.T.);
#3511 = SURFACE_CURVE('',#3512,(#3516,#3523),.PCURVE_S1.);
#3512 = LINE('',#3513,#3514);
#3513 = CARTESIAN_POINT('',(1.00000000014E-06,5.,7.));
#3514 = VECTOR('',#3515,1.);
#3515 = DIRECTION('',(0.,0.,1.));
#3516 = PCURVE('',#1267,#3517);
#3517 = DEFINITIONAL_REPRESENTATION('',(#3518),#3522);
#3518 = LINE('',#3519,#3520);
#3519 = CARTESIAN_POINT('',(4.712388980385,0.));
#3520 = VECTOR('',#3521,1.);
#3521 = DIRECTION('',(0.,1.));
#3522 = ( GEOMETRIC_REPRESENTATION_CONTEXT(2) 
PARAMETRIC_REPRESENTATION_CONTEXT() REPRESENTATION_CONTEXT('2D SPACE',''
  ) );
#3523 = PCURVE('',#1294,#3524);
#3524 = DEFINITIONAL_REPRESENTATION('',(#3525),#3529);
#3525 = LINE('',#3526,#3527);
#3526 = CARTESIAN_POINT('',(0.,2.00000000028E-06));
#3527 = VECTOR('',#3528,1.);
#3528 = DIRECTION('',(1.,0.));
#3529 = ( GEOMETRIC_REPRESENTATION_CONTEXT(2) 
PARAMETRIC_REPRESENTATION_CONTEXT() REPRESENTATION_CONTEXT('2D SPACE',''
  ) );
#3530 = ORIENTED_EDGE('',*,*,#1248,.T.);
#3531 = ORIENTED_EDGE('',*,*,#3532,.T.);
#3532 = EDGE_CURVE('',#1251,#2368,#3533,.T.);
#3533 = SURFACE_CURVE('',#3534,(#3538,#3544),.PCURVE_S1.);
#3534 = LINE('',#3535,#3536);
#3535 = CARTESIAN_POINT('',(4.,8.999999,7.));
#3536 = VECTOR('',#3537,1.);
#3537 = DIRECTION('',(0.,0.,1.));
#3538 = PCURVE('',#1267,#3539);
#3539 = DEFINITIONAL_REPRESENTATION('',(#3540),#3543);
#3540 = B_SPLINE_CURVE_WITH_KNOTS('',1,(#3541,#3542),.UNSPECIFIED.,.F.,
  .F.,(2,2),(0.,4.5),.PIECEWISE_BEZIER_KNOTS.);
#3541 = CARTESIAN_POINT('',(6.28318530718,0.));
#3542 = CARTESIAN_POINT('',(6.28318530718,4.5));
#3543 = ( GEOMETRIC_REPRESENTATION_CONTEXT(2) 
PARAMETRIC_REPRESENTATION_CONTEXT() REPRESENTATION_CONTEXT('2D SPACE',''
  ) );
#3544 = PCURVE('',#1457,#3545);
#3545 = DEFINITIONAL_REPRESENTATION('',(#3546),#3550);
#3546 = LINE('',#3547,#3548);
#3547 = CARTESIAN_POINT('',(0.,0.));
#3548 = VECTOR('',#3549,1.);
#3549 = DIRECTION('',(1.,0.));
#3550 = ( GEOMETRIC_REPRESENTATION_CONTEXT(2) 
PARAMETRIC_REPRESENTATION_CONTEXT() REPRESENTATION_CONTEXT('2D SPACE',''
  ) );
#3551 = ADVANCED_FACE('',(#3552),#1294,.T.);
#3552 = FACE_BOUND('',#3553,.T.);
#3553 = EDGE_LOOP('',(#3554,#3555,#3556,#3577));
#3554 = ORIENTED_EDGE('',*,*,#3510,.F.);
#3555 = ORIENTED_EDGE('',*,*,#1279,.T.);
#3556 = ORIENTED_EDGE('',*,*,#3557,.T.);
#3557 = EDGE_CURVE('',#1280,#2392,#3558,.T.);
#3558 = SURFACE_CURVE('',#3559,(#3563,#3570),.PCURVE_S1.);
#3559 = LINE('',#3560,#3561);
#3560 = CARTESIAN_POINT('',(-1.00000000014E-06,5.,7.));
#3561 = VECTOR('',#3562,1.);
#3562 = DIRECTION('',(0.,0.,1.));
#3563 = PCURVE('',#1294,#3564);
#3564 = DEFINITIONAL_REPRESENTATION('',(#3565),#3569);
#3565 = LINE('',#3566,#3567);
#3566 = CARTESIAN_POINT('',(0.,0.));
#3567 = VECTOR('',#3568,1.);
#3568 = DIRECTION('',(1.,0.));
#3569 = ( GEOMETRIC_REPRESENTATION_CONTEXT(2) 
PARAMETRIC_REPRESENTATION_CONTEXT() REPRESENTATION_CONTEXT('2D SPACE',''
  ) );
#3570 = PCURVE('',#1322,#3571);
#3571 = DEFINITIONAL_REPRESENTATION('',(#3572),#3576);
#3572 = LINE('',#3573,#3574);
#3573 = CARTESIAN_POINT('',(4.712388980385,0.));
#3574 = VECTOR('',#3575,1.);
#3575 = DIRECTION('',(0.,1.));
#3576 = ( GEOMETRIC_REPRESENTATION_CONTEXT(2) 
PARAMETRIC_REPRESENTATION_CONTEXT() REPRESENTATION_CONTEXT('2D SPACE',''
  ) );
#3577 = ORIENTED_EDGE('',*,*,#2391,.F.);
#3578 = ADVANCED_FACE('',(#3579),#1457,.F.);
#3579 = FACE_BOUND('',#3580,.F.);
#3580 = EDGE_LOOP('',(#3581,#3582,#3583,#3603));
#3581 = ORIENTED_EDGE('',*,*,#3532,.F.);
#3582 = ORIENTED_EDGE('',*,*,#1444,.T.);
#3583 = ORIENTED_EDGE('',*,*,#3584,.T.);
#3584 = EDGE_CURVE('',#1416,#2503,#3585,.T.);
#3585 = SURFACE_CURVE('',#3586,(#3590,#3597),.PCURVE_S1.);
#3586 = LINE('',#3587,#3588);
#3587 = CARTESIAN_POINT('',(4.,23.000001,7.));
#3588 = VECTOR('',#3589,1.);
#3589 = DIRECTION('',(0.,0.,1.));
#3590 = PCURVE('',#1457,#3591);
#3591 = DEFINITIONAL_REPRESENTATION('',(#3592),#3596);
#3592 = LINE('',#3593,#3594);
#3593 = CARTESIAN_POINT('',(0.,-14.000002));
#3594 = VECTOR('',#3595,1.);
#3595 = DIRECTION('',(1.,0.));
#3596 = ( GEOMETRIC_REPRESENTATION_CONTEXT(2) 
PARAMETRIC_REPRESENTATION_CONTEXT() REPRESENTATION_CONTEXT('2D SPACE',''
  ) );
#3597 = PCURVE('',#1432,#3598);
#3598 = DEFINITIONAL_REPRESENTATION('',(#3599),#3602);
#3599 = B_SPLINE_CURVE_WITH_KNOTS('',1,(#3600,#3601),.UNSPECIFIED.,.F.,
  .F.,(2,2),(0.,4.5),.PIECEWISE_BEZIER_KNOTS.);
#3600 = CARTESIAN_POINT('',(0.,0.));
#3601 = CARTESIAN_POINT('',(0.,4.5));
#3602 = ( GEOMETRIC_REPRESENTATION_CONTEXT(2) 
PARAMETRIC_REPRESENTATION_CONTEXT() REPRESENTATION_CONTEXT('2D SPACE',''
  ) );
#3603 = ORIENTED_EDGE('',*,*,#2526,.F.);
#3604 = ADVANCED_FACE('',(#3605),#1322,.F.);
#3605 = FACE_BOUND('',#3606,.F.);
#3606 = EDGE_LOOP('',(#3607,#3608,#3629,#3630));
#3607 = ORIENTED_EDGE('',*,*,#2412,.F.);
#3608 = ORIENTED_EDGE('',*,*,#3609,.F.);
#3609 = EDGE_CURVE('',#1306,#2413,#3610,.T.);
#3610 = SURFACE_CURVE('',#3611,(#3615,#3622),.PCURVE_S1.);
#3611 = LINE('',#3612,#3613);
#3612 = CARTESIAN_POINT('',(-4.,8.999999,7.));
#3613 = VECTOR('',#3614,1.);
#3614 = DIRECTION('',(0.,0.,1.));
#3615 = PCURVE('',#1322,#3616);
#3616 = DEFINITIONAL_REPRESENTATION('',(#3617),#3621);
#3617 = LINE('',#3618,#3619);
#3618 = CARTESIAN_POINT('',(3.14159265359,0.));
#3619 = VECTOR('',#3620,1.);
#3620 = DIRECTION('',(0.,1.));
#3621 = ( GEOMETRIC_REPRESENTATION_CONTEXT(2) 
PARAMETRIC_REPRESENTATION_CONTEXT() REPRESENTATION_CONTEXT('2D SPACE',''
  ) );
#3622 = PCURVE('',#1349,#3623);
#3623 = DEFINITIONAL_REPRESENTATION('',(#3624),#3628);
#3624 = LINE('',#3625,#3626);
#3625 = CARTESIAN_POINT('',(0.,0.));
#3626 = VECTOR('',#3627,1.);
#3627 = DIRECTION('',(1.,0.));
#3628 = ( GEOMETRIC_REPRESENTATION_CONTEXT(2) 
PARAMETRIC_REPRESENTATION_CONTEXT() REPRESENTATION_CONTEXT('2D SPACE',''
  ) );
#3629 = ORIENTED_EDGE('',*,*,#1305,.T.);
#3630 = ORIENTED_EDGE('',*,*,#3557,.T.);
#3631 = ADVANCED_FACE('',(#3632),#1432,.F.);
#3632 = FACE_BOUND('',#3633,.F.);
#3633 = EDGE_LOOP('',(#3634,#3635,#3636,#3637));
#3634 = ORIENTED_EDGE('',*,*,#2502,.F.);
#3635 = ORIENTED_EDGE('',*,*,#3584,.F.);
#3636 = ORIENTED_EDGE('',*,*,#1415,.T.);
#3637 = ORIENTED_EDGE('',*,*,#3638,.T.);
#3638 = EDGE_CURVE('',#1390,#2482,#3639,.T.);
#3639 = SURFACE_CURVE('',#3640,(#3644,#3651),.PCURVE_S1.);
#3640 = LINE('',#3641,#3642);
#3641 = CARTESIAN_POINT('',(1.00000000014E-06,27.,7.));
#3642 = VECTOR('',#3643,1.);
#3643 = DIRECTION('',(0.,0.,1.));
#3644 = PCURVE('',#1432,#3645);
#3645 = DEFINITIONAL_REPRESENTATION('',(#3646),#3650);
#3646 = LINE('',#3647,#3648);
#3647 = CARTESIAN_POINT('',(1.570796326795,0.));
#3648 = VECTOR('',#3649,1.);
#3649 = DIRECTION('',(0.,1.));
#3650 = ( GEOMETRIC_REPRESENTATION_CONTEXT(2) 
PARAMETRIC_REPRESENTATION_CONTEXT() REPRESENTATION_CONTEXT('2D SPACE',''
  ) );
#3651 = PCURVE('',#1404,#3652);
#3652 = DEFINITIONAL_REPRESENTATION('',(#3653),#3657);
#3653 = LINE('',#3654,#3655);
#3654 = CARTESIAN_POINT('',(0.,2.00000000028E-06));
#3655 = VECTOR('',#3656,1.);
#3656 = DIRECTION('',(1.,0.));
#3657 = ( GEOMETRIC_REPRESENTATION_CONTEXT(2) 
PARAMETRIC_REPRESENTATION_CONTEXT() REPRESENTATION_CONTEXT('2D SPACE',''
  ) );
#3658 = ADVANCED_FACE('',(#3659),#1349,.T.);
#3659 = FACE_BOUND('',#3660,.T.);
#3660 = EDGE_LOOP('',(#3661,#3662,#3663,#3684));
#3661 = ORIENTED_EDGE('',*,*,#3609,.F.);
#3662 = ORIENTED_EDGE('',*,*,#1334,.T.);
#3663 = ORIENTED_EDGE('',*,*,#3664,.T.);
#3664 = EDGE_CURVE('',#1335,#2437,#3665,.T.);
#3665 = SURFACE_CURVE('',#3666,(#3670,#3677),.PCURVE_S1.);
#3666 = LINE('',#3667,#3668);
#3667 = CARTESIAN_POINT('',(-4.,23.000001,7.));
#3668 = VECTOR('',#3669,1.);
#3669 = DIRECTION('',(0.,0.,1.));
#3670 = PCURVE('',#1349,#3671);
#3671 = DEFINITIONAL_REPRESENTATION('',(#3672),#3676);
#3672 = LINE('',#3673,#3674);
#3673 = CARTESIAN_POINT('',(0.,-14.000002));
#3674 = VECTOR('',#3675,1.);
#3675 = DIRECTION('',(1.,0.));
#3676 = ( GEOMETRIC_REPRESENTATION_CONTEXT(2) 
PARAMETRIC_REPRESENTATION_CONTEXT() REPRESENTATION_CONTEXT('2D SPACE',''
  ) );
#3677 = PCURVE('',#1377,#3678);
#3678 = DEFINITIONAL_REPRESENTATION('',(#3679),#3683);
#3679 = LINE('',#3680,#3681);
#3680 = CARTESIAN_POINT('',(3.14159265359,0.));
#3681 = VECTOR('',#3682,1.);
#3682 = DIRECTION('',(0.,1.));
#3683 = ( GEOMETRIC_REPRESENTATION_CONTEXT(2) 
PARAMETRIC_REPRESENTATION_CONTEXT() REPRESENTATION_CONTEXT('2D SPACE',''
  ) );
#3684 = ORIENTED_EDGE('',*,*,#2436,.F.);
#3685 = ADVANCED_FACE('',(#3686),#1404,.F.);
#3686 = FACE_BOUND('',#3687,.F.);
#3687 = EDGE_LOOP('',(#3688,#3689,#3690,#3711));
#3688 = ORIENTED_EDGE('',*,*,#3638,.F.);
#3689 = ORIENTED_EDGE('',*,*,#1389,.T.);
#3690 = ORIENTED_EDGE('',*,*,#3691,.T.);
#3691 = EDGE_CURVE('',#1361,#2458,#3692,.T.);
#3692 = SURFACE_CURVE('',#3693,(#3697,#3704),.PCURVE_S1.);
#3693 = LINE('',#3694,#3695);
#3694 = CARTESIAN_POINT('',(-1.00000000014E-06,27.,7.));
#3695 = VECTOR('',#3696,1.);
#3696 = DIRECTION('',(0.,0.,1.));
#3697 = PCURVE('',#1404,#3698);
#3698 = DEFINITIONAL_REPRESENTATION('',(#3699),#3703);
#3699 = LINE('',#3700,#3701);
#3700 = CARTESIAN_POINT('',(0.,0.));
#3701 = VECTOR('',#3702,1.);
#3702 = DIRECTION('',(1.,0.));
#3703 = ( GEOMETRIC_REPRESENTATION_CONTEXT(2) 
PARAMETRIC_REPRESENTATION_CONTEXT() REPRESENTATION_CONTEXT('2D SPACE',''
  ) );
#3704 = PCURVE('',#1377,#3705);
#3705 = DEFINITIONAL_REPRESENTATION('',(#3706),#3710);
#3706 = LINE('',#3707,#3708);
#3707 = CARTESIAN_POINT('',(1.570796326795,0.));
#3708 = VECTOR('',#3709,1.);
#3709 = DIRECTION('',(0.,1.));
#3710 = ( GEOMETRIC_REPRESENTATION_CONTEXT(2) 
PARAMETRIC_REPRESENTATION_CONTEXT() REPRESENTATION_CONTEXT('2D SPACE',''
  ) );
#3711 = ORIENTED_EDGE('',*,*,#2481,.F.);
#3712 = ADVANCED_FACE('',(#3713),#1377,.F.);
#3713 = FACE_BOUND('',#3714,.F.);
#3714 = EDGE_LOOP('',(#3715,#3716,#3717,#3718));
#3715 = ORIENTED_EDGE('',*,*,#2457,.F.);
#3716 = ORIENTED_EDGE('',*,*,#3691,.F.);
#3717 = ORIENTED_EDGE('',*,*,#1360,.T.);
#3718 = ORIENTED_EDGE('',*,*,#3664,.T.);
#3719 = ADVANCED_FACE('',(#3720),#1489,.F.);
#3720 = FACE_BOUND('',#3721,.F.);
#3721 = EDGE_LOOP('',(#3722,#3723,#3744,#3745));
#3722 = ORIENTED_EDGE('',*,*,#2547,.F.);
#3723 = ORIENTED_EDGE('',*,*,#3724,.F.);
#3724 = EDGE_CURVE('',#1471,#2548,#3725,.T.);
#3725 = SURFACE_CURVE('',#3726,(#3730,#3737),.PCURVE_S1.);
#3726 = LINE('',#3727,#3728);
#3727 = CARTESIAN_POINT('',(14.5,26.,7.));
#3728 = VECTOR('',#3729,1.);
#3729 = DIRECTION('',(0.,0.,1.));
#3730 = PCURVE('',#1489,#3731);
#3731 = DEFINITIONAL_REPRESENTATION('',(#3732),#3736);
#3732 = LINE('',#3733,#3734);
#3733 = CARTESIAN_POINT('',(0.,-0.));
#3734 = VECTOR('',#3735,1.);
#3735 = DIRECTION('',(0.,1.));
#3736 = ( GEOMETRIC_REPRESENTATION_CONTEXT(2) 
PARAMETRIC_REPRESENTATION_CONTEXT() REPRESENTATION_CONTEXT('2D SPACE',''
  ) );
#3737 = PCURVE('',#1518,#3738);
#3738 = DEFINITIONAL_REPRESENTATION('',(#3739),#3743);
#3739 = LINE('',#3740,#3741);
#3740 = CARTESIAN_POINT('',(6.28318530718,-0.));
#3741 = VECTOR('',#3742,1.);
#3742 = DIRECTION('',(0.,1.));
#3743 = ( GEOMETRIC_REPRESENTATION_CONTEXT(2) 
PARAMETRIC_REPRESENTATION_CONTEXT() REPRESENTATION_CONTEXT('2D SPACE',''
  ) );
#3744 = ORIENTED_EDGE('',*,*,#1470,.T.);
#3745 = ORIENTED_EDGE('',*,*,#3746,.T.);
#3746 = EDGE_CURVE('',#1473,#2550,#3747,.T.);
#3747 = SURFACE_CURVE('',#3748,(#3752,#3758),.PCURVE_S1.);
#3748 = LINE('',#3749,#3750);
#3749 = CARTESIAN_POINT('',(11.585786437627,25.5,7.));
#3750 = VECTOR('',#3751,1.);
#3751 = DIRECTION('',(0.,0.,1.));
#3752 = PCURVE('',#1489,#3753);
#3753 = DEFINITIONAL_REPRESENTATION('',(#3754),#3757);
#3754 = B_SPLINE_CURVE_WITH_KNOTS('',1,(#3755,#3756),.UNSPECIFIED.,.F.,
  .F.,(2,2),(-5.999999999062E-07,4.5000006),.PIECEWISE_BEZIER_KNOTS.);
#3755 = CARTESIAN_POINT('',(3.481429563044,-5.999999999062E-07));
#3756 = CARTESIAN_POINT('',(3.481429563044,4.5000006));
#3757 = ( GEOMETRIC_REPRESENTATION_CONTEXT(2) 
PARAMETRIC_REPRESENTATION_CONTEXT() REPRESENTATION_CONTEXT('2D SPACE',''
  ) );
#3758 = PCURVE('',#1574,#3759);
#3759 = DEFINITIONAL_REPRESENTATION('',(#3760),#3763);
#3760 = B_SPLINE_CURVE_WITH_KNOTS('',1,(#3761,#3762),.UNSPECIFIED.,.F.,
  .F.,(2,2),(-5.999999999062E-07,4.5000006),.PIECEWISE_BEZIER_KNOTS.);
#3761 = CARTESIAN_POINT('',(2.801755744136,-5.999999999062E-07));
#3762 = CARTESIAN_POINT('',(2.801755744136,4.5000006));
#3763 = ( GEOMETRIC_REPRESENTATION_CONTEXT(2) 
PARAMETRIC_REPRESENTATION_CONTEXT() REPRESENTATION_CONTEXT('2D SPACE',''
  ) );
#3764 = ADVANCED_FACE('',(#3765),#1574,.F.);
#3765 = FACE_BOUND('',#3766,.F.);
#3766 = EDGE_LOOP('',(#3767,#3788,#3789,#3790));
#3767 = ORIENTED_EDGE('',*,*,#3768,.T.);
#3768 = EDGE_CURVE('',#1531,#2598,#3769,.T.);
#3769 = SURFACE_CURVE('',#3770,(#3774,#3781),.PCURVE_S1.);
#3770 = LINE('',#3771,#3772);
#3771 = CARTESIAN_POINT('',(14.5,25.,7.));
#3772 = VECTOR('',#3773,1.);
#3773 = DIRECTION('',(0.,0.,1.));
#3774 = PCURVE('',#1574,#3775);
#3775 = DEFINITIONAL_REPRESENTATION('',(#3776),#3780);
#3776 = LINE('',#3777,#3778);
#3777 = CARTESIAN_POINT('',(6.28318530718,-0.));
#3778 = VECTOR('',#3779,1.);
#3779 = DIRECTION('',(0.,1.));
#3780 = ( GEOMETRIC_REPRESENTATION_CONTEXT(2) 
PARAMETRIC_REPRESENTATION_CONTEXT() REPRESENTATION_CONTEXT('2D SPACE',''
  ) );
#3781 = PCURVE('',#1547,#3782);
#3782 = DEFINITIONAL_REPRESENTATION('',(#3783),#3787);
#3783 = LINE('',#3784,#3785);
#3784 = CARTESIAN_POINT('',(0.,-0.));
#3785 = VECTOR('',#3786,1.);
#3786 = DIRECTION('',(0.,1.));
#3787 = ( GEOMETRIC_REPRESENTATION_CONTEXT(2) 
PARAMETRIC_REPRESENTATION_CONTEXT() REPRESENTATION_CONTEXT('2D SPACE',''
  ) );
#3788 = ORIENTED_EDGE('',*,*,#2621,.F.);
#3789 = ORIENTED_EDGE('',*,*,#3746,.F.);
#3790 = ORIENTED_EDGE('',*,*,#1559,.T.);
#3791 = ADVANCED_FACE('',(#3792),#1547,.F.);
#3792 = FACE_BOUND('',#3793,.F.);
#3793 = EDGE_LOOP('',(#3794,#3795,#3796,#3797));
#3794 = ORIENTED_EDGE('',*,*,#2597,.F.);
#3795 = ORIENTED_EDGE('',*,*,#3768,.F.);
#3796 = ORIENTED_EDGE('',*,*,#1530,.T.);
#3797 = ORIENTED_EDGE('',*,*,#3798,.T.);
#3798 = EDGE_CURVE('',#1502,#2574,#3799,.T.);
#3799 = SURFACE_CURVE('',#3800,(#3804,#3810),.PCURVE_S1.);
#3800 = LINE('',#3801,#3802);
#3801 = CARTESIAN_POINT('',(14.414213562373,25.5,7.));
#3802 = VECTOR('',#3803,1.);
#3803 = DIRECTION('',(0.,0.,1.));
#3804 = PCURVE('',#1547,#3805);
#3805 = DEFINITIONAL_REPRESENTATION('',(#3806),#3809);
#3806 = B_SPLINE_CURVE_WITH_KNOTS('',1,(#3807,#3808),.UNSPECIFIED.,.F.,
  .F.,(2,2),(-5.999999999062E-07,4.5000006),.PIECEWISE_BEZIER_KNOTS.);
#3807 = CARTESIAN_POINT('',(0.339836909454,-5.999999999062E-07));
#3808 = CARTESIAN_POINT('',(0.339836909454,4.5000006));
#3809 = ( GEOMETRIC_REPRESENTATION_CONTEXT(2) 
PARAMETRIC_REPRESENTATION_CONTEXT() REPRESENTATION_CONTEXT('2D SPACE',''
  ) );
#3810 = PCURVE('',#1518,#3811);
#3811 = DEFINITIONAL_REPRESENTATION('',(#3812),#3815);
#3812 = B_SPLINE_CURVE_WITH_KNOTS('',1,(#3813,#3814),.UNSPECIFIED.,.F.,
  .F.,(2,2),(-5.999999999062E-07,4.5000006),.PIECEWISE_BEZIER_KNOTS.);
#3813 = CARTESIAN_POINT('',(5.943348397725,-5.999999999062E-07));
#3814 = CARTESIAN_POINT('',(5.943348397725,4.5000006));
#3815 = ( GEOMETRIC_REPRESENTATION_CONTEXT(2) 
PARAMETRIC_REPRESENTATION_CONTEXT() REPRESENTATION_CONTEXT('2D SPACE',''
  ) );
#3816 = ADVANCED_FACE('',(#3817),#1518,.F.);
#3817 = FACE_BOUND('',#3818,.F.);
#3818 = EDGE_LOOP('',(#3819,#3820,#3821,#3822));
#3819 = ORIENTED_EDGE('',*,*,#3724,.T.);
#3820 = ORIENTED_EDGE('',*,*,#2573,.F.);
#3821 = ORIENTED_EDGE('',*,*,#3798,.F.);
#3822 = ORIENTED_EDGE('',*,*,#1501,.T.);
#3823 = ( GEOMETRIC_REPRESENTATION_CONTEXT(3) 
GLOBAL_UNCERTAINTY_ASSIGNED_CONTEXT((#3827)) 
GLOBAL_UNIT_ASSIGNED_CONTEXT((#3824,#3825,#3826)) REPRESENTATION_CONTEXT
('Context #1','3D Context with UNIT and UNCERTAINTY') );
#3824 = ( LENGTH_UNIT() NAMED_UNIT(*) SI_UNIT(.MILLI.,.METRE.) );
#3825 = ( NAMED_UNIT(*) PLANE_ANGLE_UNIT() SI_UNIT($,.RADIAN.) );
#3826 = ( NAMED_UNIT(*) SI_UNIT($,.STERADIAN.) SOLID_ANGLE_UNIT() );
#3827 = UNCERTAINTY_MEASURE_WITH_UNIT(LENGTH_MEASURE(1.E-07),#3824,
  'distance_accuracy_value','confusion accuracy');
#3828 = CONTEXT_DEPENDENT_SHAPE_REPRESENTATION(#3829,#3831);
#3829 = ( REPRESENTATION_RELATIONSHIP('','',#36,#10) 
REPRESENTATION_RELATIONSHIP_WITH_TRANSFORMATION(#3830) 
SHAPE_REPRESENTATION_RELATIONSHIP() );
#3830 = ITEM_DEFINED_TRANSFORMATION('','',#11,#15);
#3831 = PRODUCT_DEFINITION_SHAPE('Placement','Placement of an item',
  #3832);
#3832 = NEXT_ASSEMBLY_USAGE_OCCURRENCE('5','','',#5,#31,$);
#3833 = PRODUCT_RELATED_PRODUCT_CATEGORY('part',$,(#33));
#3834 = SHAPE_DEFINITION_REPRESENTATION(#3835,#3841);
#3835 = PRODUCT_DEFINITION_SHAPE('','',#3836);
#3836 = PRODUCT_DEFINITION('design','',#3837,#3840);
#3837 = PRODUCT_DEFINITION_FORMATION('','',#3838);
#3838 = PRODUCT('Open CASCADE STEP translator 7.8 3.2',
  'Open CASCADE STEP translator 7.8 3.2','',(#3839));
#3839 = PRODUCT_CONTEXT('',#2,'mechanical');
#3840 = PRODUCT_DEFINITION_CONTEXT('part definition',#2,'design');
#3841 = GEOMETRICALLY_BOUNDED_WIREFRAME_SHAPE_REPRESENTATION('',(#11,
    #3842),#3850);
#3842 = GEOMETRIC_CURVE_SET('',(#3843,#3844,#3845,#3846,#3847,#3848,
    #3849));
#3843 = CARTESIAN_POINT('',(13.,25.426407547177,8.));
#3844 = CARTESIAN_POINT('',(8.891504716986,32.,8.));
#3845 = CARTESIAN_POINT('',(-8.891504716986,32.,8.));
#3846 = CARTESIAN_POINT('',(-13.,25.426407547177,8.));
#3847 = CARTESIAN_POINT('',(-13.,-46.92963248302,8.));
#3848 = CARTESIAN_POINT('',(0.,-55.59629914969,8.));
#3849 = CARTESIAN_POINT('',(13.,-46.92963248302,8.));
#3850 = ( GEOMETRIC_REPRESENTATION_CONTEXT(3) 
GLOBAL_UNCERTAINTY_ASSIGNED_CONTEXT((#3854)) 
GLOBAL_UNIT_ASSIGNED_CONTEXT((#3851,#3852,#3853)) REPRESENTATION_CONTEXT
('Context #1','3D Context with UNIT and UNCERTAINTY') );
#3851 = ( LENGTH_UNIT() NAMED_UNIT(*) SI_UNIT(.MILLI.,.METRE.) );
#3852 = ( NAMED_UNIT(*) PLANE_ANGLE_UNIT() SI_UNIT($,.RADIAN.) );
#3853 = ( NAMED_UNIT(*) SI_UNIT($,.STERADIAN.) SOLID_ANGLE_UNIT() );
#3854 = UNCERTAINTY_MEASURE_WITH_UNIT(LENGTH_MEASURE(1.E-07),#3851,
  'distance_accuracy_value','confusion accuracy');
#3855 = CONTEXT_DEPENDENT_SHAPE_REPRESENTATION(#3856,#3858);
#3856 = ( REPRESENTATION_RELATIONSHIP('','',#3841,#10) 
REPRESENTATION_RELATIONSHIP_WITH_TRANSFORMATION(#3857) 
SHAPE_REPRESENTATION_RELATIONSHIP() );
#3857 = ITEM_DEFINED_TRANSFORMATION('','',#11,#19);
#3858 = PRODUCT_DEFINITION_SHAPE('Placement','Placement of an item',
  #3859);
#3859 = NEXT_ASSEMBLY_USAGE_OCCURRENCE('6','','',#5,#3836,$);
#3860 = PRODUCT_RELATED_PRODUCT_CATEGORY('part',$,(#3838));
ENDSEC;
END-ISO-10303-21;
