ISO-10303-21;
HEADER;
FILE_NAME('Open CASCADE Shape Model','2026-07-27T19:37:41',('Author'),(
    'Open CASCADE'),'Open CASCADE STEP processor 7.8','Open CASCADE 7.8'
  ,'Unknown');
FILE_DESCRIPTION(('Open CASCADE Model'),'2;1');
FILE_SCHEMA(('AUTOMOTIVE_DESIGN { 1 0 10303 214 1 1 1 1 }'));
ENDSEC;
DATA;
#1 = APPLICATION_PROTOCOL_DEFINITION('international standard',
  'automotive_design',2000,#2);
#2 = APPLICATION_CONTEXT(
  'core data for automotive mechanical design processes');
#3 = SHAPE_DEFINITION_REPRESENTATION(#4,#10);
#4 = PRODUCT_DEFINITION_SHAPE('','',#5);
#5 = PRODUCT_DEFINITION('design','',#6,#9);
#6 = PRODUCT_DEFINITION_FORMATION('','',#7);
#7 = PRODUCT('Open CASCADE STEP translator 7.8 2',
  'Open CASCADE STEP translator 7.8 2','',(#8));
#8 = PRODUCT_CONTEXT('',#2,'mechanical');
#9 = PRODUCT_DEFINITION_CONTEXT('part definition',#2,'design');
#10 = SHAPE_REPRESENTATION('',(#11,#15,#19),#23);
#11 = AXIS2_PLACEMENT_3D('',#12,#13,#14);
#12 = CARTESIAN_POINT('',(0.,0.,0.));
#13 = DIRECTION('',(0.,0.,1.));
#14 = DIRECTION('',(1.,0.,-0.));
#15 = AXIS2_PLACEMENT_3D('',#16,#17,#18);
#16 = CARTESIAN_POINT('',(0.,0.,0.));
#17 = DIRECTION('',(0.,0.,1.));
#18 = DIRECTION('',(1.,0.,-0.));
#19 = AXIS2_PLACEMENT_3D('',#20,#21,#22);
#20 = CARTESIAN_POINT('',(0.,0.,0.));
#21 = DIRECTION('',(0.,0.,1.));
#22 = DIRECTION('',(1.,0.,-0.));
#23 = ( GEOMETRIC_REPRESENTATION_CONTEXT(3) 
GLOBAL_UNCERTAINTY_ASSIGNED_CONTEXT((#27)) GLOBAL_UNIT_ASSIGNED_CONTEXT(
(#24,#25,#26)) REPRESENTATION_CONTEXT('Context #1',
  '3D Context with UNIT and UNCERTAINTY') );
#24 = ( LENGTH_UNIT() NAMED_UNIT(*) SI_UNIT(.MILLI.,.METRE.) );
#25 = ( NAMED_UNIT(*) PLANE_ANGLE_UNIT() SI_UNIT($,.RADIAN.) );
#26 = ( NAMED_UNIT(*) SI_UNIT($,.STERADIAN.) SOLID_ANGLE_UNIT() );
#27 = UNCERTAINTY_MEASURE_WITH_UNIT(LENGTH_MEASURE(1.E-07),#24,
  'distance_accuracy_value','confusion accuracy');
#28 = PRODUCT_RELATED_PRODUCT_CATEGORY('part',$,(#7));
#29 = SHAPE_DEFINITION_REPRESENTATION(#30,#36);
#30 = PRODUCT_DEFINITION_SHAPE('','',#31);
#31 = PRODUCT_DEFINITION('design','',#32,#35);
#32 = PRODUCT_DEFINITION_FORMATION('','',#33);
#33 = PRODUCT('Open CASCADE STEP translator 7.8 2.1',
  'Open CASCADE STEP translator 7.8 2.1','',(#34));
#34 = PRODUCT_CONTEXT('',#2,'mechanical');
#35 = PRODUCT_DEFINITION_CONTEXT('part definition',#2,'design');
#36 = ADVANCED_BREP_SHAPE_REPRESENTATION('',(#11,#37),#13347);
#37 = MANIFOLD_SOLID_BREP('',#38);
#38 = CLOSED_SHELL('',(#39,#161,#237,#313,#5112,#9126,#9153,#9180,#9207,
    #9234,#9261,#9288,#9315,#9342,#9369,#9396,#9423,#9450,#9477,#9504,
    #9531,#9558,#9585,#9612,#9639,#9666,#9693,#9720,#9747,#9774,#9801,
    #9828,#9855,#9882,#9909,#9936,#9963,#9990,#10017,#10044,#10071,
    #10098,#10125,#10152,#10179,#10206,#10233,#10260,#10287,#10314,
    #10341,#10368,#10395,#10422,#10449,#10476,#10503,#10530,#10557,
    #10584,#10611,#10638,#10665,#10692,#10719,#10746,#10773,#10800,
    #10827,#10854,#10881,#10908,#10935,#10962,#10989,#11016,#11043,
    #11070,#11077,#11104,#11131,#11174,#11201,#11228,#11255,#11282,
    #11308,#11335,#11360,#11386,#11413,#11438,#11445,#11472,#11519,
    #11546,#11573,#11600,#11627,#11653,#11679,#11686,#11729,#11756,
    #11783,#11810,#11837,#11864,#11891,#11916,#11942,#11969,#11994,
    #12001,#12028,#12055,#12102,#12129,#12154,#12180,#12205,#12230,
    #12257,#12284,#12311,#12336,#12362,#12369,#12414,#12441,#12466,
    #12473,#12520,#12547,#12574,#12601,#12628,#12654,#12680,#12687,
    #12730,#12757,#12784,#12811,#12838,#12865,#12892,#12918,#12943,
    #12968,#12995,#13002,#13029,#13076,#13103,#13130,#13157,#13184,
    #13210,#13236,#13243,#13288,#13315,#13340));
#39 = ADVANCED_FACE('',(#40),#54,.T.);
#40 = FACE_BOUND('',#41,.T.);
#41 = EDGE_LOOP('',(#42,#77,#106,#134));
#42 = ORIENTED_EDGE('',*,*,#43,.T.);
#43 = EDGE_CURVE('',#44,#46,#48,.T.);
#44 = VERTEX_POINT('',#45);
#45 = CARTESIAN_POINT('',(8.666666666667,48.,5.5));
#46 = VERTEX_POINT('',#47);
#47 = CARTESIAN_POINT('',(8.666666666667,48.,8.));
#48 = SURFACE_CURVE('',#49,(#53,#65),.PCURVE_S1.);
#49 = LINE('',#50,#51);
#50 = CARTESIAN_POINT('',(8.666666666667,48.,5.5));
#51 = VECTOR('',#52,1.);
#52 = DIRECTION('',(0.,0.,1.));
#53 = PCURVE('',#54,#59);
#54 = CYLINDRICAL_SURFACE('',#55,2.);
#55 = AXIS2_PLACEMENT_3D('',#56,#57,#58);
#56 = CARTESIAN_POINT('',(8.666666666667,46.,5.5));
#57 = DIRECTION('',(0.,-0.,-1.));
#58 = DIRECTION('',(1.,0.,-0.));
#59 = DEFINITIONAL_REPRESENTATION('',(#60),#64);
#60 = LINE('',#61,#62);
#61 = CARTESIAN_POINT('',(4.712388980385,0.));
#62 = VECTOR('',#63,1.);
#63 = DIRECTION('',(0.,-1.));
#64 = ( GEOMETRIC_REPRESENTATION_CONTEXT(2) 
PARAMETRIC_REPRESENTATION_CONTEXT() REPRESENTATION_CONTEXT('2D SPACE',''
  ) );
#65 = PCURVE('',#66,#71);
#66 = PLANE('',#67);
#67 = AXIS2_PLACEMENT_3D('',#68,#69,#70);
#68 = CARTESIAN_POINT('',(-8.666666666667,48.,5.5));
#69 = DIRECTION('',(0.,1.,0.));
#70 = DIRECTION('',(1.,0.,0.));
#71 = DEFINITIONAL_REPRESENTATION('',(#72),#76);
#72 = LINE('',#73,#74);
#73 = CARTESIAN_POINT('',(17.333333333333,0.));
#74 = VECTOR('',#75,1.);
#75 = DIRECTION('',(0.,-1.));
#76 = ( GEOMETRIC_REPRESENTATION_CONTEXT(2) 
PARAMETRIC_REPRESENTATION_CONTEXT() REPRESENTATION_CONTEXT('2D SPACE',''
  ) );
#77 = ORIENTED_EDGE('',*,*,#78,.T.);
#78 = EDGE_CURVE('',#46,#79,#81,.T.);
#79 = VERTEX_POINT('',#80);
#80 = CARTESIAN_POINT('',(10.512820512821,46.769230769231,8.));
#81 = SURFACE_CURVE('',#82,(#87,#94),.PCURVE_S1.);
#82 = CIRCLE('',#83,2.);
#83 = AXIS2_PLACEMENT_3D('',#84,#85,#86);
#84 = CARTESIAN_POINT('',(8.666666666667,46.,8.));
#85 = DIRECTION('',(0.,-0.,-1.));
#86 = DIRECTION('',(1.,0.,-0.));
#87 = PCURVE('',#54,#88);
#88 = DEFINITIONAL_REPRESENTATION('',(#89),#93);
#89 = LINE('',#90,#91);
#90 = CARTESIAN_POINT('',(0.,-2.5));
#91 = VECTOR('',#92,1.);
#92 = DIRECTION('',(1.,0.));
#93 = ( GEOMETRIC_REPRESENTATION_CONTEXT(2) 
PARAMETRIC_REPRESENTATION_CONTEXT() REPRESENTATION_CONTEXT('2D SPACE',''
  ) );
#94 = PCURVE('',#95,#100);
#95 = PLANE('',#96);
#96 = AXIS2_PLACEMENT_3D('',#97,#98,#99);
#97 = CARTESIAN_POINT('',(-9.357156872553E-16,-8.472131540219,8.));
#98 = DIRECTION('',(-0.,-0.,-1.));
#99 = DIRECTION('',(-1.,0.,0.));
#100 = DEFINITIONAL_REPRESENTATION('',(#101),#105);
#101 = CIRCLE('',#102,2.);
#102 = AXIS2_PLACEMENT_2D('',#103,#104);
#103 = CARTESIAN_POINT('',(-8.666666666667,54.472131540219));
#104 = DIRECTION('',(-1.,0.));
#105 = ( GEOMETRIC_REPRESENTATION_CONTEXT(2) 
PARAMETRIC_REPRESENTATION_CONTEXT() REPRESENTATION_CONTEXT('2D SPACE',''
  ) );
#106 = ORIENTED_EDGE('',*,*,#107,.F.);
#107 = EDGE_CURVE('',#108,#79,#110,.T.);
#108 = VERTEX_POINT('',#109);
#109 = CARTESIAN_POINT('',(10.512820512821,46.769230769231,5.5));
#110 = SURFACE_CURVE('',#111,(#115,#122),.PCURVE_S1.);
#111 = LINE('',#112,#113);
#112 = CARTESIAN_POINT('',(10.512820512821,46.769230769231,5.5));
#113 = VECTOR('',#114,1.);
#114 = DIRECTION('',(0.,0.,1.));
#115 = PCURVE('',#54,#116);
#116 = DEFINITIONAL_REPRESENTATION('',(#117),#121);
#117 = LINE('',#118,#119);
#118 = CARTESIAN_POINT('',(5.88839418748,0.));
#119 = VECTOR('',#120,1.);
#120 = DIRECTION('',(0.,-1.));
#121 = ( GEOMETRIC_REPRESENTATION_CONTEXT(2) 
PARAMETRIC_REPRESENTATION_CONTEXT() REPRESENTATION_CONTEXT('2D SPACE',''
  ) );
#122 = PCURVE('',#123,#128);
#123 = PLANE('',#124);
#124 = AXIS2_PLACEMENT_3D('',#125,#126,#127);
#125 = CARTESIAN_POINT('',(10.512820512821,46.769230769231,5.5));
#126 = DIRECTION('',(0.923076923077,0.384615384615,-0.));
#127 = DIRECTION('',(0.384615384615,-0.923076923077,0.));
#128 = DEFINITIONAL_REPRESENTATION('',(#129),#133);
#129 = LINE('',#130,#131);
#130 = CARTESIAN_POINT('',(0.,0.));
#131 = VECTOR('',#132,1.);
#132 = DIRECTION('',(0.,-1.));
#133 = ( GEOMETRIC_REPRESENTATION_CONTEXT(2) 
PARAMETRIC_REPRESENTATION_CONTEXT() REPRESENTATION_CONTEXT('2D SPACE',''
  ) );
#134 = ORIENTED_EDGE('',*,*,#135,.F.);
#135 = EDGE_CURVE('',#44,#108,#136,.T.);
#136 = SURFACE_CURVE('',#137,(#142,#149),.PCURVE_S1.);
#137 = CIRCLE('',#138,2.);
#138 = AXIS2_PLACEMENT_3D('',#139,#140,#141);
#139 = CARTESIAN_POINT('',(8.666666666667,46.,5.5));
#140 = DIRECTION('',(0.,-0.,-1.));
#141 = DIRECTION('',(1.,0.,-0.));
#142 = PCURVE('',#54,#143);
#143 = DEFINITIONAL_REPRESENTATION('',(#144),#148);
#144 = LINE('',#145,#146);
#145 = CARTESIAN_POINT('',(0.,0.));
#146 = VECTOR('',#147,1.);
#147 = DIRECTION('',(1.,0.));
#148 = ( GEOMETRIC_REPRESENTATION_CONTEXT(2) 
PARAMETRIC_REPRESENTATION_CONTEXT() REPRESENTATION_CONTEXT('2D SPACE',''
  ) );
#149 = PCURVE('',#150,#155);
#150 = PLANE('',#151);
#151 = AXIS2_PLACEMENT_3D('',#152,#153,#154);
#152 = CARTESIAN_POINT('',(-9.357156872553E-16,-8.472131540219,5.5));
#153 = DIRECTION('',(-0.,-0.,-1.));
#154 = DIRECTION('',(-1.,0.,0.));
#155 = DEFINITIONAL_REPRESENTATION('',(#156),#160);
#156 = CIRCLE('',#157,2.);
#157 = AXIS2_PLACEMENT_2D('',#158,#159);
#158 = CARTESIAN_POINT('',(-8.666666666667,54.472131540219));
#159 = DIRECTION('',(-1.,0.));
#160 = ( GEOMETRIC_REPRESENTATION_CONTEXT(2) 
PARAMETRIC_REPRESENTATION_CONTEXT() REPRESENTATION_CONTEXT('2D SPACE',''
  ) );
#161 = ADVANCED_FACE('',(#162),#66,.T.);
#162 = FACE_BOUND('',#163,.T.);
#163 = EDGE_LOOP('',(#164,#194,#215,#216));
#164 = ORIENTED_EDGE('',*,*,#165,.T.);
#165 = EDGE_CURVE('',#166,#168,#170,.T.);
#166 = VERTEX_POINT('',#167);
#167 = CARTESIAN_POINT('',(-8.666666666667,48.,5.5));
#168 = VERTEX_POINT('',#169);
#169 = CARTESIAN_POINT('',(-8.666666666667,48.,8.));
#170 = SURFACE_CURVE('',#171,(#175,#182),.PCURVE_S1.);
#171 = LINE('',#172,#173);
#172 = CARTESIAN_POINT('',(-8.666666666667,48.,5.5));
#173 = VECTOR('',#174,1.);
#174 = DIRECTION('',(0.,0.,1.));
#175 = PCURVE('',#66,#176);
#176 = DEFINITIONAL_REPRESENTATION('',(#177),#181);
#177 = LINE('',#178,#179);
#178 = CARTESIAN_POINT('',(0.,0.));
#179 = VECTOR('',#180,1.);
#180 = DIRECTION('',(0.,-1.));
#181 = ( GEOMETRIC_REPRESENTATION_CONTEXT(2) 
PARAMETRIC_REPRESENTATION_CONTEXT() REPRESENTATION_CONTEXT('2D SPACE',''
  ) );
#182 = PCURVE('',#183,#188);
#183 = CYLINDRICAL_SURFACE('',#184,2.);
#184 = AXIS2_PLACEMENT_3D('',#185,#186,#187);
#185 = CARTESIAN_POINT('',(-8.666666666667,46.,5.5));
#186 = DIRECTION('',(0.,0.,-1.));
#187 = DIRECTION('',(1.,0.,0.));
#188 = DEFINITIONAL_REPRESENTATION('',(#189),#193);
#189 = LINE('',#190,#191);
#190 = CARTESIAN_POINT('',(4.712388980385,0.));
#191 = VECTOR('',#192,1.);
#192 = DIRECTION('',(0.,-1.));
#193 = ( GEOMETRIC_REPRESENTATION_CONTEXT(2) 
PARAMETRIC_REPRESENTATION_CONTEXT() REPRESENTATION_CONTEXT('2D SPACE',''
  ) );
#194 = ORIENTED_EDGE('',*,*,#195,.T.);
#195 = EDGE_CURVE('',#168,#46,#196,.T.);
#196 = SURFACE_CURVE('',#197,(#201,#208),.PCURVE_S1.);
#197 = LINE('',#198,#199);
#198 = CARTESIAN_POINT('',(-8.666666666667,48.,8.));
#199 = VECTOR('',#200,1.);
#200 = DIRECTION('',(1.,0.,0.));
#201 = PCURVE('',#66,#202);
#202 = DEFINITIONAL_REPRESENTATION('',(#203),#207);
#203 = LINE('',#204,#205);
#204 = CARTESIAN_POINT('',(0.,-2.5));
#205 = VECTOR('',#206,1.);
#206 = DIRECTION('',(1.,0.));
#207 = ( GEOMETRIC_REPRESENTATION_CONTEXT(2) 
PARAMETRIC_REPRESENTATION_CONTEXT() REPRESENTATION_CONTEXT('2D SPACE',''
  ) );
#208 = PCURVE('',#95,#209);
#209 = DEFINITIONAL_REPRESENTATION('',(#210),#214);
#210 = LINE('',#211,#212);
#211 = CARTESIAN_POINT('',(8.666666666667,56.472131540219));
#212 = VECTOR('',#213,1.);
#213 = DIRECTION('',(-1.,0.));
#214 = ( GEOMETRIC_REPRESENTATION_CONTEXT(2) 
PARAMETRIC_REPRESENTATION_CONTEXT() REPRESENTATION_CONTEXT('2D SPACE',''
  ) );
#215 = ORIENTED_EDGE('',*,*,#43,.F.);
#216 = ORIENTED_EDGE('',*,*,#217,.F.);
#217 = EDGE_CURVE('',#166,#44,#218,.T.);
#218 = SURFACE_CURVE('',#219,(#223,#230),.PCURVE_S1.);
#219 = LINE('',#220,#221);
#220 = CARTESIAN_POINT('',(-8.666666666667,48.,5.5));
#221 = VECTOR('',#222,1.);
#222 = DIRECTION('',(1.,0.,0.));
#223 = PCURVE('',#66,#224);
#224 = DEFINITIONAL_REPRESENTATION('',(#225),#229);
#225 = LINE('',#226,#227);
#226 = CARTESIAN_POINT('',(0.,0.));
#227 = VECTOR('',#228,1.);
#228 = DIRECTION('',(1.,0.));
#229 = ( GEOMETRIC_REPRESENTATION_CONTEXT(2) 
PARAMETRIC_REPRESENTATION_CONTEXT() REPRESENTATION_CONTEXT('2D SPACE',''
  ) );
#230 = PCURVE('',#150,#231);
#231 = DEFINITIONAL_REPRESENTATION('',(#232),#236);
#232 = LINE('',#233,#234);
#233 = CARTESIAN_POINT('',(8.666666666667,56.472131540219));
#234 = VECTOR('',#235,1.);
#235 = DIRECTION('',(-1.,0.));
#236 = ( GEOMETRIC_REPRESENTATION_CONTEXT(2) 
PARAMETRIC_REPRESENTATION_CONTEXT() REPRESENTATION_CONTEXT('2D SPACE',''
  ) );
#237 = ADVANCED_FACE('',(#238),#123,.T.);
#238 = FACE_BOUND('',#239,.T.);
#239 = EDGE_LOOP('',(#240,#241,#264,#292));
#240 = ORIENTED_EDGE('',*,*,#107,.T.);
#241 = ORIENTED_EDGE('',*,*,#242,.T.);
#242 = EDGE_CURVE('',#79,#243,#245,.T.);
#243 = VERTEX_POINT('',#244);
#244 = CARTESIAN_POINT('',(12.493223162414,42.016264410207,8.));
#245 = SURFACE_CURVE('',#246,(#250,#257),.PCURVE_S1.);
#246 = LINE('',#247,#248);
#247 = CARTESIAN_POINT('',(10.512820512821,46.769230769231,8.));
#248 = VECTOR('',#249,1.);
#249 = DIRECTION('',(0.384615384615,-0.923076923077,0.));
#250 = PCURVE('',#123,#251);
#251 = DEFINITIONAL_REPRESENTATION('',(#252),#256);
#252 = LINE('',#253,#254);
#253 = CARTESIAN_POINT('',(0.,-2.5));
#254 = VECTOR('',#255,1.);
#255 = DIRECTION('',(1.,0.));
#256 = ( GEOMETRIC_REPRESENTATION_CONTEXT(2) 
PARAMETRIC_REPRESENTATION_CONTEXT() REPRESENTATION_CONTEXT('2D SPACE',''
  ) );
#257 = PCURVE('',#95,#258);
#258 = DEFINITIONAL_REPRESENTATION('',(#259),#263);
#259 = LINE('',#260,#261);
#260 = CARTESIAN_POINT('',(-10.51282051282,55.24136230945));
#261 = VECTOR('',#262,1.);
#262 = DIRECTION('',(-0.384615384615,-0.923076923077));
#263 = ( GEOMETRIC_REPRESENTATION_CONTEXT(2) 
PARAMETRIC_REPRESENTATION_CONTEXT() REPRESENTATION_CONTEXT('2D SPACE',''
  ) );
#264 = ORIENTED_EDGE('',*,*,#265,.F.);
#265 = EDGE_CURVE('',#266,#243,#268,.T.);
#266 = VERTEX_POINT('',#267);
#267 = CARTESIAN_POINT('',(12.493223162414,42.016264410207,5.5));
#268 = SURFACE_CURVE('',#269,(#273,#280),.PCURVE_S1.);
#269 = LINE('',#270,#271);
#270 = CARTESIAN_POINT('',(12.493223162414,42.016264410207,5.5));
#271 = VECTOR('',#272,1.);
#272 = DIRECTION('',(0.,0.,1.));
#273 = PCURVE('',#123,#274);
#274 = DEFINITIONAL_REPRESENTATION('',(#275),#279);
#275 = LINE('',#276,#277);
#276 = CARTESIAN_POINT('',(5.149046888942,0.));
#277 = VECTOR('',#278,1.);
#278 = DIRECTION('',(0.,-1.));
#279 = ( GEOMETRIC_REPRESENTATION_CONTEXT(2) 
PARAMETRIC_REPRESENTATION_CONTEXT() REPRESENTATION_CONTEXT('2D SPACE',''
  ) );
#280 = PCURVE('',#281,#286);
#281 = CYLINDRICAL_SURFACE('',#282,2.);
#282 = AXIS2_PLACEMENT_3D('',#283,#284,#285);
#283 = CARTESIAN_POINT('',(14.339377008568,42.785495179438,5.5));
#284 = DIRECTION('',(-0.,0.,-1.));
#285 = DIRECTION('',(-1.,0.,0.));
#286 = DEFINITIONAL_REPRESENTATION('',(#287),#291);
#287 = LINE('',#288,#289);
#288 = CARTESIAN_POINT('',(-0.3947911197,0.));
#289 = VECTOR('',#290,1.);
#290 = DIRECTION('',(-0.,-1.));
#291 = ( GEOMETRIC_REPRESENTATION_CONTEXT(2) 
PARAMETRIC_REPRESENTATION_CONTEXT() REPRESENTATION_CONTEXT('2D SPACE',''
  ) );
#292 = ORIENTED_EDGE('',*,*,#293,.F.);
#293 = EDGE_CURVE('',#108,#266,#294,.T.);
#294 = SURFACE_CURVE('',#295,(#299,#306),.PCURVE_S1.);
#295 = LINE('',#296,#297);
#296 = CARTESIAN_POINT('',(10.512820512821,46.769230769231,5.5));
#297 = VECTOR('',#298,1.);
#298 = DIRECTION('',(0.384615384615,-0.923076923077,0.));
#299 = PCURVE('',#123,#300);
#300 = DEFINITIONAL_REPRESENTATION('',(#301),#305);
#301 = LINE('',#302,#303);
#302 = CARTESIAN_POINT('',(0.,0.));
#303 = VECTOR('',#304,1.);
#304 = DIRECTION('',(1.,0.));
#305 = ( GEOMETRIC_REPRESENTATION_CONTEXT(2) 
PARAMETRIC_REPRESENTATION_CONTEXT() REPRESENTATION_CONTEXT('2D SPACE',''
  ) );
#306 = PCURVE('',#150,#307);
#307 = DEFINITIONAL_REPRESENTATION('',(#308),#312);
#308 = LINE('',#309,#310);
#309 = CARTESIAN_POINT('',(-10.51282051282,55.24136230945));
#310 = VECTOR('',#311,1.);
#311 = DIRECTION('',(-0.384615384615,-0.923076923077));
#312 = ( GEOMETRIC_REPRESENTATION_CONTEXT(2) 
PARAMETRIC_REPRESENTATION_CONTEXT() REPRESENTATION_CONTEXT('2D SPACE',''
  ) );
#313 = ADVANCED_FACE('',(#314,#2468,#2503,#2538,#2901,#2936,#3174,#3537,
    #3572,#3607,#3970,#4104,#4342,#4705,#4740,#4978),#150,.T.);
#314 = FACE_BOUND('',#315,.T.);
#315 = EDGE_LOOP('',(#316,#317,#318,#346,#374,#407,#435,#464,#492,#525,
    #553,#582,#610,#639,#667,#700,#728,#761,#789,#822,#850,#879,#907,
    #936,#964,#997,#1025,#1058,#1086,#1119,#1147,#1180,#1208,#1237,#1265
    ,#1294,#1322,#1351,#1379,#1408,#1436,#1465,#1493,#1522,#1550,#1583,
    #1611,#1644,#1672,#1705,#1733,#1766,#1794,#1823,#1851,#1880,#1908,
    #1941,#1969,#2002,#2030,#2063,#2091,#2120,#2148,#2177,#2205,#2238,
    #2266,#2295,#2323,#2356,#2384,#2417,#2445,#2467));
#316 = ORIENTED_EDGE('',*,*,#135,.T.);
#317 = ORIENTED_EDGE('',*,*,#293,.T.);
#318 = ORIENTED_EDGE('',*,*,#319,.T.);
#319 = EDGE_CURVE('',#266,#320,#322,.T.);
#320 = VERTEX_POINT('',#321);
#321 = CARTESIAN_POINT('',(12.507062338763,41.983857511398,5.5));
#322 = SURFACE_CURVE('',#323,(#328,#339),.PCURVE_S1.);
#323 = CIRCLE('',#324,2.);
#324 = AXIS2_PLACEMENT_3D('',#325,#326,#327);
#325 = CARTESIAN_POINT('',(14.339377008568,42.785495179438,5.5));
#326 = DIRECTION('',(0.,-0.,1.));
#327 = DIRECTION('',(-1.,0.,0.));
#328 = PCURVE('',#150,#329);
#329 = DEFINITIONAL_REPRESENTATION('',(#330),#338);
#330 = ( BOUNDED_CURVE() B_SPLINE_CURVE(2,(#331,#332,#333,#334,#335,#336
,#337),.UNSPECIFIED.,.T.,.F.) B_SPLINE_CURVE_WITH_KNOTS((1,2,2,2,2,1),(
    -2.094395102393,0.,2.094395102393,4.188790204786,6.28318530718,
8.377580409573),.UNSPECIFIED.) CURVE() GEOMETRIC_REPRESENTATION_ITEM() 
RATIONAL_B_SPLINE_CURVE((1.,0.5,1.,0.5,1.,0.5,1.)) REPRESENTATION_ITEM(
  '') );
#331 = CARTESIAN_POINT('',(-12.33937700856,51.257626719657));
#332 = CARTESIAN_POINT('',(-12.33937700856,47.793525104519));
#333 = CARTESIAN_POINT('',(-15.33937700856,49.525575912088));
#334 = CARTESIAN_POINT('',(-18.33937700856,51.257626719657));
#335 = CARTESIAN_POINT('',(-15.33937700856,52.989677527226));
#336 = CARTESIAN_POINT('',(-12.33937700856,54.721728334795));
#337 = CARTESIAN_POINT('',(-12.33937700856,51.257626719657));
#338 = ( GEOMETRIC_REPRESENTATION_CONTEXT(2) 
PARAMETRIC_REPRESENTATION_CONTEXT() REPRESENTATION_CONTEXT('2D SPACE',''
  ) );
#339 = PCURVE('',#281,#340);
#340 = DEFINITIONAL_REPRESENTATION('',(#341),#345);
#341 = LINE('',#342,#343);
#342 = CARTESIAN_POINT('',(-0.,0.));
#343 = VECTOR('',#344,1.);
#344 = DIRECTION('',(-1.,0.));
#345 = ( GEOMETRIC_REPRESENTATION_CONTEXT(2) 
PARAMETRIC_REPRESENTATION_CONTEXT() REPRESENTATION_CONTEXT('2D SPACE',''
  ) );
#346 = ORIENTED_EDGE('',*,*,#347,.T.);
#347 = EDGE_CURVE('',#320,#348,#350,.T.);
#348 = VERTEX_POINT('',#349);
#349 = CARTESIAN_POINT('',(15.97945868427,34.046951578811,5.5));
#350 = SURFACE_CURVE('',#351,(#355,#362),.PCURVE_S1.);
#351 = LINE('',#352,#353);
#352 = CARTESIAN_POINT('',(12.507062338763,41.983857511398,5.5));
#353 = VECTOR('',#354,1.);
#354 = DIRECTION('',(0.40081883402,-0.916157334902,0.));
#355 = PCURVE('',#150,#356);
#356 = DEFINITIONAL_REPRESENTATION('',(#357),#361);
#357 = LINE('',#358,#359);
#358 = CARTESIAN_POINT('',(-12.50706233876,50.455989051618));
#359 = VECTOR('',#360,1.);
#360 = DIRECTION('',(-0.40081883402,-0.916157334902));
#361 = ( GEOMETRIC_REPRESENTATION_CONTEXT(2) 
PARAMETRIC_REPRESENTATION_CONTEXT() REPRESENTATION_CONTEXT('2D SPACE',''
  ) );
#362 = PCURVE('',#363,#368);
#363 = PLANE('',#364);
#364 = AXIS2_PLACEMENT_3D('',#365,#366,#367);
#365 = CARTESIAN_POINT('',(12.507062338763,41.983857511398,5.5));
#366 = DIRECTION('',(0.916157334902,0.40081883402,-0.));
#367 = DIRECTION('',(0.40081883402,-0.916157334902,0.));
#368 = DEFINITIONAL_REPRESENTATION('',(#369),#373);
#369 = LINE('',#370,#371);
#370 = CARTESIAN_POINT('',(0.,0.));
#371 = VECTOR('',#372,1.);
#372 = DIRECTION('',(1.,0.));
#373 = ( GEOMETRIC_REPRESENTATION_CONTEXT(2) 
PARAMETRIC_REPRESENTATION_CONTEXT() REPRESENTATION_CONTEXT('2D SPACE',''
  ) );
#374 = ORIENTED_EDGE('',*,*,#375,.T.);
#375 = EDGE_CURVE('',#348,#376,#378,.T.);
#376 = VERTEX_POINT('',#377);
#377 = CARTESIAN_POINT('',(16.022918972075,33.954162055851,5.5));
#378 = SURFACE_CURVE('',#379,(#384,#395),.PCURVE_S1.);
#379 = CIRCLE('',#380,2.);
#380 = AXIS2_PLACEMENT_3D('',#381,#382,#383);
#381 = CARTESIAN_POINT('',(17.811773354074,34.848589246851,5.5));
#382 = DIRECTION('',(0.,-0.,1.));
#383 = DIRECTION('',(-1.,0.,0.));
#384 = PCURVE('',#150,#385);
#385 = DEFINITIONAL_REPRESENTATION('',(#386),#394);
#386 = ( BOUNDED_CURVE() B_SPLINE_CURVE(2,(#387,#388,#389,#390,#391,#392
,#393),.UNSPECIFIED.,.T.,.F.) B_SPLINE_CURVE_WITH_KNOTS((1,2,2,2,2,1),(
    -2.094395102393,0.,2.094395102393,4.188790204786,6.28318530718,
8.377580409573),.UNSPECIFIED.) CURVE() GEOMETRIC_REPRESENTATION_ITEM() 
RATIONAL_B_SPLINE_CURVE((1.,0.5,1.,0.5,1.,0.5,1.)) REPRESENTATION_ITEM(
  '') );
#387 = CARTESIAN_POINT('',(-15.81177335407,43.32072078707));
#388 = CARTESIAN_POINT('',(-15.81177335407,39.856619171932));
#389 = CARTESIAN_POINT('',(-18.81177335407,41.588669979501));
#390 = CARTESIAN_POINT('',(-21.81177335407,43.32072078707));
#391 = CARTESIAN_POINT('',(-18.81177335407,45.052771594639));
#392 = CARTESIAN_POINT('',(-15.81177335407,46.784822402208));
#393 = CARTESIAN_POINT('',(-15.81177335407,43.32072078707));
#394 = ( GEOMETRIC_REPRESENTATION_CONTEXT(2) 
PARAMETRIC_REPRESENTATION_CONTEXT() REPRESENTATION_CONTEXT('2D SPACE',''
  ) );
#395 = PCURVE('',#396,#401);
#396 = CYLINDRICAL_SURFACE('',#397,2.);
#397 = AXIS2_PLACEMENT_3D('',#398,#399,#400);
#398 = CARTESIAN_POINT('',(17.811773354074,34.848589246851,5.5));
#399 = DIRECTION('',(-0.,0.,-1.));
#400 = DIRECTION('',(-1.,0.,0.));
#401 = DEFINITIONAL_REPRESENTATION('',(#402),#406);
#402 = LINE('',#403,#404);
#403 = CARTESIAN_POINT('',(-0.,0.));
#404 = VECTOR('',#405,1.);
#405 = DIRECTION('',(-1.,0.));
#406 = ( GEOMETRIC_REPRESENTATION_CONTEXT(2) 
PARAMETRIC_REPRESENTATION_CONTEXT() REPRESENTATION_CONTEXT('2D SPACE',''
  ) );
#407 = ORIENTED_EDGE('',*,*,#408,.T.);
#408 = EDGE_CURVE('',#376,#409,#411,.T.);
#409 = VERTEX_POINT('',#410);
#410 = CARTESIAN_POINT('',(18.901816733882,28.196366532236,5.5));
#411 = SURFACE_CURVE('',#412,(#416,#423),.PCURVE_S1.);
#412 = LINE('',#413,#414);
#413 = CARTESIAN_POINT('',(16.022918972075,33.954162055851,5.5));
#414 = VECTOR('',#415,1.);
#415 = DIRECTION('',(0.4472135955,-0.894427191,0.));
#416 = PCURVE('',#150,#417);
#417 = DEFINITIONAL_REPRESENTATION('',(#418),#422);
#418 = LINE('',#419,#420);
#419 = CARTESIAN_POINT('',(-16.02291897207,42.42629359607));
#420 = VECTOR('',#421,1.);
#421 = DIRECTION('',(-0.4472135955,-0.894427191));
#422 = ( GEOMETRIC_REPRESENTATION_CONTEXT(2) 
PARAMETRIC_REPRESENTATION_CONTEXT() REPRESENTATION_CONTEXT('2D SPACE',''
  ) );
#423 = PCURVE('',#424,#429);
#424 = PLANE('',#425);
#425 = AXIS2_PLACEMENT_3D('',#426,#427,#428);
#426 = CARTESIAN_POINT('',(16.022918972075,33.954162055851,5.5));
#427 = DIRECTION('',(0.894427191,0.4472135955,-0.));
#428 = DIRECTION('',(0.4472135955,-0.894427191,0.));
#429 = DEFINITIONAL_REPRESENTATION('',(#430),#434);
#430 = LINE('',#431,#432);
#431 = CARTESIAN_POINT('',(0.,0.));
#432 = VECTOR('',#433,1.);
#433 = DIRECTION('',(1.,0.));
#434 = ( GEOMETRIC_REPRESENTATION_CONTEXT(2) 
PARAMETRIC_REPRESENTATION_CONTEXT() REPRESENTATION_CONTEXT('2D SPACE',''
  ) );
#435 = ORIENTED_EDGE('',*,*,#436,.T.);
#436 = EDGE_CURVE('',#409,#437,#439,.T.);
#437 = VERTEX_POINT('',#438);
#438 = CARTESIAN_POINT('',(19.053247352173,27.787010591309,5.5));
#439 = SURFACE_CURVE('',#440,(#445,#452),.PCURVE_S1.);
#440 = CIRCLE('',#441,2.);
#441 = AXIS2_PLACEMENT_3D('',#442,#443,#444);
#442 = CARTESIAN_POINT('',(17.112962351882,27.301939341236,5.5));
#443 = DIRECTION('',(0.,-0.,-1.));
#444 = DIRECTION('',(1.,0.,-0.));
#445 = PCURVE('',#150,#446);
#446 = DEFINITIONAL_REPRESENTATION('',(#447),#451);
#447 = CIRCLE('',#448,2.);
#448 = AXIS2_PLACEMENT_2D('',#449,#450);
#449 = CARTESIAN_POINT('',(-17.11296235188,35.774070881455));
#450 = DIRECTION('',(-1.,0.));
#451 = ( GEOMETRIC_REPRESENTATION_CONTEXT(2) 
PARAMETRIC_REPRESENTATION_CONTEXT() REPRESENTATION_CONTEXT('2D SPACE',''
  ) );
#452 = PCURVE('',#453,#458);
#453 = CYLINDRICAL_SURFACE('',#454,2.);
#454 = AXIS2_PLACEMENT_3D('',#455,#456,#457);
#455 = CARTESIAN_POINT('',(17.112962351882,27.301939341236,5.5));
#456 = DIRECTION('',(0.,-0.,-1.));
#457 = DIRECTION('',(1.,0.,-0.));
#458 = DEFINITIONAL_REPRESENTATION('',(#459),#463);
#459 = LINE('',#460,#461);
#460 = CARTESIAN_POINT('',(0.,0.));
#461 = VECTOR('',#462,1.);
#462 = DIRECTION('',(1.,0.));
#463 = ( GEOMETRIC_REPRESENTATION_CONTEXT(2) 
PARAMETRIC_REPRESENTATION_CONTEXT() REPRESENTATION_CONTEXT('2D SPACE',''
  ) );
#464 = ORIENTED_EDGE('',*,*,#465,.T.);
#465 = EDGE_CURVE('',#437,#466,#468,.T.);
#466 = VERTEX_POINT('',#467);
#467 = CARTESIAN_POINT('',(20.89413286608,20.423468535681,5.5));
#468 = SURFACE_CURVE('',#469,(#473,#480),.PCURVE_S1.);
#469 = LINE('',#470,#471);
#470 = CARTESIAN_POINT('',(19.053247352173,27.787010591309,5.5));
#471 = VECTOR('',#472,1.);
#472 = DIRECTION('',(0.242535625036,-0.970142500145,0.));
#473 = PCURVE('',#150,#474);
#474 = DEFINITIONAL_REPRESENTATION('',(#475),#479);
#475 = LINE('',#476,#477);
#476 = CARTESIAN_POINT('',(-19.05324735217,36.259142131528));
#477 = VECTOR('',#478,1.);
#478 = DIRECTION('',(-0.242535625036,-0.970142500145));
#479 = ( GEOMETRIC_REPRESENTATION_CONTEXT(2) 
PARAMETRIC_REPRESENTATION_CONTEXT() REPRESENTATION_CONTEXT('2D SPACE',''
  ) );
#480 = PCURVE('',#481,#486);
#481 = PLANE('',#482);
#482 = AXIS2_PLACEMENT_3D('',#483,#484,#485);
#483 = CARTESIAN_POINT('',(19.053247352173,27.787010591309,5.5));
#484 = DIRECTION('',(0.970142500145,0.242535625036,-0.));
#485 = DIRECTION('',(0.242535625036,-0.970142500145,0.));
#486 = DEFINITIONAL_REPRESENTATION('',(#487),#491);
#487 = LINE('',#488,#489);
#488 = CARTESIAN_POINT('',(0.,0.));
#489 = VECTOR('',#490,1.);
#490 = DIRECTION('',(1.,0.));
#491 = ( GEOMETRIC_REPRESENTATION_CONTEXT(2) 
PARAMETRIC_REPRESENTATION_CONTEXT() REPRESENTATION_CONTEXT('2D SPACE',''
  ) );
#492 = ORIENTED_EDGE('',*,*,#493,.T.);
#493 = EDGE_CURVE('',#466,#494,#496,.T.);
#494 = VERTEX_POINT('',#495);
#495 = CARTESIAN_POINT('',(21.272680247484,19.659149690644,5.5));
#496 = SURFACE_CURVE('',#497,(#502,#513),.PCURVE_S1.);
#497 = CIRCLE('',#498,2.);
#498 = AXIS2_PLACEMENT_3D('',#499,#500,#501);
#499 = CARTESIAN_POINT('',(22.834417866371,20.908539785753,5.5));
#500 = DIRECTION('',(0.,-0.,1.));
#501 = DIRECTION('',(-1.,0.,0.));
#502 = PCURVE('',#150,#503);
#503 = DEFINITIONAL_REPRESENTATION('',(#504),#512);
#504 = ( BOUNDED_CURVE() B_SPLINE_CURVE(2,(#505,#506,#507,#508,#509,#510
,#511),.UNSPECIFIED.,.T.,.F.) B_SPLINE_CURVE_WITH_KNOTS((1,2,2,2,2,1),(
    -2.094395102393,0.,2.094395102393,4.188790204786,6.28318530718,
8.377580409573),.UNSPECIFIED.) CURVE() GEOMETRIC_REPRESENTATION_ITEM() 
RATIONAL_B_SPLINE_CURVE((1.,0.5,1.,0.5,1.,0.5,1.)) REPRESENTATION_ITEM(
  '') );
#505 = CARTESIAN_POINT('',(-20.83441786637,29.380671325972));
#506 = CARTESIAN_POINT('',(-20.83441786637,25.916569710835));
#507 = CARTESIAN_POINT('',(-23.83441786637,27.648620518404));
#508 = CARTESIAN_POINT('',(-26.83441786637,29.380671325972));
#509 = CARTESIAN_POINT('',(-23.83441786637,31.112722133541));
#510 = CARTESIAN_POINT('',(-20.83441786637,32.84477294111));
#511 = CARTESIAN_POINT('',(-20.83441786637,29.380671325972));
#512 = ( GEOMETRIC_REPRESENTATION_CONTEXT(2) 
PARAMETRIC_REPRESENTATION_CONTEXT() REPRESENTATION_CONTEXT('2D SPACE',''
  ) );
#513 = PCURVE('',#514,#519);
#514 = CYLINDRICAL_SURFACE('',#515,2.);
#515 = AXIS2_PLACEMENT_3D('',#516,#517,#518);
#516 = CARTESIAN_POINT('',(22.834417866371,20.908539785753,5.5));
#517 = DIRECTION('',(-0.,0.,-1.));
#518 = DIRECTION('',(-1.,0.,0.));
#519 = DEFINITIONAL_REPRESENTATION('',(#520),#524);
#520 = LINE('',#521,#522);
#521 = CARTESIAN_POINT('',(-0.,0.));
#522 = VECTOR('',#523,1.);
#523 = DIRECTION('',(-1.,0.));
#524 = ( GEOMETRIC_REPRESENTATION_CONTEXT(2) 
PARAMETRIC_REPRESENTATION_CONTEXT() REPRESENTATION_CONTEXT('2D SPACE',''
  ) );
#525 = ORIENTED_EDGE('',*,*,#526,.T.);
#526 = EDGE_CURVE('',#494,#527,#529,.T.);
#527 = VERTEX_POINT('',#528);
#528 = CARTESIAN_POINT('',(24.561737618886,15.547827976392,5.5));
#529 = SURFACE_CURVE('',#530,(#534,#541),.PCURVE_S1.);
#530 = LINE('',#531,#532);
#531 = CARTESIAN_POINT('',(21.272680247484,19.659149690644,5.5));
#532 = VECTOR('',#533,1.);
#533 = DIRECTION('',(0.624695047554,-0.780868809443,0.));
#534 = PCURVE('',#150,#535);
#535 = DEFINITIONAL_REPRESENTATION('',(#536),#540);
#536 = LINE('',#537,#538);
#537 = CARTESIAN_POINT('',(-21.27268024748,28.131281230864));
#538 = VECTOR('',#539,1.);
#539 = DIRECTION('',(-0.624695047554,-0.780868809443));
#540 = ( GEOMETRIC_REPRESENTATION_CONTEXT(2) 
PARAMETRIC_REPRESENTATION_CONTEXT() REPRESENTATION_CONTEXT('2D SPACE',''
  ) );
#541 = PCURVE('',#542,#547);
#542 = PLANE('',#543);
#543 = AXIS2_PLACEMENT_3D('',#544,#545,#546);
#544 = CARTESIAN_POINT('',(21.272680247484,19.659149690644,5.5));
#545 = DIRECTION('',(0.780868809443,0.624695047554,-0.));
#546 = DIRECTION('',(0.624695047554,-0.780868809443,0.));
#547 = DEFINITIONAL_REPRESENTATION('',(#548),#552);
#548 = LINE('',#549,#550);
#549 = CARTESIAN_POINT('',(0.,0.));
#550 = VECTOR('',#551,1.);
#551 = DIRECTION('',(1.,0.));
#552 = ( GEOMETRIC_REPRESENTATION_CONTEXT(2) 
PARAMETRIC_REPRESENTATION_CONTEXT() REPRESENTATION_CONTEXT('2D SPACE',''
  ) );
#553 = ORIENTED_EDGE('',*,*,#554,.T.);
#554 = EDGE_CURVE('',#527,#555,#557,.T.);
#555 = VERTEX_POINT('',#556);
#556 = CARTESIAN_POINT('',(25.,14.298437881284,5.5));
#557 = SURFACE_CURVE('',#558,(#563,#570),.PCURVE_S1.);
#558 = CIRCLE('',#559,2.);
#559 = AXIS2_PLACEMENT_3D('',#560,#561,#562);
#560 = CARTESIAN_POINT('',(23.,14.298437881284,5.5));
#561 = DIRECTION('',(0.,-0.,-1.));
#562 = DIRECTION('',(1.,0.,-0.));
#563 = PCURVE('',#150,#564);
#564 = DEFINITIONAL_REPRESENTATION('',(#565),#569);
#565 = CIRCLE('',#566,2.);
#566 = AXIS2_PLACEMENT_2D('',#567,#568);
#567 = CARTESIAN_POINT('',(-23.,22.770569421503));
#568 = DIRECTION('',(-1.,0.));
#569 = ( GEOMETRIC_REPRESENTATION_CONTEXT(2) 
PARAMETRIC_REPRESENTATION_CONTEXT() REPRESENTATION_CONTEXT('2D SPACE',''
  ) );
#570 = PCURVE('',#571,#576);
#571 = CYLINDRICAL_SURFACE('',#572,2.);
#572 = AXIS2_PLACEMENT_3D('',#573,#574,#575);
#573 = CARTESIAN_POINT('',(23.,14.298437881284,5.5));
#574 = DIRECTION('',(0.,-0.,-1.));
#575 = DIRECTION('',(1.,0.,-0.));
#576 = DEFINITIONAL_REPRESENTATION('',(#577),#581);
#577 = LINE('',#578,#579);
#578 = CARTESIAN_POINT('',(0.,0.));
#579 = VECTOR('',#580,1.);
#580 = DIRECTION('',(1.,0.));
#581 = ( GEOMETRIC_REPRESENTATION_CONTEXT(2) 
PARAMETRIC_REPRESENTATION_CONTEXT() REPRESENTATION_CONTEXT('2D SPACE',''
  ) );
#582 = ORIENTED_EDGE('',*,*,#583,.T.);
#583 = EDGE_CURVE('',#555,#584,#586,.T.);
#584 = VERTEX_POINT('',#585);
#585 = CARTESIAN_POINT('',(25.,9.701562118716,5.5));
#586 = SURFACE_CURVE('',#587,(#591,#598),.PCURVE_S1.);
#587 = LINE('',#588,#589);
#588 = CARTESIAN_POINT('',(25.,14.298437881284,5.5));
#589 = VECTOR('',#590,1.);
#590 = DIRECTION('',(0.,-1.,0.));
#591 = PCURVE('',#150,#592);
#592 = DEFINITIONAL_REPRESENTATION('',(#593),#597);
#593 = LINE('',#594,#595);
#594 = CARTESIAN_POINT('',(-25.,22.770569421503));
#595 = VECTOR('',#596,1.);
#596 = DIRECTION('',(0.,-1.));
#597 = ( GEOMETRIC_REPRESENTATION_CONTEXT(2) 
PARAMETRIC_REPRESENTATION_CONTEXT() REPRESENTATION_CONTEXT('2D SPACE',''
  ) );
#598 = PCURVE('',#599,#604);
#599 = PLANE('',#600);
#600 = AXIS2_PLACEMENT_3D('',#601,#602,#603);
#601 = CARTESIAN_POINT('',(25.,14.298437881284,5.5));
#602 = DIRECTION('',(1.,0.,-0.));
#603 = DIRECTION('',(0.,-1.,0.));
#604 = DEFINITIONAL_REPRESENTATION('',(#605),#609);
#605 = LINE('',#606,#607);
#606 = CARTESIAN_POINT('',(0.,0.));
#607 = VECTOR('',#608,1.);
#608 = DIRECTION('',(1.,0.));
#609 = ( GEOMETRIC_REPRESENTATION_CONTEXT(2) 
PARAMETRIC_REPRESENTATION_CONTEXT() REPRESENTATION_CONTEXT('2D SPACE',''
  ) );
#610 = ORIENTED_EDGE('',*,*,#611,.T.);
#611 = EDGE_CURVE('',#584,#612,#614,.T.);
#612 = VERTEX_POINT('',#613);
#613 = CARTESIAN_POINT('',(24.561737618886,8.452172023608,5.5));
#614 = SURFACE_CURVE('',#615,(#620,#627),.PCURVE_S1.);
#615 = CIRCLE('',#616,2.);
#616 = AXIS2_PLACEMENT_3D('',#617,#618,#619);
#617 = CARTESIAN_POINT('',(23.,9.701562118716,5.5));
#618 = DIRECTION('',(0.,-0.,-1.));
#619 = DIRECTION('',(1.,0.,-0.));
#620 = PCURVE('',#150,#621);
#621 = DEFINITIONAL_REPRESENTATION('',(#622),#626);
#622 = CIRCLE('',#623,2.);
#623 = AXIS2_PLACEMENT_2D('',#624,#625);
#624 = CARTESIAN_POINT('',(-23.,18.173693658936));
#625 = DIRECTION('',(-1.,0.));
#626 = ( GEOMETRIC_REPRESENTATION_CONTEXT(2) 
PARAMETRIC_REPRESENTATION_CONTEXT() REPRESENTATION_CONTEXT('2D SPACE',''
  ) );
#627 = PCURVE('',#628,#633);
#628 = CYLINDRICAL_SURFACE('',#629,2.);
#629 = AXIS2_PLACEMENT_3D('',#630,#631,#632);
#630 = CARTESIAN_POINT('',(23.,9.701562118716,5.5));
#631 = DIRECTION('',(0.,-0.,-1.));
#632 = DIRECTION('',(1.,0.,-0.));
#633 = DEFINITIONAL_REPRESENTATION('',(#634),#638);
#634 = LINE('',#635,#636);
#635 = CARTESIAN_POINT('',(0.,0.));
#636 = VECTOR('',#637,1.);
#637 = DIRECTION('',(1.,0.));
#638 = ( GEOMETRIC_REPRESENTATION_CONTEXT(2) 
PARAMETRIC_REPRESENTATION_CONTEXT() REPRESENTATION_CONTEXT('2D SPACE',''
  ) );
#639 = ORIENTED_EDGE('',*,*,#640,.T.);
#640 = EDGE_CURVE('',#612,#641,#643,.T.);
#641 = VERTEX_POINT('',#642);
#642 = CARTESIAN_POINT('',(21.352773992652,4.440967490815,5.5));
#643 = SURFACE_CURVE('',#644,(#648,#655),.PCURVE_S1.);
#644 = LINE('',#645,#646);
#645 = CARTESIAN_POINT('',(24.561737618886,8.452172023608,5.5));
#646 = VECTOR('',#647,1.);
#647 = DIRECTION('',(-0.624695047554,-0.780868809443,0.));
#648 = PCURVE('',#150,#649);
#649 = DEFINITIONAL_REPRESENTATION('',(#650),#654);
#650 = LINE('',#651,#652);
#651 = CARTESIAN_POINT('',(-24.56173761888,16.924303563827));
#652 = VECTOR('',#653,1.);
#653 = DIRECTION('',(0.624695047554,-0.780868809443));
#654 = ( GEOMETRIC_REPRESENTATION_CONTEXT(2) 
PARAMETRIC_REPRESENTATION_CONTEXT() REPRESENTATION_CONTEXT('2D SPACE',''
  ) );
#655 = PCURVE('',#656,#661);
#656 = PLANE('',#657);
#657 = AXIS2_PLACEMENT_3D('',#658,#659,#660);
#658 = CARTESIAN_POINT('',(24.561737618886,8.452172023608,5.5));
#659 = DIRECTION('',(0.780868809443,-0.624695047554,0.));
#660 = DIRECTION('',(-0.624695047554,-0.780868809443,0.));
#661 = DEFINITIONAL_REPRESENTATION('',(#662),#666);
#662 = LINE('',#663,#664);
#663 = CARTESIAN_POINT('',(0.,0.));
#664 = VECTOR('',#665,1.);
#665 = DIRECTION('',(1.,0.));
#666 = ( GEOMETRIC_REPRESENTATION_CONTEXT(2) 
PARAMETRIC_REPRESENTATION_CONTEXT() REPRESENTATION_CONTEXT('2D SPACE',''
  ) );
#667 = ORIENTED_EDGE('',*,*,#668,.T.);
#668 = EDGE_CURVE('',#641,#669,#671,.T.);
#669 = VERTEX_POINT('',#670);
#670 = CARTESIAN_POINT('',(20.929955858111,3.439646864884,5.5));
#671 = SURFACE_CURVE('',#672,(#677,#688),.PCURVE_S1.);
#672 = CIRCLE('',#673,2.);
#673 = AXIS2_PLACEMENT_3D('',#674,#675,#676);
#674 = CARTESIAN_POINT('',(22.914511611538,3.191577395706,5.5));
#675 = DIRECTION('',(0.,0.,1.));
#676 = DIRECTION('',(-1.,0.,-0.));
#677 = PCURVE('',#150,#678);
#678 = DEFINITIONAL_REPRESENTATION('',(#679),#687);
#679 = ( BOUNDED_CURVE() B_SPLINE_CURVE(2,(#680,#681,#682,#683,#684,#685
,#686),.UNSPECIFIED.,.T.,.F.) B_SPLINE_CURVE_WITH_KNOTS((1,2,2,2,2,1),(
    -2.094395102393,0.,2.094395102393,4.188790204786,6.28318530718,
8.377580409573),.UNSPECIFIED.) CURVE() GEOMETRIC_REPRESENTATION_ITEM() 
RATIONAL_B_SPLINE_CURVE((1.,0.5,1.,0.5,1.,0.5,1.)) REPRESENTATION_ITEM(
  '') );
#680 = CARTESIAN_POINT('',(-20.91451161153,11.663708935925));
#681 = CARTESIAN_POINT('',(-20.91451161153,8.199607320787));
#682 = CARTESIAN_POINT('',(-23.91451161153,9.931658128356));
#683 = CARTESIAN_POINT('',(-26.91451161153,11.663708935925));
#684 = CARTESIAN_POINT('',(-23.91451161153,13.395759743494));
#685 = CARTESIAN_POINT('',(-20.91451161153,15.127810551063));
#686 = CARTESIAN_POINT('',(-20.91451161153,11.663708935925));
#687 = ( GEOMETRIC_REPRESENTATION_CONTEXT(2) 
PARAMETRIC_REPRESENTATION_CONTEXT() REPRESENTATION_CONTEXT('2D SPACE',''
  ) );
#688 = PCURVE('',#689,#694);
#689 = CYLINDRICAL_SURFACE('',#690,2.);
#690 = AXIS2_PLACEMENT_3D('',#691,#692,#693);
#691 = CARTESIAN_POINT('',(22.914511611538,3.191577395706,5.5));
#692 = DIRECTION('',(-0.,-0.,-1.));
#693 = DIRECTION('',(-1.,0.,-0.));
#694 = DEFINITIONAL_REPRESENTATION('',(#695),#699);
#695 = LINE('',#696,#697);
#696 = CARTESIAN_POINT('',(-0.,0.));
#697 = VECTOR('',#698,1.);
#698 = DIRECTION('',(-1.,0.));
#699 = ( GEOMETRIC_REPRESENTATION_CONTEXT(2) 
PARAMETRIC_REPRESENTATION_CONTEXT() REPRESENTATION_CONTEXT('2D SPACE',''
  ) );
#700 = ORIENTED_EDGE('',*,*,#701,.T.);
#701 = EDGE_CURVE('',#669,#702,#704,.T.);
#702 = VERTEX_POINT('',#703);
#703 = CARTESIAN_POINT('',(20.531008683647,0.248069469178,5.5));
#704 = SURFACE_CURVE('',#705,(#709,#716),.PCURVE_S1.);
#705 = LINE('',#706,#707);
#706 = CARTESIAN_POINT('',(20.929955858111,3.439646864884,5.5));
#707 = VECTOR('',#708,1.);
#708 = DIRECTION('',(-0.124034734589,-0.992277876714,0.));
#709 = PCURVE('',#150,#710);
#710 = DEFINITIONAL_REPRESENTATION('',(#711),#715);
#711 = LINE('',#712,#713);
#712 = CARTESIAN_POINT('',(-20.92995585811,11.911778405103));
#713 = VECTOR('',#714,1.);
#714 = DIRECTION('',(0.124034734589,-0.992277876714));
#715 = ( GEOMETRIC_REPRESENTATION_CONTEXT(2) 
PARAMETRIC_REPRESENTATION_CONTEXT() REPRESENTATION_CONTEXT('2D SPACE',''
  ) );
#716 = PCURVE('',#717,#722);
#717 = PLANE('',#718);
#718 = AXIS2_PLACEMENT_3D('',#719,#720,#721);
#719 = CARTESIAN_POINT('',(20.929955858111,3.439646864884,5.5));
#720 = DIRECTION('',(0.992277876714,-0.124034734589,0.));
#721 = DIRECTION('',(-0.124034734589,-0.992277876714,0.));
#722 = DEFINITIONAL_REPRESENTATION('',(#723),#727);
#723 = LINE('',#724,#725);
#724 = CARTESIAN_POINT('',(0.,0.));
#725 = VECTOR('',#726,1.);
#726 = DIRECTION('',(1.,0.));
#727 = ( GEOMETRIC_REPRESENTATION_CONTEXT(2) 
PARAMETRIC_REPRESENTATION_CONTEXT() REPRESENTATION_CONTEXT('2D SPACE',''
  ) );
#728 = ORIENTED_EDGE('',*,*,#729,.T.);
#729 = EDGE_CURVE('',#702,#730,#732,.T.);
#730 = VERTEX_POINT('',#731);
#731 = CARTESIAN_POINT('',(20.531008683647,-0.248069469178,5.5));
#732 = SURFACE_CURVE('',#733,(#738,#749),.PCURVE_S1.);
#733 = CIRCLE('',#734,2.);
#734 = AXIS2_PLACEMENT_3D('',#735,#736,#737);
#735 = CARTESIAN_POINT('',(22.515564437075,0.,5.5));
#736 = DIRECTION('',(0.,-0.,1.));
#737 = DIRECTION('',(-1.,0.,0.));
#738 = PCURVE('',#150,#739);
#739 = DEFINITIONAL_REPRESENTATION('',(#740),#748);
#740 = ( BOUNDED_CURVE() B_SPLINE_CURVE(2,(#741,#742,#743,#744,#745,#746
,#747),.UNSPECIFIED.,.T.,.F.) B_SPLINE_CURVE_WITH_KNOTS((1,2,2,2,2,1),(
    -2.094395102393,0.,2.094395102393,4.188790204786,6.28318530718,
8.377580409573),.UNSPECIFIED.) CURVE() GEOMETRIC_REPRESENTATION_ITEM() 
RATIONAL_B_SPLINE_CURVE((1.,0.5,1.,0.5,1.,0.5,1.)) REPRESENTATION_ITEM(
  '') );
#741 = CARTESIAN_POINT('',(-20.51556443707,8.472131540219));
#742 = CARTESIAN_POINT('',(-20.51556443707,5.008029925081));
#743 = CARTESIAN_POINT('',(-23.51556443707,6.74008073265));
#744 = CARTESIAN_POINT('',(-26.51556443707,8.472131540219));
#745 = CARTESIAN_POINT('',(-23.51556443707,10.204182347788));
#746 = CARTESIAN_POINT('',(-20.51556443707,11.936233155357));
#747 = CARTESIAN_POINT('',(-20.51556443707,8.472131540219));
#748 = ( GEOMETRIC_REPRESENTATION_CONTEXT(2) 
PARAMETRIC_REPRESENTATION_CONTEXT() REPRESENTATION_CONTEXT('2D SPACE',''
  ) );
#749 = PCURVE('',#750,#755);
#750 = CYLINDRICAL_SURFACE('',#751,2.);
#751 = AXIS2_PLACEMENT_3D('',#752,#753,#754);
#752 = CARTESIAN_POINT('',(22.515564437075,0.,5.5));
#753 = DIRECTION('',(-0.,0.,-1.));
#754 = DIRECTION('',(-1.,0.,0.));
#755 = DEFINITIONAL_REPRESENTATION('',(#756),#760);
#756 = LINE('',#757,#758);
#757 = CARTESIAN_POINT('',(-0.,0.));
#758 = VECTOR('',#759,1.);
#759 = DIRECTION('',(-1.,0.));
#760 = ( GEOMETRIC_REPRESENTATION_CONTEXT(2) 
PARAMETRIC_REPRESENTATION_CONTEXT() REPRESENTATION_CONTEXT('2D SPACE',''
  ) );
#761 = ORIENTED_EDGE('',*,*,#762,.T.);
#762 = EDGE_CURVE('',#730,#763,#765,.T.);
#763 = VERTEX_POINT('',#764);
#764 = CARTESIAN_POINT('',(20.929955858111,-3.439646864884,5.5));
#765 = SURFACE_CURVE('',#766,(#770,#777),.PCURVE_S1.);
#766 = LINE('',#767,#768);
#767 = CARTESIAN_POINT('',(20.531008683647,-0.248069469178,5.5));
#768 = VECTOR('',#769,1.);
#769 = DIRECTION('',(0.124034734589,-0.992277876714,0.));
#770 = PCURVE('',#150,#771);
#771 = DEFINITIONAL_REPRESENTATION('',(#772),#776);
#772 = LINE('',#773,#774);
#773 = CARTESIAN_POINT('',(-20.53100868364,8.224062071041));
#774 = VECTOR('',#775,1.);
#775 = DIRECTION('',(-0.124034734589,-0.992277876714));
#776 = ( GEOMETRIC_REPRESENTATION_CONTEXT(2) 
PARAMETRIC_REPRESENTATION_CONTEXT() REPRESENTATION_CONTEXT('2D SPACE',''
  ) );
#777 = PCURVE('',#778,#783);
#778 = PLANE('',#779);
#779 = AXIS2_PLACEMENT_3D('',#780,#781,#782);
#780 = CARTESIAN_POINT('',(20.531008683647,-0.248069469178,5.5));
#781 = DIRECTION('',(0.992277876714,0.124034734589,-0.));
#782 = DIRECTION('',(0.124034734589,-0.992277876714,0.));
#783 = DEFINITIONAL_REPRESENTATION('',(#784),#788);
#784 = LINE('',#785,#786);
#785 = CARTESIAN_POINT('',(0.,0.));
#786 = VECTOR('',#787,1.);
#787 = DIRECTION('',(1.,0.));
#788 = ( GEOMETRIC_REPRESENTATION_CONTEXT(2) 
PARAMETRIC_REPRESENTATION_CONTEXT() REPRESENTATION_CONTEXT('2D SPACE',''
  ) );
#789 = ORIENTED_EDGE('',*,*,#790,.T.);
#790 = EDGE_CURVE('',#763,#791,#793,.T.);
#791 = VERTEX_POINT('',#792);
#792 = CARTESIAN_POINT('',(21.352773992652,-4.440967490815,5.5));
#793 = SURFACE_CURVE('',#794,(#799,#810),.PCURVE_S1.);
#794 = CIRCLE('',#795,2.);
#795 = AXIS2_PLACEMENT_3D('',#796,#797,#798);
#796 = CARTESIAN_POINT('',(22.914511611538,-3.191577395706,5.5));
#797 = DIRECTION('',(0.,-0.,1.));
#798 = DIRECTION('',(-1.,0.,0.));
#799 = PCURVE('',#150,#800);
#800 = DEFINITIONAL_REPRESENTATION('',(#801),#809);
#801 = ( BOUNDED_CURVE() B_SPLINE_CURVE(2,(#802,#803,#804,#805,#806,#807
,#808),.UNSPECIFIED.,.T.,.F.) B_SPLINE_CURVE_WITH_KNOTS((1,2,2,2,2,1),(
    -2.094395102393,0.,2.094395102393,4.188790204786,6.28318530718,
8.377580409573),.UNSPECIFIED.) CURVE() GEOMETRIC_REPRESENTATION_ITEM() 
RATIONAL_B_SPLINE_CURVE((1.,0.5,1.,0.5,1.,0.5,1.)) REPRESENTATION_ITEM(
  '') );
#802 = CARTESIAN_POINT('',(-20.91451161153,5.280554144513));
#803 = CARTESIAN_POINT('',(-20.91451161153,1.816452529375));
#804 = CARTESIAN_POINT('',(-23.91451161153,3.548503336944));
#805 = CARTESIAN_POINT('',(-26.91451161153,5.280554144513));
#806 = CARTESIAN_POINT('',(-23.91451161153,7.012604952082));
#807 = CARTESIAN_POINT('',(-20.91451161153,8.744655759651));
#808 = CARTESIAN_POINT('',(-20.91451161153,5.280554144513));
#809 = ( GEOMETRIC_REPRESENTATION_CONTEXT(2) 
PARAMETRIC_REPRESENTATION_CONTEXT() REPRESENTATION_CONTEXT('2D SPACE',''
  ) );
#810 = PCURVE('',#811,#816);
#811 = CYLINDRICAL_SURFACE('',#812,2.);
#812 = AXIS2_PLACEMENT_3D('',#813,#814,#815);
#813 = CARTESIAN_POINT('',(22.914511611538,-3.191577395706,5.5));
#814 = DIRECTION('',(-0.,0.,-1.));
#815 = DIRECTION('',(-1.,0.,0.));
#816 = DEFINITIONAL_REPRESENTATION('',(#817),#821);
#817 = LINE('',#818,#819);
#818 = CARTESIAN_POINT('',(-0.,0.));
#819 = VECTOR('',#820,1.);
#820 = DIRECTION('',(-1.,0.));
#821 = ( GEOMETRIC_REPRESENTATION_CONTEXT(2) 
PARAMETRIC_REPRESENTATION_CONTEXT() REPRESENTATION_CONTEXT('2D SPACE',''
  ) );
#822 = ORIENTED_EDGE('',*,*,#823,.T.);
#823 = EDGE_CURVE('',#791,#824,#826,.T.);
#824 = VERTEX_POINT('',#825);
#825 = CARTESIAN_POINT('',(24.561737618886,-8.452172023608,5.5));
#826 = SURFACE_CURVE('',#827,(#831,#838),.PCURVE_S1.);
#827 = LINE('',#828,#829);
#828 = CARTESIAN_POINT('',(21.352773992652,-4.440967490815,5.5));
#829 = VECTOR('',#830,1.);
#830 = DIRECTION('',(0.624695047554,-0.780868809443,0.));
#831 = PCURVE('',#150,#832);
#832 = DEFINITIONAL_REPRESENTATION('',(#833),#837);
#833 = LINE('',#834,#835);
#834 = CARTESIAN_POINT('',(-21.35277399265,4.031164049404));
#835 = VECTOR('',#836,1.);
#836 = DIRECTION('',(-0.624695047554,-0.780868809443));
#837 = ( GEOMETRIC_REPRESENTATION_CONTEXT(2) 
PARAMETRIC_REPRESENTATION_CONTEXT() REPRESENTATION_CONTEXT('2D SPACE',''
  ) );
#838 = PCURVE('',#839,#844);
#839 = PLANE('',#840);
#840 = AXIS2_PLACEMENT_3D('',#841,#842,#843);
#841 = CARTESIAN_POINT('',(21.352773992652,-4.440967490815,5.5));
#842 = DIRECTION('',(0.780868809443,0.624695047554,-0.));
#843 = DIRECTION('',(0.624695047554,-0.780868809443,0.));
#844 = DEFINITIONAL_REPRESENTATION('',(#845),#849);
#845 = LINE('',#846,#847);
#846 = CARTESIAN_POINT('',(0.,0.));
#847 = VECTOR('',#848,1.);
#848 = DIRECTION('',(1.,0.));
#849 = ( GEOMETRIC_REPRESENTATION_CONTEXT(2) 
PARAMETRIC_REPRESENTATION_CONTEXT() REPRESENTATION_CONTEXT('2D SPACE',''
  ) );
#850 = ORIENTED_EDGE('',*,*,#851,.T.);
#851 = EDGE_CURVE('',#824,#852,#854,.T.);
#852 = VERTEX_POINT('',#853);
#853 = CARTESIAN_POINT('',(25.,-9.701562118716,5.5));
#854 = SURFACE_CURVE('',#855,(#860,#867),.PCURVE_S1.);
#855 = CIRCLE('',#856,2.);
#856 = AXIS2_PLACEMENT_3D('',#857,#858,#859);
#857 = CARTESIAN_POINT('',(23.,-9.701562118716,5.5));
#858 = DIRECTION('',(0.,-0.,-1.));
#859 = DIRECTION('',(1.,0.,-0.));
#860 = PCURVE('',#150,#861);
#861 = DEFINITIONAL_REPRESENTATION('',(#862),#866);
#862 = CIRCLE('',#863,2.);
#863 = AXIS2_PLACEMENT_2D('',#864,#865);
#864 = CARTESIAN_POINT('',(-23.,-1.229430578497));
#865 = DIRECTION('',(-1.,0.));
#866 = ( GEOMETRIC_REPRESENTATION_CONTEXT(2) 
PARAMETRIC_REPRESENTATION_CONTEXT() REPRESENTATION_CONTEXT('2D SPACE',''
  ) );
#867 = PCURVE('',#868,#873);
#868 = CYLINDRICAL_SURFACE('',#869,2.);
#869 = AXIS2_PLACEMENT_3D('',#870,#871,#872);
#870 = CARTESIAN_POINT('',(23.,-9.701562118716,5.5));
#871 = DIRECTION('',(0.,-0.,-1.));
#872 = DIRECTION('',(1.,0.,-0.));
#873 = DEFINITIONAL_REPRESENTATION('',(#874),#878);
#874 = LINE('',#875,#876);
#875 = CARTESIAN_POINT('',(0.,0.));
#876 = VECTOR('',#877,1.);
#877 = DIRECTION('',(1.,0.));
#878 = ( GEOMETRIC_REPRESENTATION_CONTEXT(2) 
PARAMETRIC_REPRESENTATION_CONTEXT() REPRESENTATION_CONTEXT('2D SPACE',''
  ) );
#879 = ORIENTED_EDGE('',*,*,#880,.T.);
#880 = EDGE_CURVE('',#852,#881,#883,.T.);
#881 = VERTEX_POINT('',#882);
#882 = CARTESIAN_POINT('',(25.,-14.23252798953,5.5));
#883 = SURFACE_CURVE('',#884,(#888,#895),.PCURVE_S1.);
#884 = LINE('',#885,#886);
#885 = CARTESIAN_POINT('',(25.,-9.701562118716,5.5));
#886 = VECTOR('',#887,1.);
#887 = DIRECTION('',(0.,-1.,0.));
#888 = PCURVE('',#150,#889);
#889 = DEFINITIONAL_REPRESENTATION('',(#890),#894);
#890 = LINE('',#891,#892);
#891 = CARTESIAN_POINT('',(-25.,-1.229430578497));
#892 = VECTOR('',#893,1.);
#893 = DIRECTION('',(0.,-1.));
#894 = ( GEOMETRIC_REPRESENTATION_CONTEXT(2) 
PARAMETRIC_REPRESENTATION_CONTEXT() REPRESENTATION_CONTEXT('2D SPACE',''
  ) );
#895 = PCURVE('',#896,#901);
#896 = PLANE('',#897);
#897 = AXIS2_PLACEMENT_3D('',#898,#899,#900);
#898 = CARTESIAN_POINT('',(25.,-9.701562118716,5.5));
#899 = DIRECTION('',(1.,0.,-0.));
#900 = DIRECTION('',(0.,-1.,0.));
#901 = DEFINITIONAL_REPRESENTATION('',(#902),#906);
#902 = LINE('',#903,#904);
#903 = CARTESIAN_POINT('',(0.,0.));
#904 = VECTOR('',#905,1.);
#905 = DIRECTION('',(1.,0.));
#906 = ( GEOMETRIC_REPRESENTATION_CONTEXT(2) 
PARAMETRIC_REPRESENTATION_CONTEXT() REPRESENTATION_CONTEXT('2D SPACE',''
  ) );
#907 = ORIENTED_EDGE('',*,*,#908,.T.);
#908 = EDGE_CURVE('',#881,#909,#911,.T.);
#909 = VERTEX_POINT('',#910);
#910 = CARTESIAN_POINT('',(24.486588292494,-15.57045745278,5.5));
#911 = SURFACE_CURVE('',#912,(#917,#924),.PCURVE_S1.);
#912 = CIRCLE('',#913,2.);
#913 = AXIS2_PLACEMENT_3D('',#914,#915,#916);
#914 = CARTESIAN_POINT('',(23.,-14.23252798953,5.5));
#915 = DIRECTION('',(0.,-0.,-1.));
#916 = DIRECTION('',(1.,0.,-0.));
#917 = PCURVE('',#150,#918);
#918 = DEFINITIONAL_REPRESENTATION('',(#919),#923);
#919 = CIRCLE('',#920,2.);
#920 = AXIS2_PLACEMENT_2D('',#921,#922);
#921 = CARTESIAN_POINT('',(-23.,-5.76039644932));
#922 = DIRECTION('',(-1.,0.));
#923 = ( GEOMETRIC_REPRESENTATION_CONTEXT(2) 
PARAMETRIC_REPRESENTATION_CONTEXT() REPRESENTATION_CONTEXT('2D SPACE',''
  ) );
#924 = PCURVE('',#925,#930);
#925 = CYLINDRICAL_SURFACE('',#926,2.);
#926 = AXIS2_PLACEMENT_3D('',#927,#928,#929);
#927 = CARTESIAN_POINT('',(23.,-14.23252798953,5.5));
#928 = DIRECTION('',(0.,-0.,-1.));
#929 = DIRECTION('',(1.,0.,-0.));
#930 = DEFINITIONAL_REPRESENTATION('',(#931),#935);
#931 = LINE('',#932,#933);
#932 = CARTESIAN_POINT('',(0.,0.));
#933 = VECTOR('',#934,1.);
#934 = DIRECTION('',(1.,0.));
#935 = ( GEOMETRIC_REPRESENTATION_CONTEXT(2) 
PARAMETRIC_REPRESENTATION_CONTEXT() REPRESENTATION_CONTEXT('2D SPACE',''
  ) );
#936 = ORIENTED_EDGE('',*,*,#937,.T.);
#937 = EDGE_CURVE('',#909,#938,#940,.T.);
#938 = VERTEX_POINT('',#939);
#939 = CARTESIAN_POINT('',(20.525475131401,-19.97169429844,5.5));
#940 = SURFACE_CURVE('',#941,(#945,#952),.PCURVE_S1.);
#941 = LINE('',#942,#943);
#942 = CARTESIAN_POINT('',(24.486588292494,-15.57045745278,5.5));
#943 = VECTOR('',#944,1.);
#944 = DIRECTION('',(-0.668964731622,-0.743294146247,0.));
#945 = PCURVE('',#150,#946);
#946 = DEFINITIONAL_REPRESENTATION('',(#947),#951);
#947 = LINE('',#948,#949);
#948 = CARTESIAN_POINT('',(-24.48658829249,-7.098325912565));
#949 = VECTOR('',#950,1.);
#950 = DIRECTION('',(0.668964731622,-0.743294146247));
#951 = ( GEOMETRIC_REPRESENTATION_CONTEXT(2) 
PARAMETRIC_REPRESENTATION_CONTEXT() REPRESENTATION_CONTEXT('2D SPACE',''
  ) );
#952 = PCURVE('',#953,#958);
#953 = PLANE('',#954);
#954 = AXIS2_PLACEMENT_3D('',#955,#956,#957);
#955 = CARTESIAN_POINT('',(24.486588292494,-15.57045745278,5.5));
#956 = DIRECTION('',(0.743294146247,-0.668964731622,0.));
#957 = DIRECTION('',(-0.668964731622,-0.743294146247,0.));
#958 = DEFINITIONAL_REPRESENTATION('',(#959),#963);
#959 = LINE('',#960,#961);
#960 = CARTESIAN_POINT('',(0.,0.));
#961 = VECTOR('',#962,1.);
#962 = DIRECTION('',(1.,0.));
#963 = ( GEOMETRIC_REPRESENTATION_CONTEXT(2) 
PARAMETRIC_REPRESENTATION_CONTEXT() REPRESENTATION_CONTEXT('2D SPACE',''
  ) );
#964 = ORIENTED_EDGE('',*,*,#965,.T.);
#965 = EDGE_CURVE('',#938,#966,#968,.T.);
#966 = VERTEX_POINT('',#967);
#967 = CARTESIAN_POINT('',(20.475620864701,-20.02925496235,5.5));
#968 = SURFACE_CURVE('',#969,(#974,#985),.PCURVE_S1.);
#969 = CIRCLE('',#970,2.);
#970 = AXIS2_PLACEMENT_3D('',#971,#972,#973);
#971 = CARTESIAN_POINT('',(22.012063423896,-21.30962376168,5.5));
#972 = DIRECTION('',(0.,0.,1.));
#973 = DIRECTION('',(-1.,0.,-0.));
#974 = PCURVE('',#150,#975);
#975 = DEFINITIONAL_REPRESENTATION('',(#976),#984);
#976 = ( BOUNDED_CURVE() B_SPLINE_CURVE(2,(#977,#978,#979,#980,#981,#982
,#983),.UNSPECIFIED.,.T.,.F.) B_SPLINE_CURVE_WITH_KNOTS((1,2,2,2,2,1),(
    -2.094395102393,0.,2.094395102393,4.188790204786,6.28318530718,
8.377580409573),.UNSPECIFIED.) CURVE() GEOMETRIC_REPRESENTATION_ITEM() 
RATIONAL_B_SPLINE_CURVE((1.,0.5,1.,0.5,1.,0.5,1.)) REPRESENTATION_ITEM(
  '') );
#977 = CARTESIAN_POINT('',(-20.01206342389,-12.83749222146));
#978 = CARTESIAN_POINT('',(-20.01206342389,-16.3015938366));
#979 = CARTESIAN_POINT('',(-23.01206342389,-14.56954302903));
#980 = CARTESIAN_POINT('',(-26.01206342389,-12.83749222146));
#981 = CARTESIAN_POINT('',(-23.01206342389,-11.1054414139));
#982 = CARTESIAN_POINT('',(-20.01206342389,-9.373390606331));
#983 = CARTESIAN_POINT('',(-20.01206342389,-12.83749222146));
#984 = ( GEOMETRIC_REPRESENTATION_CONTEXT(2) 
PARAMETRIC_REPRESENTATION_CONTEXT() REPRESENTATION_CONTEXT('2D SPACE',''
  ) );
#985 = PCURVE('',#986,#991);
#986 = CYLINDRICAL_SURFACE('',#987,2.);
#987 = AXIS2_PLACEMENT_3D('',#988,#989,#990);
#988 = CARTESIAN_POINT('',(22.012063423896,-21.30962376168,5.5));
#989 = DIRECTION('',(-0.,-0.,-1.));
#990 = DIRECTION('',(-1.,0.,-0.));
#991 = DEFINITIONAL_REPRESENTATION('',(#992),#996);
#992 = LINE('',#993,#994);
#993 = CARTESIAN_POINT('',(-0.,0.));
#994 = VECTOR('',#995,1.);
#995 = DIRECTION('',(-1.,0.));
#996 = ( GEOMETRIC_REPRESENTATION_CONTEXT(2) 
PARAMETRIC_REPRESENTATION_CONTEXT() REPRESENTATION_CONTEXT('2D SPACE',''
  ) );
#997 = ORIENTED_EDGE('',*,*,#998,.T.);
#998 = EDGE_CURVE('',#966,#999,#1001,.T.);
#999 = VERTEX_POINT('',#1000);
#1000 = CARTESIAN_POINT('',(15.668393586646,-25.79792769602,5.5));
#1001 = SURFACE_CURVE('',#1002,(#1006,#1013),.PCURVE_S1.);
#1002 = LINE('',#1003,#1004);
#1003 = CARTESIAN_POINT('',(20.475620864701,-20.02925496235,5.5));
#1004 = VECTOR('',#1005,1.);
#1005 = DIRECTION('',(-0.640184399664,-0.768221279597,0.));
#1006 = PCURVE('',#150,#1007);
#1007 = DEFINITIONAL_REPRESENTATION('',(#1008),#1012);
#1008 = LINE('',#1009,#1010);
#1009 = CARTESIAN_POINT('',(-20.4756208647,-11.55712342214));
#1010 = VECTOR('',#1011,1.);
#1011 = DIRECTION('',(0.640184399664,-0.768221279597));
#1012 = ( GEOMETRIC_REPRESENTATION_CONTEXT(2) 
PARAMETRIC_REPRESENTATION_CONTEXT() REPRESENTATION_CONTEXT('2D SPACE',''
  ) );
#1013 = PCURVE('',#1014,#1019);
#1014 = PLANE('',#1015);
#1015 = AXIS2_PLACEMENT_3D('',#1016,#1017,#1018);
#1016 = CARTESIAN_POINT('',(20.475620864701,-20.02925496235,5.5));
#1017 = DIRECTION('',(0.768221279597,-0.640184399664,0.));
#1018 = DIRECTION('',(-0.640184399664,-0.768221279597,0.));
#1019 = DEFINITIONAL_REPRESENTATION('',(#1020),#1024);
#1020 = LINE('',#1021,#1022);
#1021 = CARTESIAN_POINT('',(0.,0.));
#1022 = VECTOR('',#1023,1.);
#1023 = DIRECTION('',(1.,0.));
#1024 = ( GEOMETRIC_REPRESENTATION_CONTEXT(2) 
PARAMETRIC_REPRESENTATION_CONTEXT() REPRESENTATION_CONTEXT('2D SPACE',''
  ) );
#1025 = ORIENTED_EDGE('',*,*,#1026,.T.);
#1026 = EDGE_CURVE('',#999,#1027,#1029,.T.);
#1027 = VERTEX_POINT('',#1028);
#1028 = CARTESIAN_POINT('',(15.389582064282,-26.23874148263,5.5));
#1029 = SURFACE_CURVE('',#1030,(#1035,#1046),.PCURVE_S1.);
#1030 = CIRCLE('',#1031,2.);
#1031 = AXIS2_PLACEMENT_3D('',#1032,#1033,#1034);
#1032 = CARTESIAN_POINT('',(17.204836145841,-27.07829649535,5.5));
#1033 = DIRECTION('',(0.,0.,1.));
#1034 = DIRECTION('',(-1.,0.,-0.));
#1035 = PCURVE('',#150,#1036);
#1036 = DEFINITIONAL_REPRESENTATION('',(#1037),#1045);
#1037 = ( BOUNDED_CURVE() B_SPLINE_CURVE(2,(#1038,#1039,#1040,#1041,
#1042,#1043,#1044),.UNSPECIFIED.,.T.,.F.) B_SPLINE_CURVE_WITH_KNOTS((1,2
    ,2,2,2,1),(-2.094395102393,0.,2.094395102393,4.188790204786,
6.28318530718,8.377580409573),.UNSPECIFIED.) CURVE() 
GEOMETRIC_REPRESENTATION_ITEM() RATIONAL_B_SPLINE_CURVE((1.,0.5,1.,0.5,
1.,0.5,1.)) REPRESENTATION_ITEM('') );
#1038 = CARTESIAN_POINT('',(-15.20483614584,-18.60616495513));
#1039 = CARTESIAN_POINT('',(-15.20483614584,-22.07026657027));
#1040 = CARTESIAN_POINT('',(-18.20483614584,-20.3382157627));
#1041 = CARTESIAN_POINT('',(-21.20483614584,-18.60616495513));
#1042 = CARTESIAN_POINT('',(-18.20483614584,-16.87411414756));
#1043 = CARTESIAN_POINT('',(-15.20483614584,-15.14206333999));
#1044 = CARTESIAN_POINT('',(-15.20483614584,-18.60616495513));
#1045 = ( GEOMETRIC_REPRESENTATION_CONTEXT(2) 
PARAMETRIC_REPRESENTATION_CONTEXT() REPRESENTATION_CONTEXT('2D SPACE',''
  ) );
#1046 = PCURVE('',#1047,#1052);
#1047 = CYLINDRICAL_SURFACE('',#1048,2.);
#1048 = AXIS2_PLACEMENT_3D('',#1049,#1050,#1051);
#1049 = CARTESIAN_POINT('',(17.204836145841,-27.07829649535,5.5));
#1050 = DIRECTION('',(-0.,-0.,-1.));
#1051 = DIRECTION('',(-1.,0.,-0.));
#1052 = DEFINITIONAL_REPRESENTATION('',(#1053),#1057);
#1053 = LINE('',#1054,#1055);
#1054 = CARTESIAN_POINT('',(-0.,0.));
#1055 = VECTOR('',#1056,1.);
#1056 = DIRECTION('',(-1.,0.));
#1057 = ( GEOMETRIC_REPRESENTATION_CONTEXT(2) 
PARAMETRIC_REPRESENTATION_CONTEXT() REPRESENTATION_CONTEXT('2D SPACE',''
  ) );
#1058 = ORIENTED_EDGE('',*,*,#1059,.T.);
#1059 = EDGE_CURVE('',#1027,#1060,#1062,.T.);
#1060 = VERTEX_POINT('',#1061);
#1061 = CARTESIAN_POINT('',(11.984745918441,-33.60054936553,5.5));
#1062 = SURFACE_CURVE('',#1063,(#1067,#1074),.PCURVE_S1.);
#1063 = LINE('',#1064,#1065);
#1064 = CARTESIAN_POINT('',(15.389582064282,-26.23874148263,5.5));
#1065 = VECTOR('',#1066,1.);
#1066 = DIRECTION('',(-0.41977750636,-0.907627040779,0.));
#1067 = PCURVE('',#150,#1068);
#1068 = DEFINITIONAL_REPRESENTATION('',(#1069),#1073);
#1069 = LINE('',#1070,#1071);
#1070 = CARTESIAN_POINT('',(-15.38958206428,-17.76660994241));
#1071 = VECTOR('',#1072,1.);
#1072 = DIRECTION('',(0.41977750636,-0.907627040779));
#1073 = ( GEOMETRIC_REPRESENTATION_CONTEXT(2) 
PARAMETRIC_REPRESENTATION_CONTEXT() REPRESENTATION_CONTEXT('2D SPACE',''
  ) );
#1074 = PCURVE('',#1075,#1080);
#1075 = PLANE('',#1076);
#1076 = AXIS2_PLACEMENT_3D('',#1077,#1078,#1079);
#1077 = CARTESIAN_POINT('',(15.389582064282,-26.23874148263,5.5));
#1078 = DIRECTION('',(0.907627040779,-0.41977750636,0.));
#1079 = DIRECTION('',(-0.41977750636,-0.907627040779,0.));
#1080 = DEFINITIONAL_REPRESENTATION('',(#1081),#1085);
#1081 = LINE('',#1082,#1083);
#1082 = CARTESIAN_POINT('',(0.,0.));
#1083 = VECTOR('',#1084,1.);
#1084 = DIRECTION('',(1.,0.));
#1085 = ( GEOMETRIC_REPRESENTATION_CONTEXT(2) 
PARAMETRIC_REPRESENTATION_CONTEXT() REPRESENTATION_CONTEXT('2D SPACE',''
  ) );
#1086 = ORIENTED_EDGE('',*,*,#1087,.T.);
#1087 = EDGE_CURVE('',#1060,#1088,#1090,.T.);
#1088 = VERTEX_POINT('',#1089);
#1089 = CARTESIAN_POINT('',(11.8,-34.44010437825,5.5));
#1090 = SURFACE_CURVE('',#1091,(#1096,#1107),.PCURVE_S1.);
#1091 = CIRCLE('',#1092,2.);
#1092 = AXIS2_PLACEMENT_3D('',#1093,#1094,#1095);
#1093 = CARTESIAN_POINT('',(13.8,-34.44010437825,5.5));
#1094 = DIRECTION('',(0.,0.,1.));
#1095 = DIRECTION('',(-1.,0.,-0.));
#1096 = PCURVE('',#150,#1097);
#1097 = DEFINITIONAL_REPRESENTATION('',(#1098),#1106);
#1098 = ( BOUNDED_CURVE() B_SPLINE_CURVE(2,(#1099,#1100,#1101,#1102,
#1103,#1104,#1105),.UNSPECIFIED.,.T.,.F.) B_SPLINE_CURVE_WITH_KNOTS((1,2
    ,2,2,2,1),(-2.094395102393,0.,2.094395102393,4.188790204786,
6.28318530718,8.377580409573),.UNSPECIFIED.) CURVE() 
GEOMETRIC_REPRESENTATION_ITEM() RATIONAL_B_SPLINE_CURVE((1.,0.5,1.,0.5,
1.,0.5,1.)) REPRESENTATION_ITEM('') );
#1099 = CARTESIAN_POINT('',(-11.8,-25.96797283803));
#1100 = CARTESIAN_POINT('',(-11.8,-29.43207445317));
#1101 = CARTESIAN_POINT('',(-14.8,-27.7000236456));
#1102 = CARTESIAN_POINT('',(-17.8,-25.96797283803));
#1103 = CARTESIAN_POINT('',(-14.8,-24.23592203046));
#1104 = CARTESIAN_POINT('',(-11.8,-22.50387122289));
#1105 = CARTESIAN_POINT('',(-11.8,-25.96797283803));
#1106 = ( GEOMETRIC_REPRESENTATION_CONTEXT(2) 
PARAMETRIC_REPRESENTATION_CONTEXT() REPRESENTATION_CONTEXT('2D SPACE',''
  ) );
#1107 = PCURVE('',#1108,#1113);
#1108 = CYLINDRICAL_SURFACE('',#1109,2.);
#1109 = AXIS2_PLACEMENT_3D('',#1110,#1111,#1112);
#1110 = CARTESIAN_POINT('',(13.8,-34.44010437825,5.5));
#1111 = DIRECTION('',(-0.,-0.,-1.));
#1112 = DIRECTION('',(-1.,0.,-0.));
#1113 = DEFINITIONAL_REPRESENTATION('',(#1114),#1118);
#1114 = LINE('',#1115,#1116);
#1115 = CARTESIAN_POINT('',(-0.,0.));
#1116 = VECTOR('',#1117,1.);
#1117 = DIRECTION('',(-1.,0.));
#1118 = ( GEOMETRIC_REPRESENTATION_CONTEXT(2) 
PARAMETRIC_REPRESENTATION_CONTEXT() REPRESENTATION_CONTEXT('2D SPACE',''
  ) );
#1119 = ORIENTED_EDGE('',*,*,#1120,.T.);
#1120 = EDGE_CURVE('',#1088,#1121,#1123,.T.);
#1121 = VERTEX_POINT('',#1122);
#1122 = CARTESIAN_POINT('',(11.8,-45.8344749394,5.5));
#1123 = SURFACE_CURVE('',#1124,(#1128,#1135),.PCURVE_S1.);
#1124 = LINE('',#1125,#1126);
#1125 = CARTESIAN_POINT('',(11.8,-34.44010437825,5.5));
#1126 = VECTOR('',#1127,1.);
#1127 = DIRECTION('',(0.,-1.,0.));
#1128 = PCURVE('',#150,#1129);
#1129 = DEFINITIONAL_REPRESENTATION('',(#1130),#1134);
#1130 = LINE('',#1131,#1132);
#1131 = CARTESIAN_POINT('',(-11.8,-25.96797283803));
#1132 = VECTOR('',#1133,1.);
#1133 = DIRECTION('',(0.,-1.));
#1134 = ( GEOMETRIC_REPRESENTATION_CONTEXT(2) 
PARAMETRIC_REPRESENTATION_CONTEXT() REPRESENTATION_CONTEXT('2D SPACE',''
  ) );
#1135 = PCURVE('',#1136,#1141);
#1136 = PLANE('',#1137);
#1137 = AXIS2_PLACEMENT_3D('',#1138,#1139,#1140);
#1138 = CARTESIAN_POINT('',(11.8,-34.44010437825,5.5));
#1139 = DIRECTION('',(1.,0.,-0.));
#1140 = DIRECTION('',(0.,-1.,0.));
#1141 = DEFINITIONAL_REPRESENTATION('',(#1142),#1146);
#1142 = LINE('',#1143,#1144);
#1143 = CARTESIAN_POINT('',(0.,0.));
#1144 = VECTOR('',#1145,1.);
#1145 = DIRECTION('',(1.,0.));
#1146 = ( GEOMETRIC_REPRESENTATION_CONTEXT(2) 
PARAMETRIC_REPRESENTATION_CONTEXT() REPRESENTATION_CONTEXT('2D SPACE',''
  ) );
#1147 = ORIENTED_EDGE('',*,*,#1148,.T.);
#1148 = EDGE_CURVE('',#1121,#1149,#1151,.T.);
#1149 = VERTEX_POINT('',#1150);
#1150 = CARTESIAN_POINT('',(11.827212152336,-46.16327291401,5.5));
#1151 = SURFACE_CURVE('',#1152,(#1157,#1168),.PCURVE_S1.);
#1152 = CIRCLE('',#1153,2.);
#1153 = AXIS2_PLACEMENT_3D('',#1154,#1155,#1156);
#1154 = CARTESIAN_POINT('',(13.8,-45.8344749394,5.5));
#1155 = DIRECTION('',(0.,-0.,1.));
#1156 = DIRECTION('',(-1.,0.,0.));
#1157 = PCURVE('',#150,#1158);
#1158 = DEFINITIONAL_REPRESENTATION('',(#1159),#1167);
#1159 = ( BOUNDED_CURVE() B_SPLINE_CURVE(2,(#1160,#1161,#1162,#1163,
#1164,#1165,#1166),.UNSPECIFIED.,.T.,.F.) B_SPLINE_CURVE_WITH_KNOTS((1,2
    ,2,2,2,1),(-2.094395102393,0.,2.094395102393,4.188790204786,
6.28318530718,8.377580409573),.UNSPECIFIED.) CURVE() 
GEOMETRIC_REPRESENTATION_ITEM() RATIONAL_B_SPLINE_CURVE((1.,0.5,1.,0.5,
1.,0.5,1.)) REPRESENTATION_ITEM('') );
#1160 = CARTESIAN_POINT('',(-11.8,-37.36234339918));
#1161 = CARTESIAN_POINT('',(-11.8,-40.82644501432));
#1162 = CARTESIAN_POINT('',(-14.8,-39.09439420675));
#1163 = CARTESIAN_POINT('',(-17.8,-37.36234339918));
#1164 = CARTESIAN_POINT('',(-14.8,-35.63029259161));
#1165 = CARTESIAN_POINT('',(-11.8,-33.89824178404));
#1166 = CARTESIAN_POINT('',(-11.8,-37.36234339918));
#1167 = ( GEOMETRIC_REPRESENTATION_CONTEXT(2) 
PARAMETRIC_REPRESENTATION_CONTEXT() REPRESENTATION_CONTEXT('2D SPACE',''
  ) );
#1168 = PCURVE('',#1169,#1174);
#1169 = CYLINDRICAL_SURFACE('',#1170,2.);
#1170 = AXIS2_PLACEMENT_3D('',#1171,#1172,#1173);
#1171 = CARTESIAN_POINT('',(13.8,-45.8344749394,5.5));
#1172 = DIRECTION('',(-0.,0.,-1.));
#1173 = DIRECTION('',(-1.,0.,0.));
#1174 = DEFINITIONAL_REPRESENTATION('',(#1175),#1179);
#1175 = LINE('',#1176,#1177);
#1176 = CARTESIAN_POINT('',(-0.,0.));
#1177 = VECTOR('',#1178,1.);
#1178 = DIRECTION('',(-1.,0.));
#1179 = ( GEOMETRIC_REPRESENTATION_CONTEXT(2) 
PARAMETRIC_REPRESENTATION_CONTEXT() REPRESENTATION_CONTEXT('2D SPACE',''
  ) );
#1180 = ORIENTED_EDGE('',*,*,#1181,.T.);
#1181 = EDGE_CURVE('',#1149,#1182,#1184,.T.);
#1182 = VERTEX_POINT('',#1183);
#1183 = CARTESIAN_POINT('',(13.67441215482,-57.24647292891,5.5));
#1184 = SURFACE_CURVE('',#1185,(#1189,#1196),.PCURVE_S1.);
#1185 = LINE('',#1186,#1187);
#1186 = CARTESIAN_POINT('',(11.827212152336,-46.16327291401,5.5));
#1187 = VECTOR('',#1188,1.);
#1188 = DIRECTION('',(0.164398987305,-0.986393923832,0.));
#1189 = PCURVE('',#150,#1190);
#1190 = DEFINITIONAL_REPRESENTATION('',(#1191),#1195);
#1191 = LINE('',#1192,#1193);
#1192 = CARTESIAN_POINT('',(-11.82721215233,-37.69114137379));
#1193 = VECTOR('',#1194,1.);
#1194 = DIRECTION('',(-0.164398987305,-0.986393923832));
#1195 = ( GEOMETRIC_REPRESENTATION_CONTEXT(2) 
PARAMETRIC_REPRESENTATION_CONTEXT() REPRESENTATION_CONTEXT('2D SPACE',''
  ) );
#1196 = PCURVE('',#1197,#1202);
#1197 = PLANE('',#1198);
#1198 = AXIS2_PLACEMENT_3D('',#1199,#1200,#1201);
#1199 = CARTESIAN_POINT('',(11.827212152336,-46.16327291401,5.5));
#1200 = DIRECTION('',(0.986393923832,0.164398987305,-0.));
#1201 = DIRECTION('',(0.164398987305,-0.986393923832,0.));
#1202 = DEFINITIONAL_REPRESENTATION('',(#1203),#1207);
#1203 = LINE('',#1204,#1205);
#1204 = CARTESIAN_POINT('',(0.,0.));
#1205 = VECTOR('',#1206,1.);
#1206 = DIRECTION('',(1.,0.));
#1207 = ( GEOMETRIC_REPRESENTATION_CONTEXT(2) 
PARAMETRIC_REPRESENTATION_CONTEXT() REPRESENTATION_CONTEXT('2D SPACE',''
  ) );
#1208 = ORIENTED_EDGE('',*,*,#1209,.T.);
#1209 = EDGE_CURVE('',#1182,#1210,#1212,.T.);
#1210 = VERTEX_POINT('',#1211);
#1211 = CARTESIAN_POINT('',(13.391262458264,-58.64537506589,5.5));
#1212 = SURFACE_CURVE('',#1213,(#1218,#1225),.PCURVE_S1.);
#1213 = CIRCLE('',#1214,2.);
#1214 = AXIS2_PLACEMENT_3D('',#1215,#1216,#1217);
#1215 = CARTESIAN_POINT('',(11.701624307156,-57.57527090353,5.5));
#1216 = DIRECTION('',(0.,-0.,-1.));
#1217 = DIRECTION('',(1.,0.,-0.));
#1218 = PCURVE('',#150,#1219);
#1219 = DEFINITIONAL_REPRESENTATION('',(#1220),#1224);
#1220 = CIRCLE('',#1221,2.);
#1221 = AXIS2_PLACEMENT_2D('',#1222,#1223);
#1222 = CARTESIAN_POINT('',(-11.70162430715,-49.10313936331));
#1223 = DIRECTION('',(-1.,0.));
#1224 = ( GEOMETRIC_REPRESENTATION_CONTEXT(2) 
PARAMETRIC_REPRESENTATION_CONTEXT() REPRESENTATION_CONTEXT('2D SPACE',''
  ) );
#1225 = PCURVE('',#1226,#1231);
#1226 = CYLINDRICAL_SURFACE('',#1227,2.);
#1227 = AXIS2_PLACEMENT_3D('',#1228,#1229,#1230);
#1228 = CARTESIAN_POINT('',(11.701624307156,-57.57527090353,5.5));
#1229 = DIRECTION('',(0.,-0.,-1.));
#1230 = DIRECTION('',(1.,0.,-0.));
#1231 = DEFINITIONAL_REPRESENTATION('',(#1232),#1236);
#1232 = LINE('',#1233,#1234);
#1233 = CARTESIAN_POINT('',(0.,0.));
#1234 = VECTOR('',#1235,1.);
#1235 = DIRECTION('',(1.,0.));
#1236 = ( GEOMETRIC_REPRESENTATION_CONTEXT(2) 
PARAMETRIC_REPRESENTATION_CONTEXT() REPRESENTATION_CONTEXT('2D SPACE',''
  ) );
#1237 = ORIENTED_EDGE('',*,*,#1238,.T.);
#1238 = EDGE_CURVE('',#1210,#1239,#1241,.T.);
#1239 = VERTEX_POINT('',#1240);
#1240 = CARTESIAN_POINT('',(10.196233476933,-63.690157668,5.5));
#1241 = SURFACE_CURVE('',#1242,(#1246,#1253),.PCURVE_S1.);
#1242 = LINE('',#1243,#1244);
#1243 = CARTESIAN_POINT('',(13.391262458264,-58.64537506589,5.5));
#1244 = VECTOR('',#1245,1.);
#1245 = DIRECTION('',(-0.535052081184,-0.844819075554,0.));
#1246 = PCURVE('',#150,#1247);
#1247 = DEFINITIONAL_REPRESENTATION('',(#1248),#1252);
#1248 = LINE('',#1249,#1250);
#1249 = CARTESIAN_POINT('',(-13.39126245826,-50.17324352568));
#1250 = VECTOR('',#1251,1.);
#1251 = DIRECTION('',(0.535052081184,-0.844819075554));
#1252 = ( GEOMETRIC_REPRESENTATION_CONTEXT(2) 
PARAMETRIC_REPRESENTATION_CONTEXT() REPRESENTATION_CONTEXT('2D SPACE',''
  ) );
#1253 = PCURVE('',#1254,#1259);
#1254 = PLANE('',#1255);
#1255 = AXIS2_PLACEMENT_3D('',#1256,#1257,#1258);
#1256 = CARTESIAN_POINT('',(13.391262458264,-58.64537506589,5.5));
#1257 = DIRECTION('',(0.844819075554,-0.535052081184,0.));
#1258 = DIRECTION('',(-0.535052081184,-0.844819075554,0.));
#1259 = DEFINITIONAL_REPRESENTATION('',(#1260),#1264);
#1260 = LINE('',#1261,#1262);
#1261 = CARTESIAN_POINT('',(0.,0.));
#1262 = VECTOR('',#1263,1.);
#1263 = DIRECTION('',(1.,0.));
#1264 = ( GEOMETRIC_REPRESENTATION_CONTEXT(2) 
PARAMETRIC_REPRESENTATION_CONTEXT() REPRESENTATION_CONTEXT('2D SPACE',''
  ) );
#1265 = ORIENTED_EDGE('',*,*,#1266,.T.);
#1266 = EDGE_CURVE('',#1239,#1267,#1269,.T.);
#1267 = VERTEX_POINT('',#1268);
#1268 = CARTESIAN_POINT('',(9.706595325825,-64.22005350563,5.5));
#1269 = SURFACE_CURVE('',#1270,(#1275,#1282),.PCURVE_S1.);
#1270 = CIRCLE('',#1271,2.);
#1271 = AXIS2_PLACEMENT_3D('',#1272,#1273,#1274);
#1272 = CARTESIAN_POINT('',(8.506595325825,-62.62005350563,5.5));
#1273 = DIRECTION('',(0.,-0.,-1.));
#1274 = DIRECTION('',(1.,0.,-0.));
#1275 = PCURVE('',#150,#1276);
#1276 = DEFINITIONAL_REPRESENTATION('',(#1277),#1281);
#1277 = CIRCLE('',#1278,2.);
#1278 = AXIS2_PLACEMENT_2D('',#1279,#1280);
#1279 = CARTESIAN_POINT('',(-8.506595325825,-54.14792196541));
#1280 = DIRECTION('',(-1.,0.));
#1281 = ( GEOMETRIC_REPRESENTATION_CONTEXT(2) 
PARAMETRIC_REPRESENTATION_CONTEXT() REPRESENTATION_CONTEXT('2D SPACE',''
  ) );
#1282 = PCURVE('',#1283,#1288);
#1283 = CYLINDRICAL_SURFACE('',#1284,2.);
#1284 = AXIS2_PLACEMENT_3D('',#1285,#1286,#1287);
#1285 = CARTESIAN_POINT('',(8.506595325825,-62.62005350563,5.5));
#1286 = DIRECTION('',(0.,-0.,-1.));
#1287 = DIRECTION('',(1.,0.,-0.));
#1288 = DEFINITIONAL_REPRESENTATION('',(#1289),#1293);
#1289 = LINE('',#1290,#1291);
#1290 = CARTESIAN_POINT('',(0.,0.));
#1291 = VECTOR('',#1292,1.);
#1292 = DIRECTION('',(1.,0.));
#1293 = ( GEOMETRIC_REPRESENTATION_CONTEXT(2) 
PARAMETRIC_REPRESENTATION_CONTEXT() REPRESENTATION_CONTEXT('2D SPACE',''
  ) );
#1294 = ORIENTED_EDGE('',*,*,#1295,.T.);
#1295 = EDGE_CURVE('',#1267,#1296,#1298,.T.);
#1296 = VERTEX_POINT('',#1297);
#1297 = CARTESIAN_POINT('',(6.533333333333,-66.6,5.5));
#1298 = SURFACE_CURVE('',#1299,(#1303,#1310),.PCURVE_S1.);
#1299 = LINE('',#1300,#1301);
#1300 = CARTESIAN_POINT('',(9.706595325825,-64.22005350563,5.5));
#1301 = VECTOR('',#1302,1.);
#1302 = DIRECTION('',(-0.8,-0.6,0.));
#1303 = PCURVE('',#150,#1304);
#1304 = DEFINITIONAL_REPRESENTATION('',(#1305),#1309);
#1305 = LINE('',#1306,#1307);
#1306 = CARTESIAN_POINT('',(-9.706595325825,-55.74792196541));
#1307 = VECTOR('',#1308,1.);
#1308 = DIRECTION('',(0.8,-0.6));
#1309 = ( GEOMETRIC_REPRESENTATION_CONTEXT(2) 
PARAMETRIC_REPRESENTATION_CONTEXT() REPRESENTATION_CONTEXT('2D SPACE',''
  ) );
#1310 = PCURVE('',#1311,#1316);
#1311 = PLANE('',#1312);
#1312 = AXIS2_PLACEMENT_3D('',#1313,#1314,#1315);
#1313 = CARTESIAN_POINT('',(9.706595325825,-64.22005350563,5.5));
#1314 = DIRECTION('',(0.6,-0.8,0.));
#1315 = DIRECTION('',(-0.8,-0.6,0.));
#1316 = DEFINITIONAL_REPRESENTATION('',(#1317),#1321);
#1317 = LINE('',#1318,#1319);
#1318 = CARTESIAN_POINT('',(0.,0.));
#1319 = VECTOR('',#1320,1.);
#1320 = DIRECTION('',(1.,0.));
#1321 = ( GEOMETRIC_REPRESENTATION_CONTEXT(2) 
PARAMETRIC_REPRESENTATION_CONTEXT() REPRESENTATION_CONTEXT('2D SPACE',''
  ) );
#1322 = ORIENTED_EDGE('',*,*,#1323,.T.);
#1323 = EDGE_CURVE('',#1296,#1324,#1326,.T.);
#1324 = VERTEX_POINT('',#1325);
#1325 = CARTESIAN_POINT('',(5.333333333333,-67.,5.5));
#1326 = SURFACE_CURVE('',#1327,(#1332,#1339),.PCURVE_S1.);
#1327 = CIRCLE('',#1328,2.);
#1328 = AXIS2_PLACEMENT_3D('',#1329,#1330,#1331);
#1329 = CARTESIAN_POINT('',(5.333333333333,-65.,5.5));
#1330 = DIRECTION('',(0.,-0.,-1.));
#1331 = DIRECTION('',(1.,0.,-0.));
#1332 = PCURVE('',#150,#1333);
#1333 = DEFINITIONAL_REPRESENTATION('',(#1334),#1338);
#1334 = CIRCLE('',#1335,2.);
#1335 = AXIS2_PLACEMENT_2D('',#1336,#1337);
#1336 = CARTESIAN_POINT('',(-5.333333333333,-56.52786845978));
#1337 = DIRECTION('',(-1.,0.));
#1338 = ( GEOMETRIC_REPRESENTATION_CONTEXT(2) 
PARAMETRIC_REPRESENTATION_CONTEXT() REPRESENTATION_CONTEXT('2D SPACE',''
  ) );
#1339 = PCURVE('',#1340,#1345);
#1340 = CYLINDRICAL_SURFACE('',#1341,2.);
#1341 = AXIS2_PLACEMENT_3D('',#1342,#1343,#1344);
#1342 = CARTESIAN_POINT('',(5.333333333333,-65.,5.5));
#1343 = DIRECTION('',(0.,-0.,-1.));
#1344 = DIRECTION('',(1.,0.,-0.));
#1345 = DEFINITIONAL_REPRESENTATION('',(#1346),#1350);
#1346 = LINE('',#1347,#1348);
#1347 = CARTESIAN_POINT('',(0.,0.));
#1348 = VECTOR('',#1349,1.);
#1349 = DIRECTION('',(1.,0.));
#1350 = ( GEOMETRIC_REPRESENTATION_CONTEXT(2) 
PARAMETRIC_REPRESENTATION_CONTEXT() REPRESENTATION_CONTEXT('2D SPACE',''
  ) );
#1351 = ORIENTED_EDGE('',*,*,#1352,.T.);
#1352 = EDGE_CURVE('',#1324,#1353,#1355,.T.);
#1353 = VERTEX_POINT('',#1354);
#1354 = CARTESIAN_POINT('',(-5.333333333333,-67.,5.5));
#1355 = SURFACE_CURVE('',#1356,(#1360,#1367),.PCURVE_S1.);
#1356 = LINE('',#1357,#1358);
#1357 = CARTESIAN_POINT('',(5.333333333333,-67.,5.5));
#1358 = VECTOR('',#1359,1.);
#1359 = DIRECTION('',(-1.,0.,0.));
#1360 = PCURVE('',#150,#1361);
#1361 = DEFINITIONAL_REPRESENTATION('',(#1362),#1366);
#1362 = LINE('',#1363,#1364);
#1363 = CARTESIAN_POINT('',(-5.333333333333,-58.52786845978));
#1364 = VECTOR('',#1365,1.);
#1365 = DIRECTION('',(1.,0.));
#1366 = ( GEOMETRIC_REPRESENTATION_CONTEXT(2) 
PARAMETRIC_REPRESENTATION_CONTEXT() REPRESENTATION_CONTEXT('2D SPACE',''
  ) );
#1367 = PCURVE('',#1368,#1373);
#1368 = PLANE('',#1369);
#1369 = AXIS2_PLACEMENT_3D('',#1370,#1371,#1372);
#1370 = CARTESIAN_POINT('',(5.333333333333,-67.,5.5));
#1371 = DIRECTION('',(0.,-1.,0.));
#1372 = DIRECTION('',(-1.,0.,0.));
#1373 = DEFINITIONAL_REPRESENTATION('',(#1374),#1378);
#1374 = LINE('',#1375,#1376);
#1375 = CARTESIAN_POINT('',(0.,-0.));
#1376 = VECTOR('',#1377,1.);
#1377 = DIRECTION('',(1.,0.));
#1378 = ( GEOMETRIC_REPRESENTATION_CONTEXT(2) 
PARAMETRIC_REPRESENTATION_CONTEXT() REPRESENTATION_CONTEXT('2D SPACE',''
  ) );
#1379 = ORIENTED_EDGE('',*,*,#1380,.T.);
#1380 = EDGE_CURVE('',#1353,#1381,#1383,.T.);
#1381 = VERTEX_POINT('',#1382);
#1382 = CARTESIAN_POINT('',(-6.533333333333,-66.6,5.5));
#1383 = SURFACE_CURVE('',#1384,(#1389,#1396),.PCURVE_S1.);
#1384 = CIRCLE('',#1385,2.);
#1385 = AXIS2_PLACEMENT_3D('',#1386,#1387,#1388);
#1386 = CARTESIAN_POINT('',(-5.333333333333,-65.,5.5));
#1387 = DIRECTION('',(0.,-0.,-1.));
#1388 = DIRECTION('',(1.,0.,-0.));
#1389 = PCURVE('',#150,#1390);
#1390 = DEFINITIONAL_REPRESENTATION('',(#1391),#1395);
#1391 = CIRCLE('',#1392,2.);
#1392 = AXIS2_PLACEMENT_2D('',#1393,#1394);
#1393 = CARTESIAN_POINT('',(5.333333333333,-56.52786845978));
#1394 = DIRECTION('',(-1.,0.));
#1395 = ( GEOMETRIC_REPRESENTATION_CONTEXT(2) 
PARAMETRIC_REPRESENTATION_CONTEXT() REPRESENTATION_CONTEXT('2D SPACE',''
  ) );
#1396 = PCURVE('',#1397,#1402);
#1397 = CYLINDRICAL_SURFACE('',#1398,2.);
#1398 = AXIS2_PLACEMENT_3D('',#1399,#1400,#1401);
#1399 = CARTESIAN_POINT('',(-5.333333333333,-65.,5.5));
#1400 = DIRECTION('',(0.,-0.,-1.));
#1401 = DIRECTION('',(1.,0.,-0.));
#1402 = DEFINITIONAL_REPRESENTATION('',(#1403),#1407);
#1403 = LINE('',#1404,#1405);
#1404 = CARTESIAN_POINT('',(0.,0.));
#1405 = VECTOR('',#1406,1.);
#1406 = DIRECTION('',(1.,0.));
#1407 = ( GEOMETRIC_REPRESENTATION_CONTEXT(2) 
PARAMETRIC_REPRESENTATION_CONTEXT() REPRESENTATION_CONTEXT('2D SPACE',''
  ) );
#1408 = ORIENTED_EDGE('',*,*,#1409,.T.);
#1409 = EDGE_CURVE('',#1381,#1410,#1412,.T.);
#1410 = VERTEX_POINT('',#1411);
#1411 = CARTESIAN_POINT('',(-9.706595325825,-64.22005350563,5.5));
#1412 = SURFACE_CURVE('',#1413,(#1417,#1424),.PCURVE_S1.);
#1413 = LINE('',#1414,#1415);
#1414 = CARTESIAN_POINT('',(-6.533333333333,-66.6,5.5));
#1415 = VECTOR('',#1416,1.);
#1416 = DIRECTION('',(-0.8,0.6,0.));
#1417 = PCURVE('',#150,#1418);
#1418 = DEFINITIONAL_REPRESENTATION('',(#1419),#1423);
#1419 = LINE('',#1420,#1421);
#1420 = CARTESIAN_POINT('',(6.533333333333,-58.12786845978));
#1421 = VECTOR('',#1422,1.);
#1422 = DIRECTION('',(0.8,0.6));
#1423 = ( GEOMETRIC_REPRESENTATION_CONTEXT(2) 
PARAMETRIC_REPRESENTATION_CONTEXT() REPRESENTATION_CONTEXT('2D SPACE',''
  ) );
#1424 = PCURVE('',#1425,#1430);
#1425 = PLANE('',#1426);
#1426 = AXIS2_PLACEMENT_3D('',#1427,#1428,#1429);
#1427 = CARTESIAN_POINT('',(-6.533333333333,-66.6,5.5));
#1428 = DIRECTION('',(-0.6,-0.8,0.));
#1429 = DIRECTION('',(-0.8,0.6,0.));
#1430 = DEFINITIONAL_REPRESENTATION('',(#1431),#1435);
#1431 = LINE('',#1432,#1433);
#1432 = CARTESIAN_POINT('',(0.,0.));
#1433 = VECTOR('',#1434,1.);
#1434 = DIRECTION('',(1.,0.));
#1435 = ( GEOMETRIC_REPRESENTATION_CONTEXT(2) 
PARAMETRIC_REPRESENTATION_CONTEXT() REPRESENTATION_CONTEXT('2D SPACE',''
  ) );
#1436 = ORIENTED_EDGE('',*,*,#1437,.T.);
#1437 = EDGE_CURVE('',#1410,#1438,#1440,.T.);
#1438 = VERTEX_POINT('',#1439);
#1439 = CARTESIAN_POINT('',(-10.19623347693,-63.690157668,5.5));
#1440 = SURFACE_CURVE('',#1441,(#1446,#1453),.PCURVE_S1.);
#1441 = CIRCLE('',#1442,2.);
#1442 = AXIS2_PLACEMENT_3D('',#1443,#1444,#1445);
#1443 = CARTESIAN_POINT('',(-8.506595325825,-62.62005350563,5.5));
#1444 = DIRECTION('',(0.,0.,-1.));
#1445 = DIRECTION('',(1.,0.,0.));
#1446 = PCURVE('',#150,#1447);
#1447 = DEFINITIONAL_REPRESENTATION('',(#1448),#1452);
#1448 = CIRCLE('',#1449,2.);
#1449 = AXIS2_PLACEMENT_2D('',#1450,#1451);
#1450 = CARTESIAN_POINT('',(8.506595325825,-54.14792196541));
#1451 = DIRECTION('',(-1.,0.));
#1452 = ( GEOMETRIC_REPRESENTATION_CONTEXT(2) 
PARAMETRIC_REPRESENTATION_CONTEXT() REPRESENTATION_CONTEXT('2D SPACE',''
  ) );
#1453 = PCURVE('',#1454,#1459);
#1454 = CYLINDRICAL_SURFACE('',#1455,2.);
#1455 = AXIS2_PLACEMENT_3D('',#1456,#1457,#1458);
#1456 = CARTESIAN_POINT('',(-8.506595325825,-62.62005350563,5.5));
#1457 = DIRECTION('',(0.,0.,-1.));
#1458 = DIRECTION('',(1.,0.,0.));
#1459 = DEFINITIONAL_REPRESENTATION('',(#1460),#1464);
#1460 = LINE('',#1461,#1462);
#1461 = CARTESIAN_POINT('',(0.,0.));
#1462 = VECTOR('',#1463,1.);
#1463 = DIRECTION('',(1.,0.));
#1464 = ( GEOMETRIC_REPRESENTATION_CONTEXT(2) 
PARAMETRIC_REPRESENTATION_CONTEXT() REPRESENTATION_CONTEXT('2D SPACE',''
  ) );
#1465 = ORIENTED_EDGE('',*,*,#1466,.T.);
#1466 = EDGE_CURVE('',#1438,#1467,#1469,.T.);
#1467 = VERTEX_POINT('',#1468);
#1468 = CARTESIAN_POINT('',(-13.39126245826,-58.64537506589,5.5));
#1469 = SURFACE_CURVE('',#1470,(#1474,#1481),.PCURVE_S1.);
#1470 = LINE('',#1471,#1472);
#1471 = CARTESIAN_POINT('',(-10.19623347693,-63.690157668,5.5));
#1472 = VECTOR('',#1473,1.);
#1473 = DIRECTION('',(-0.535052081184,0.844819075554,0.));
#1474 = PCURVE('',#150,#1475);
#1475 = DEFINITIONAL_REPRESENTATION('',(#1476),#1480);
#1476 = LINE('',#1477,#1478);
#1477 = CARTESIAN_POINT('',(10.196233476933,-55.21802612778));
#1478 = VECTOR('',#1479,1.);
#1479 = DIRECTION('',(0.535052081184,0.844819075554));
#1480 = ( GEOMETRIC_REPRESENTATION_CONTEXT(2) 
PARAMETRIC_REPRESENTATION_CONTEXT() REPRESENTATION_CONTEXT('2D SPACE',''
  ) );
#1481 = PCURVE('',#1482,#1487);
#1482 = PLANE('',#1483);
#1483 = AXIS2_PLACEMENT_3D('',#1484,#1485,#1486);
#1484 = CARTESIAN_POINT('',(-10.19623347693,-63.690157668,5.5));
#1485 = DIRECTION('',(-0.844819075554,-0.535052081184,0.));
#1486 = DIRECTION('',(-0.535052081184,0.844819075554,0.));
#1487 = DEFINITIONAL_REPRESENTATION('',(#1488),#1492);
#1488 = LINE('',#1489,#1490);
#1489 = CARTESIAN_POINT('',(0.,0.));
#1490 = VECTOR('',#1491,1.);
#1491 = DIRECTION('',(1.,0.));
#1492 = ( GEOMETRIC_REPRESENTATION_CONTEXT(2) 
PARAMETRIC_REPRESENTATION_CONTEXT() REPRESENTATION_CONTEXT('2D SPACE',''
  ) );
#1493 = ORIENTED_EDGE('',*,*,#1494,.T.);
#1494 = EDGE_CURVE('',#1467,#1495,#1497,.T.);
#1495 = VERTEX_POINT('',#1496);
#1496 = CARTESIAN_POINT('',(-13.67441215482,-57.24647292891,5.5));
#1497 = SURFACE_CURVE('',#1498,(#1503,#1510),.PCURVE_S1.);
#1498 = CIRCLE('',#1499,2.);
#1499 = AXIS2_PLACEMENT_3D('',#1500,#1501,#1502);
#1500 = CARTESIAN_POINT('',(-11.70162430715,-57.57527090353,5.5));
#1501 = DIRECTION('',(0.,0.,-1.));
#1502 = DIRECTION('',(1.,0.,0.));
#1503 = PCURVE('',#150,#1504);
#1504 = DEFINITIONAL_REPRESENTATION('',(#1505),#1509);
#1505 = CIRCLE('',#1506,2.);
#1506 = AXIS2_PLACEMENT_2D('',#1507,#1508);
#1507 = CARTESIAN_POINT('',(11.701624307156,-49.10313936331));
#1508 = DIRECTION('',(-1.,0.));
#1509 = ( GEOMETRIC_REPRESENTATION_CONTEXT(2) 
PARAMETRIC_REPRESENTATION_CONTEXT() REPRESENTATION_CONTEXT('2D SPACE',''
  ) );
#1510 = PCURVE('',#1511,#1516);
#1511 = CYLINDRICAL_SURFACE('',#1512,2.);
#1512 = AXIS2_PLACEMENT_3D('',#1513,#1514,#1515);
#1513 = CARTESIAN_POINT('',(-11.70162430715,-57.57527090353,5.5));
#1514 = DIRECTION('',(0.,0.,-1.));
#1515 = DIRECTION('',(1.,0.,0.));
#1516 = DEFINITIONAL_REPRESENTATION('',(#1517),#1521);
#1517 = LINE('',#1518,#1519);
#1518 = CARTESIAN_POINT('',(0.,0.));
#1519 = VECTOR('',#1520,1.);
#1520 = DIRECTION('',(1.,0.));
#1521 = ( GEOMETRIC_REPRESENTATION_CONTEXT(2) 
PARAMETRIC_REPRESENTATION_CONTEXT() REPRESENTATION_CONTEXT('2D SPACE',''
  ) );
#1522 = ORIENTED_EDGE('',*,*,#1523,.T.);
#1523 = EDGE_CURVE('',#1495,#1524,#1526,.T.);
#1524 = VERTEX_POINT('',#1525);
#1525 = CARTESIAN_POINT('',(-11.82721215233,-46.16327291401,5.5));
#1526 = SURFACE_CURVE('',#1527,(#1531,#1538),.PCURVE_S1.);
#1527 = LINE('',#1528,#1529);
#1528 = CARTESIAN_POINT('',(-13.67441215482,-57.24647292891,5.5));
#1529 = VECTOR('',#1530,1.);
#1530 = DIRECTION('',(0.164398987305,0.986393923832,0.));
#1531 = PCURVE('',#150,#1532);
#1532 = DEFINITIONAL_REPRESENTATION('',(#1533),#1537);
#1533 = LINE('',#1534,#1535);
#1534 = CARTESIAN_POINT('',(13.67441215482,-48.7743413887));
#1535 = VECTOR('',#1536,1.);
#1536 = DIRECTION('',(-0.164398987305,0.986393923832));
#1537 = ( GEOMETRIC_REPRESENTATION_CONTEXT(2) 
PARAMETRIC_REPRESENTATION_CONTEXT() REPRESENTATION_CONTEXT('2D SPACE',''
  ) );
#1538 = PCURVE('',#1539,#1544);
#1539 = PLANE('',#1540);
#1540 = AXIS2_PLACEMENT_3D('',#1541,#1542,#1543);
#1541 = CARTESIAN_POINT('',(-13.67441215482,-57.24647292891,5.5));
#1542 = DIRECTION('',(-0.986393923832,0.164398987305,0.));
#1543 = DIRECTION('',(0.164398987305,0.986393923832,0.));
#1544 = DEFINITIONAL_REPRESENTATION('',(#1545),#1549);
#1545 = LINE('',#1546,#1547);
#1546 = CARTESIAN_POINT('',(0.,0.));
#1547 = VECTOR('',#1548,1.);
#1548 = DIRECTION('',(1.,0.));
#1549 = ( GEOMETRIC_REPRESENTATION_CONTEXT(2) 
PARAMETRIC_REPRESENTATION_CONTEXT() REPRESENTATION_CONTEXT('2D SPACE',''
  ) );
#1550 = ORIENTED_EDGE('',*,*,#1551,.T.);
#1551 = EDGE_CURVE('',#1524,#1552,#1554,.T.);
#1552 = VERTEX_POINT('',#1553);
#1553 = CARTESIAN_POINT('',(-11.8,-45.8344749394,5.5));
#1554 = SURFACE_CURVE('',#1555,(#1560,#1571),.PCURVE_S1.);
#1555 = CIRCLE('',#1556,2.);
#1556 = AXIS2_PLACEMENT_3D('',#1557,#1558,#1559);
#1557 = CARTESIAN_POINT('',(-13.8,-45.8344749394,5.5));
#1558 = DIRECTION('',(0.,-0.,1.));
#1559 = DIRECTION('',(-1.,0.,0.));
#1560 = PCURVE('',#150,#1561);
#1561 = DEFINITIONAL_REPRESENTATION('',(#1562),#1570);
#1562 = ( BOUNDED_CURVE() B_SPLINE_CURVE(2,(#1563,#1564,#1565,#1566,
#1567,#1568,#1569),.UNSPECIFIED.,.T.,.F.) B_SPLINE_CURVE_WITH_KNOTS((1,2
    ,2,2,2,1),(-2.094395102393,0.,2.094395102393,4.188790204786,
6.28318530718,8.377580409573),.UNSPECIFIED.) CURVE() 
GEOMETRIC_REPRESENTATION_ITEM() RATIONAL_B_SPLINE_CURVE((1.,0.5,1.,0.5,
1.,0.5,1.)) REPRESENTATION_ITEM('') );
#1563 = CARTESIAN_POINT('',(15.8,-37.36234339918));
#1564 = CARTESIAN_POINT('',(15.8,-40.82644501432));
#1565 = CARTESIAN_POINT('',(12.8,-39.09439420675));
#1566 = CARTESIAN_POINT('',(9.8,-37.36234339918));
#1567 = CARTESIAN_POINT('',(12.8,-35.63029259161));
#1568 = CARTESIAN_POINT('',(15.8,-33.89824178404));
#1569 = CARTESIAN_POINT('',(15.8,-37.36234339918));
#1570 = ( GEOMETRIC_REPRESENTATION_CONTEXT(2) 
PARAMETRIC_REPRESENTATION_CONTEXT() REPRESENTATION_CONTEXT('2D SPACE',''
  ) );
#1571 = PCURVE('',#1572,#1577);
#1572 = CYLINDRICAL_SURFACE('',#1573,2.);
#1573 = AXIS2_PLACEMENT_3D('',#1574,#1575,#1576);
#1574 = CARTESIAN_POINT('',(-13.8,-45.8344749394,5.5));
#1575 = DIRECTION('',(-0.,0.,-1.));
#1576 = DIRECTION('',(-1.,0.,0.));
#1577 = DEFINITIONAL_REPRESENTATION('',(#1578),#1582);
#1578 = LINE('',#1579,#1580);
#1579 = CARTESIAN_POINT('',(-0.,0.));
#1580 = VECTOR('',#1581,1.);
#1581 = DIRECTION('',(-1.,0.));
#1582 = ( GEOMETRIC_REPRESENTATION_CONTEXT(2) 
PARAMETRIC_REPRESENTATION_CONTEXT() REPRESENTATION_CONTEXT('2D SPACE',''
  ) );
#1583 = ORIENTED_EDGE('',*,*,#1584,.T.);
#1584 = EDGE_CURVE('',#1552,#1585,#1587,.T.);
#1585 = VERTEX_POINT('',#1586);
#1586 = CARTESIAN_POINT('',(-11.8,-34.44010437825,5.5));
#1587 = SURFACE_CURVE('',#1588,(#1592,#1599),.PCURVE_S1.);
#1588 = LINE('',#1589,#1590);
#1589 = CARTESIAN_POINT('',(-11.8,-45.8344749394,5.5));
#1590 = VECTOR('',#1591,1.);
#1591 = DIRECTION('',(0.,1.,0.));
#1592 = PCURVE('',#150,#1593);
#1593 = DEFINITIONAL_REPRESENTATION('',(#1594),#1598);
#1594 = LINE('',#1595,#1596);
#1595 = CARTESIAN_POINT('',(11.8,-37.36234339918));
#1596 = VECTOR('',#1597,1.);
#1597 = DIRECTION('',(0.,1.));
#1598 = ( GEOMETRIC_REPRESENTATION_CONTEXT(2) 
PARAMETRIC_REPRESENTATION_CONTEXT() REPRESENTATION_CONTEXT('2D SPACE',''
  ) );
#1599 = PCURVE('',#1600,#1605);
#1600 = PLANE('',#1601);
#1601 = AXIS2_PLACEMENT_3D('',#1602,#1603,#1604);
#1602 = CARTESIAN_POINT('',(-11.8,-45.8344749394,5.5));
#1603 = DIRECTION('',(-1.,0.,0.));
#1604 = DIRECTION('',(0.,1.,0.));
#1605 = DEFINITIONAL_REPRESENTATION('',(#1606),#1610);
#1606 = LINE('',#1607,#1608);
#1607 = CARTESIAN_POINT('',(0.,0.));
#1608 = VECTOR('',#1609,1.);
#1609 = DIRECTION('',(1.,0.));
#1610 = ( GEOMETRIC_REPRESENTATION_CONTEXT(2) 
PARAMETRIC_REPRESENTATION_CONTEXT() REPRESENTATION_CONTEXT('2D SPACE',''
  ) );
#1611 = ORIENTED_EDGE('',*,*,#1612,.T.);
#1612 = EDGE_CURVE('',#1585,#1613,#1615,.T.);
#1613 = VERTEX_POINT('',#1614);
#1614 = CARTESIAN_POINT('',(-11.98474591844,-33.60054936553,5.5));
#1615 = SURFACE_CURVE('',#1616,(#1621,#1632),.PCURVE_S1.);
#1616 = CIRCLE('',#1617,2.);
#1617 = AXIS2_PLACEMENT_3D('',#1618,#1619,#1620);
#1618 = CARTESIAN_POINT('',(-13.8,-34.44010437825,5.5));
#1619 = DIRECTION('',(0.,-0.,1.));
#1620 = DIRECTION('',(-1.,0.,0.));
#1621 = PCURVE('',#150,#1622);
#1622 = DEFINITIONAL_REPRESENTATION('',(#1623),#1631);
#1623 = ( BOUNDED_CURVE() B_SPLINE_CURVE(2,(#1624,#1625,#1626,#1627,
#1628,#1629,#1630),.UNSPECIFIED.,.T.,.F.) B_SPLINE_CURVE_WITH_KNOTS((1,2
    ,2,2,2,1),(-2.094395102393,0.,2.094395102393,4.188790204786,
6.28318530718,8.377580409573),.UNSPECIFIED.) CURVE() 
GEOMETRIC_REPRESENTATION_ITEM() RATIONAL_B_SPLINE_CURVE((1.,0.5,1.,0.5,
1.,0.5,1.)) REPRESENTATION_ITEM('') );
#1624 = CARTESIAN_POINT('',(15.8,-25.96797283803));
#1625 = CARTESIAN_POINT('',(15.8,-29.43207445317));
#1626 = CARTESIAN_POINT('',(12.8,-27.7000236456));
#1627 = CARTESIAN_POINT('',(9.8,-25.96797283803));
#1628 = CARTESIAN_POINT('',(12.8,-24.23592203046));
#1629 = CARTESIAN_POINT('',(15.8,-22.50387122289));
#1630 = CARTESIAN_POINT('',(15.8,-25.96797283803));
#1631 = ( GEOMETRIC_REPRESENTATION_CONTEXT(2) 
PARAMETRIC_REPRESENTATION_CONTEXT() REPRESENTATION_CONTEXT('2D SPACE',''
  ) );
#1632 = PCURVE('',#1633,#1638);
#1633 = CYLINDRICAL_SURFACE('',#1634,2.);
#1634 = AXIS2_PLACEMENT_3D('',#1635,#1636,#1637);
#1635 = CARTESIAN_POINT('',(-13.8,-34.44010437825,5.5));
#1636 = DIRECTION('',(-0.,0.,-1.));
#1637 = DIRECTION('',(-1.,0.,0.));
#1638 = DEFINITIONAL_REPRESENTATION('',(#1639),#1643);
#1639 = LINE('',#1640,#1641);
#1640 = CARTESIAN_POINT('',(-0.,0.));
#1641 = VECTOR('',#1642,1.);
#1642 = DIRECTION('',(-1.,0.));
#1643 = ( GEOMETRIC_REPRESENTATION_CONTEXT(2) 
PARAMETRIC_REPRESENTATION_CONTEXT() REPRESENTATION_CONTEXT('2D SPACE',''
  ) );
#1644 = ORIENTED_EDGE('',*,*,#1645,.T.);
#1645 = EDGE_CURVE('',#1613,#1646,#1648,.T.);
#1646 = VERTEX_POINT('',#1647);
#1647 = CARTESIAN_POINT('',(-15.38958206428,-26.23874148263,5.5));
#1648 = SURFACE_CURVE('',#1649,(#1653,#1660),.PCURVE_S1.);
#1649 = LINE('',#1650,#1651);
#1650 = CARTESIAN_POINT('',(-11.98474591844,-33.60054936553,5.5));
#1651 = VECTOR('',#1652,1.);
#1652 = DIRECTION('',(-0.41977750636,0.907627040779,0.));
#1653 = PCURVE('',#150,#1654);
#1654 = DEFINITIONAL_REPRESENTATION('',(#1655),#1659);
#1655 = LINE('',#1656,#1657);
#1656 = CARTESIAN_POINT('',(11.984745918441,-25.12841782531));
#1657 = VECTOR('',#1658,1.);
#1658 = DIRECTION('',(0.41977750636,0.907627040779));
#1659 = ( GEOMETRIC_REPRESENTATION_CONTEXT(2) 
PARAMETRIC_REPRESENTATION_CONTEXT() REPRESENTATION_CONTEXT('2D SPACE',''
  ) );
#1660 = PCURVE('',#1661,#1666);
#1661 = PLANE('',#1662);
#1662 = AXIS2_PLACEMENT_3D('',#1663,#1664,#1665);
#1663 = CARTESIAN_POINT('',(-11.98474591844,-33.60054936553,5.5));
#1664 = DIRECTION('',(-0.907627040779,-0.41977750636,0.));
#1665 = DIRECTION('',(-0.41977750636,0.907627040779,0.));
#1666 = DEFINITIONAL_REPRESENTATION('',(#1667),#1671);
#1667 = LINE('',#1668,#1669);
#1668 = CARTESIAN_POINT('',(0.,0.));
#1669 = VECTOR('',#1670,1.);
#1670 = DIRECTION('',(1.,0.));
#1671 = ( GEOMETRIC_REPRESENTATION_CONTEXT(2) 
PARAMETRIC_REPRESENTATION_CONTEXT() REPRESENTATION_CONTEXT('2D SPACE',''
  ) );
#1672 = ORIENTED_EDGE('',*,*,#1673,.T.);
#1673 = EDGE_CURVE('',#1646,#1674,#1676,.T.);
#1674 = VERTEX_POINT('',#1675);
#1675 = CARTESIAN_POINT('',(-15.66839358664,-25.79792769602,5.5));
#1676 = SURFACE_CURVE('',#1677,(#1682,#1693),.PCURVE_S1.);
#1677 = CIRCLE('',#1678,2.);
#1678 = AXIS2_PLACEMENT_3D('',#1679,#1680,#1681);
#1679 = CARTESIAN_POINT('',(-17.20483614584,-27.07829649535,5.5));
#1680 = DIRECTION('',(0.,0.,1.));
#1681 = DIRECTION('',(-1.,0.,0.));
#1682 = PCURVE('',#150,#1683);
#1683 = DEFINITIONAL_REPRESENTATION('',(#1684),#1692);
#1684 = ( BOUNDED_CURVE() B_SPLINE_CURVE(2,(#1685,#1686,#1687,#1688,
#1689,#1690,#1691),.UNSPECIFIED.,.T.,.F.) B_SPLINE_CURVE_WITH_KNOTS((1,2
    ,2,2,2,1),(-2.094395102393,0.,2.094395102393,4.188790204786,
6.28318530718,8.377580409573),.UNSPECIFIED.) CURVE() 
GEOMETRIC_REPRESENTATION_ITEM() RATIONAL_B_SPLINE_CURVE((1.,0.5,1.,0.5,
1.,0.5,1.)) REPRESENTATION_ITEM('') );
#1685 = CARTESIAN_POINT('',(19.204836145841,-18.60616495513));
#1686 = CARTESIAN_POINT('',(19.204836145841,-22.07026657027));
#1687 = CARTESIAN_POINT('',(16.204836145841,-20.3382157627));
#1688 = CARTESIAN_POINT('',(13.204836145841,-18.60616495513));
#1689 = CARTESIAN_POINT('',(16.204836145841,-16.87411414756));
#1690 = CARTESIAN_POINT('',(19.204836145841,-15.14206333999));
#1691 = CARTESIAN_POINT('',(19.204836145841,-18.60616495513));
#1692 = ( GEOMETRIC_REPRESENTATION_CONTEXT(2) 
PARAMETRIC_REPRESENTATION_CONTEXT() REPRESENTATION_CONTEXT('2D SPACE',''
  ) );
#1693 = PCURVE('',#1694,#1699);
#1694 = CYLINDRICAL_SURFACE('',#1695,2.);
#1695 = AXIS2_PLACEMENT_3D('',#1696,#1697,#1698);
#1696 = CARTESIAN_POINT('',(-17.20483614584,-27.07829649535,5.5));
#1697 = DIRECTION('',(-0.,-0.,-1.));
#1698 = DIRECTION('',(-1.,0.,0.));
#1699 = DEFINITIONAL_REPRESENTATION('',(#1700),#1704);
#1700 = LINE('',#1701,#1702);
#1701 = CARTESIAN_POINT('',(-0.,0.));
#1702 = VECTOR('',#1703,1.);
#1703 = DIRECTION('',(-1.,0.));
#1704 = ( GEOMETRIC_REPRESENTATION_CONTEXT(2) 
PARAMETRIC_REPRESENTATION_CONTEXT() REPRESENTATION_CONTEXT('2D SPACE',''
  ) );
#1705 = ORIENTED_EDGE('',*,*,#1706,.T.);
#1706 = EDGE_CURVE('',#1674,#1707,#1709,.T.);
#1707 = VERTEX_POINT('',#1708);
#1708 = CARTESIAN_POINT('',(-20.4756208647,-20.02925496235,5.5));
#1709 = SURFACE_CURVE('',#1710,(#1714,#1721),.PCURVE_S1.);
#1710 = LINE('',#1711,#1712);
#1711 = CARTESIAN_POINT('',(-15.66839358664,-25.79792769602,5.5));
#1712 = VECTOR('',#1713,1.);
#1713 = DIRECTION('',(-0.640184399664,0.768221279597,0.));
#1714 = PCURVE('',#150,#1715);
#1715 = DEFINITIONAL_REPRESENTATION('',(#1716),#1720);
#1716 = LINE('',#1717,#1718);
#1717 = CARTESIAN_POINT('',(15.668393586646,-17.3257961558));
#1718 = VECTOR('',#1719,1.);
#1719 = DIRECTION('',(0.640184399664,0.768221279597));
#1720 = ( GEOMETRIC_REPRESENTATION_CONTEXT(2) 
PARAMETRIC_REPRESENTATION_CONTEXT() REPRESENTATION_CONTEXT('2D SPACE',''
  ) );
#1721 = PCURVE('',#1722,#1727);
#1722 = PLANE('',#1723);
#1723 = AXIS2_PLACEMENT_3D('',#1724,#1725,#1726);
#1724 = CARTESIAN_POINT('',(-15.66839358664,-25.79792769602,5.5));
#1725 = DIRECTION('',(-0.768221279597,-0.640184399664,0.));
#1726 = DIRECTION('',(-0.640184399664,0.768221279597,0.));
#1727 = DEFINITIONAL_REPRESENTATION('',(#1728),#1732);
#1728 = LINE('',#1729,#1730);
#1729 = CARTESIAN_POINT('',(0.,0.));
#1730 = VECTOR('',#1731,1.);
#1731 = DIRECTION('',(1.,0.));
#1732 = ( GEOMETRIC_REPRESENTATION_CONTEXT(2) 
PARAMETRIC_REPRESENTATION_CONTEXT() REPRESENTATION_CONTEXT('2D SPACE',''
  ) );
#1733 = ORIENTED_EDGE('',*,*,#1734,.T.);
#1734 = EDGE_CURVE('',#1707,#1735,#1737,.T.);
#1735 = VERTEX_POINT('',#1736);
#1736 = CARTESIAN_POINT('',(-20.5254751314,-19.97169429844,5.5));
#1737 = SURFACE_CURVE('',#1738,(#1743,#1754),.PCURVE_S1.);
#1738 = CIRCLE('',#1739,2.);
#1739 = AXIS2_PLACEMENT_3D('',#1740,#1741,#1742);
#1740 = CARTESIAN_POINT('',(-22.01206342389,-21.30962376168,5.5));
#1741 = DIRECTION('',(0.,0.,1.));
#1742 = DIRECTION('',(-1.,0.,0.));
#1743 = PCURVE('',#150,#1744);
#1744 = DEFINITIONAL_REPRESENTATION('',(#1745),#1753);
#1745 = ( BOUNDED_CURVE() B_SPLINE_CURVE(2,(#1746,#1747,#1748,#1749,
#1750,#1751,#1752),.UNSPECIFIED.,.T.,.F.) B_SPLINE_CURVE_WITH_KNOTS((1,2
    ,2,2,2,1),(-2.094395102393,0.,2.094395102393,4.188790204786,
6.28318530718,8.377580409573),.UNSPECIFIED.) CURVE() 
GEOMETRIC_REPRESENTATION_ITEM() RATIONAL_B_SPLINE_CURVE((1.,0.5,1.,0.5,
1.,0.5,1.)) REPRESENTATION_ITEM('') );
#1746 = CARTESIAN_POINT('',(24.012063423896,-12.83749222146));
#1747 = CARTESIAN_POINT('',(24.012063423896,-16.3015938366));
#1748 = CARTESIAN_POINT('',(21.012063423896,-14.56954302903));
#1749 = CARTESIAN_POINT('',(18.012063423896,-12.83749222146));
#1750 = CARTESIAN_POINT('',(21.012063423896,-11.1054414139));
#1751 = CARTESIAN_POINT('',(24.012063423896,-9.373390606331));
#1752 = CARTESIAN_POINT('',(24.012063423896,-12.83749222146));
#1753 = ( GEOMETRIC_REPRESENTATION_CONTEXT(2) 
PARAMETRIC_REPRESENTATION_CONTEXT() REPRESENTATION_CONTEXT('2D SPACE',''
  ) );
#1754 = PCURVE('',#1755,#1760);
#1755 = CYLINDRICAL_SURFACE('',#1756,2.);
#1756 = AXIS2_PLACEMENT_3D('',#1757,#1758,#1759);
#1757 = CARTESIAN_POINT('',(-22.01206342389,-21.30962376168,5.5));
#1758 = DIRECTION('',(-0.,-0.,-1.));
#1759 = DIRECTION('',(-1.,0.,0.));
#1760 = DEFINITIONAL_REPRESENTATION('',(#1761),#1765);
#1761 = LINE('',#1762,#1763);
#1762 = CARTESIAN_POINT('',(-0.,0.));
#1763 = VECTOR('',#1764,1.);
#1764 = DIRECTION('',(-1.,0.));
#1765 = ( GEOMETRIC_REPRESENTATION_CONTEXT(2) 
PARAMETRIC_REPRESENTATION_CONTEXT() REPRESENTATION_CONTEXT('2D SPACE',''
  ) );
#1766 = ORIENTED_EDGE('',*,*,#1767,.T.);
#1767 = EDGE_CURVE('',#1735,#1768,#1770,.T.);
#1768 = VERTEX_POINT('',#1769);
#1769 = CARTESIAN_POINT('',(-24.48658829249,-15.57045745278,5.5));
#1770 = SURFACE_CURVE('',#1771,(#1775,#1782),.PCURVE_S1.);
#1771 = LINE('',#1772,#1773);
#1772 = CARTESIAN_POINT('',(-20.5254751314,-19.97169429844,5.5));
#1773 = VECTOR('',#1774,1.);
#1774 = DIRECTION('',(-0.668964731622,0.743294146247,0.));
#1775 = PCURVE('',#150,#1776);
#1776 = DEFINITIONAL_REPRESENTATION('',(#1777),#1781);
#1777 = LINE('',#1778,#1779);
#1778 = CARTESIAN_POINT('',(20.525475131401,-11.49956275822));
#1779 = VECTOR('',#1780,1.);
#1780 = DIRECTION('',(0.668964731622,0.743294146247));
#1781 = ( GEOMETRIC_REPRESENTATION_CONTEXT(2) 
PARAMETRIC_REPRESENTATION_CONTEXT() REPRESENTATION_CONTEXT('2D SPACE',''
  ) );
#1782 = PCURVE('',#1783,#1788);
#1783 = PLANE('',#1784);
#1784 = AXIS2_PLACEMENT_3D('',#1785,#1786,#1787);
#1785 = CARTESIAN_POINT('',(-20.5254751314,-19.97169429844,5.5));
#1786 = DIRECTION('',(-0.743294146247,-0.668964731622,0.));
#1787 = DIRECTION('',(-0.668964731622,0.743294146247,0.));
#1788 = DEFINITIONAL_REPRESENTATION('',(#1789),#1793);
#1789 = LINE('',#1790,#1791);
#1790 = CARTESIAN_POINT('',(0.,0.));
#1791 = VECTOR('',#1792,1.);
#1792 = DIRECTION('',(1.,0.));
#1793 = ( GEOMETRIC_REPRESENTATION_CONTEXT(2) 
PARAMETRIC_REPRESENTATION_CONTEXT() REPRESENTATION_CONTEXT('2D SPACE',''
  ) );
#1794 = ORIENTED_EDGE('',*,*,#1795,.T.);
#1795 = EDGE_CURVE('',#1768,#1796,#1798,.T.);
#1796 = VERTEX_POINT('',#1797);
#1797 = CARTESIAN_POINT('',(-25.,-14.23252798953,5.5));
#1798 = SURFACE_CURVE('',#1799,(#1804,#1811),.PCURVE_S1.);
#1799 = CIRCLE('',#1800,2.);
#1800 = AXIS2_PLACEMENT_3D('',#1801,#1802,#1803);
#1801 = CARTESIAN_POINT('',(-23.,-14.23252798953,5.5));
#1802 = DIRECTION('',(0.,0.,-1.));
#1803 = DIRECTION('',(1.,0.,0.));
#1804 = PCURVE('',#150,#1805);
#1805 = DEFINITIONAL_REPRESENTATION('',(#1806),#1810);
#1806 = CIRCLE('',#1807,2.);
#1807 = AXIS2_PLACEMENT_2D('',#1808,#1809);
#1808 = CARTESIAN_POINT('',(23.,-5.76039644932));
#1809 = DIRECTION('',(-1.,0.));
#1810 = ( GEOMETRIC_REPRESENTATION_CONTEXT(2) 
PARAMETRIC_REPRESENTATION_CONTEXT() REPRESENTATION_CONTEXT('2D SPACE',''
  ) );
#1811 = PCURVE('',#1812,#1817);
#1812 = CYLINDRICAL_SURFACE('',#1813,2.);
#1813 = AXIS2_PLACEMENT_3D('',#1814,#1815,#1816);
#1814 = CARTESIAN_POINT('',(-23.,-14.23252798953,5.5));
#1815 = DIRECTION('',(0.,0.,-1.));
#1816 = DIRECTION('',(1.,0.,0.));
#1817 = DEFINITIONAL_REPRESENTATION('',(#1818),#1822);
#1818 = LINE('',#1819,#1820);
#1819 = CARTESIAN_POINT('',(0.,0.));
#1820 = VECTOR('',#1821,1.);
#1821 = DIRECTION('',(1.,0.));
#1822 = ( GEOMETRIC_REPRESENTATION_CONTEXT(2) 
PARAMETRIC_REPRESENTATION_CONTEXT() REPRESENTATION_CONTEXT('2D SPACE',''
  ) );
#1823 = ORIENTED_EDGE('',*,*,#1824,.T.);
#1824 = EDGE_CURVE('',#1796,#1825,#1827,.T.);
#1825 = VERTEX_POINT('',#1826);
#1826 = CARTESIAN_POINT('',(-25.,-9.701562118716,5.5));
#1827 = SURFACE_CURVE('',#1828,(#1832,#1839),.PCURVE_S1.);
#1828 = LINE('',#1829,#1830);
#1829 = CARTESIAN_POINT('',(-25.,-14.23252798953,5.5));
#1830 = VECTOR('',#1831,1.);
#1831 = DIRECTION('',(0.,1.,0.));
#1832 = PCURVE('',#150,#1833);
#1833 = DEFINITIONAL_REPRESENTATION('',(#1834),#1838);
#1834 = LINE('',#1835,#1836);
#1835 = CARTESIAN_POINT('',(25.,-5.76039644932));
#1836 = VECTOR('',#1837,1.);
#1837 = DIRECTION('',(0.,1.));
#1838 = ( GEOMETRIC_REPRESENTATION_CONTEXT(2) 
PARAMETRIC_REPRESENTATION_CONTEXT() REPRESENTATION_CONTEXT('2D SPACE',''
  ) );
#1839 = PCURVE('',#1840,#1845);
#1840 = PLANE('',#1841);
#1841 = AXIS2_PLACEMENT_3D('',#1842,#1843,#1844);
#1842 = CARTESIAN_POINT('',(-25.,-14.23252798953,5.5));
#1843 = DIRECTION('',(-1.,0.,0.));
#1844 = DIRECTION('',(0.,1.,0.));
#1845 = DEFINITIONAL_REPRESENTATION('',(#1846),#1850);
#1846 = LINE('',#1847,#1848);
#1847 = CARTESIAN_POINT('',(0.,0.));
#1848 = VECTOR('',#1849,1.);
#1849 = DIRECTION('',(1.,0.));
#1850 = ( GEOMETRIC_REPRESENTATION_CONTEXT(2) 
PARAMETRIC_REPRESENTATION_CONTEXT() REPRESENTATION_CONTEXT('2D SPACE',''
  ) );
#1851 = ORIENTED_EDGE('',*,*,#1852,.T.);
#1852 = EDGE_CURVE('',#1825,#1853,#1855,.T.);
#1853 = VERTEX_POINT('',#1854);
#1854 = CARTESIAN_POINT('',(-24.56173761888,-8.452172023608,5.5));
#1855 = SURFACE_CURVE('',#1856,(#1861,#1868),.PCURVE_S1.);
#1856 = CIRCLE('',#1857,2.);
#1857 = AXIS2_PLACEMENT_3D('',#1858,#1859,#1860);
#1858 = CARTESIAN_POINT('',(-23.,-9.701562118716,5.5));
#1859 = DIRECTION('',(0.,-0.,-1.));
#1860 = DIRECTION('',(1.,0.,-0.));
#1861 = PCURVE('',#150,#1862);
#1862 = DEFINITIONAL_REPRESENTATION('',(#1863),#1867);
#1863 = CIRCLE('',#1864,2.);
#1864 = AXIS2_PLACEMENT_2D('',#1865,#1866);
#1865 = CARTESIAN_POINT('',(23.,-1.229430578497));
#1866 = DIRECTION('',(-1.,0.));
#1867 = ( GEOMETRIC_REPRESENTATION_CONTEXT(2) 
PARAMETRIC_REPRESENTATION_CONTEXT() REPRESENTATION_CONTEXT('2D SPACE',''
  ) );
#1868 = PCURVE('',#1869,#1874);
#1869 = CYLINDRICAL_SURFACE('',#1870,2.);
#1870 = AXIS2_PLACEMENT_3D('',#1871,#1872,#1873);
#1871 = CARTESIAN_POINT('',(-23.,-9.701562118716,5.5));
#1872 = DIRECTION('',(0.,-0.,-1.));
#1873 = DIRECTION('',(1.,0.,-0.));
#1874 = DEFINITIONAL_REPRESENTATION('',(#1875),#1879);
#1875 = LINE('',#1876,#1877);
#1876 = CARTESIAN_POINT('',(0.,0.));
#1877 = VECTOR('',#1878,1.);
#1878 = DIRECTION('',(1.,0.));
#1879 = ( GEOMETRIC_REPRESENTATION_CONTEXT(2) 
PARAMETRIC_REPRESENTATION_CONTEXT() REPRESENTATION_CONTEXT('2D SPACE',''
  ) );
#1880 = ORIENTED_EDGE('',*,*,#1881,.T.);
#1881 = EDGE_CURVE('',#1853,#1882,#1884,.T.);
#1882 = VERTEX_POINT('',#1883);
#1883 = CARTESIAN_POINT('',(-21.35277399265,-4.440967490815,5.5));
#1884 = SURFACE_CURVE('',#1885,(#1889,#1896),.PCURVE_S1.);
#1885 = LINE('',#1886,#1887);
#1886 = CARTESIAN_POINT('',(-24.56173761888,-8.452172023608,5.5));
#1887 = VECTOR('',#1888,1.);
#1888 = DIRECTION('',(0.624695047554,0.780868809443,0.));
#1889 = PCURVE('',#150,#1890);
#1890 = DEFINITIONAL_REPRESENTATION('',(#1891),#1895);
#1891 = LINE('',#1892,#1893);
#1892 = CARTESIAN_POINT('',(24.561737618886,1.995951661157E-02));
#1893 = VECTOR('',#1894,1.);
#1894 = DIRECTION('',(-0.624695047554,0.780868809443));
#1895 = ( GEOMETRIC_REPRESENTATION_CONTEXT(2) 
PARAMETRIC_REPRESENTATION_CONTEXT() REPRESENTATION_CONTEXT('2D SPACE',''
  ) );
#1896 = PCURVE('',#1897,#1902);
#1897 = PLANE('',#1898);
#1898 = AXIS2_PLACEMENT_3D('',#1899,#1900,#1901);
#1899 = CARTESIAN_POINT('',(-24.56173761888,-8.452172023608,5.5));
#1900 = DIRECTION('',(-0.780868809443,0.624695047554,0.));
#1901 = DIRECTION('',(0.624695047554,0.780868809443,0.));
#1902 = DEFINITIONAL_REPRESENTATION('',(#1903),#1907);
#1903 = LINE('',#1904,#1905);
#1904 = CARTESIAN_POINT('',(0.,0.));
#1905 = VECTOR('',#1906,1.);
#1906 = DIRECTION('',(1.,0.));
#1907 = ( GEOMETRIC_REPRESENTATION_CONTEXT(2) 
PARAMETRIC_REPRESENTATION_CONTEXT() REPRESENTATION_CONTEXT('2D SPACE',''
  ) );
#1908 = ORIENTED_EDGE('',*,*,#1909,.T.);
#1909 = EDGE_CURVE('',#1882,#1910,#1912,.T.);
#1910 = VERTEX_POINT('',#1911);
#1911 = CARTESIAN_POINT('',(-20.92995585811,-3.439646864884,5.5));
#1912 = SURFACE_CURVE('',#1913,(#1918,#1929),.PCURVE_S1.);
#1913 = CIRCLE('',#1914,2.);
#1914 = AXIS2_PLACEMENT_3D('',#1915,#1916,#1917);
#1915 = CARTESIAN_POINT('',(-22.91451161153,-3.191577395706,5.5));
#1916 = DIRECTION('',(0.,-0.,1.));
#1917 = DIRECTION('',(-1.,0.,0.));
#1918 = PCURVE('',#150,#1919);
#1919 = DEFINITIONAL_REPRESENTATION('',(#1920),#1928);
#1920 = ( BOUNDED_CURVE() B_SPLINE_CURVE(2,(#1921,#1922,#1923,#1924,
#1925,#1926,#1927),.UNSPECIFIED.,.T.,.F.) B_SPLINE_CURVE_WITH_KNOTS((1,2
    ,2,2,2,1),(-2.094395102393,0.,2.094395102393,4.188790204786,
6.28318530718,8.377580409573),.UNSPECIFIED.) CURVE() 
GEOMETRIC_REPRESENTATION_ITEM() RATIONAL_B_SPLINE_CURVE((1.,0.5,1.,0.5,
1.,0.5,1.)) REPRESENTATION_ITEM('') );
#1921 = CARTESIAN_POINT('',(24.914511611538,5.280554144513));
#1922 = CARTESIAN_POINT('',(24.914511611538,1.816452529375));
#1923 = CARTESIAN_POINT('',(21.914511611538,3.548503336944));
#1924 = CARTESIAN_POINT('',(18.914511611538,5.280554144513));
#1925 = CARTESIAN_POINT('',(21.914511611538,7.012604952082));
#1926 = CARTESIAN_POINT('',(24.914511611538,8.744655759651));
#1927 = CARTESIAN_POINT('',(24.914511611538,5.280554144513));
#1928 = ( GEOMETRIC_REPRESENTATION_CONTEXT(2) 
PARAMETRIC_REPRESENTATION_CONTEXT() REPRESENTATION_CONTEXT('2D SPACE',''
  ) );
#1929 = PCURVE('',#1930,#1935);
#1930 = CYLINDRICAL_SURFACE('',#1931,2.);
#1931 = AXIS2_PLACEMENT_3D('',#1932,#1933,#1934);
#1932 = CARTESIAN_POINT('',(-22.91451161153,-3.191577395706,5.5));
#1933 = DIRECTION('',(-0.,0.,-1.));
#1934 = DIRECTION('',(-1.,0.,0.));
#1935 = DEFINITIONAL_REPRESENTATION('',(#1936),#1940);
#1936 = LINE('',#1937,#1938);
#1937 = CARTESIAN_POINT('',(-0.,0.));
#1938 = VECTOR('',#1939,1.);
#1939 = DIRECTION('',(-1.,0.));
#1940 = ( GEOMETRIC_REPRESENTATION_CONTEXT(2) 
PARAMETRIC_REPRESENTATION_CONTEXT() REPRESENTATION_CONTEXT('2D SPACE',''
  ) );
#1941 = ORIENTED_EDGE('',*,*,#1942,.T.);
#1942 = EDGE_CURVE('',#1910,#1943,#1945,.T.);
#1943 = VERTEX_POINT('',#1944);
#1944 = CARTESIAN_POINT('',(-20.53100868364,-0.248069469178,5.5));
#1945 = SURFACE_CURVE('',#1946,(#1950,#1957),.PCURVE_S1.);
#1946 = LINE('',#1947,#1948);
#1947 = CARTESIAN_POINT('',(-20.92995585811,-3.439646864884,5.5));
#1948 = VECTOR('',#1949,1.);
#1949 = DIRECTION('',(0.124034734589,0.992277876714,0.));
#1950 = PCURVE('',#150,#1951);
#1951 = DEFINITIONAL_REPRESENTATION('',(#1952),#1956);
#1952 = LINE('',#1953,#1954);
#1953 = CARTESIAN_POINT('',(20.929955858111,5.032484675335));
#1954 = VECTOR('',#1955,1.);
#1955 = DIRECTION('',(-0.124034734589,0.992277876714));
#1956 = ( GEOMETRIC_REPRESENTATION_CONTEXT(2) 
PARAMETRIC_REPRESENTATION_CONTEXT() REPRESENTATION_CONTEXT('2D SPACE',''
  ) );
#1957 = PCURVE('',#1958,#1963);
#1958 = PLANE('',#1959);
#1959 = AXIS2_PLACEMENT_3D('',#1960,#1961,#1962);
#1960 = CARTESIAN_POINT('',(-20.92995585811,-3.439646864884,5.5));
#1961 = DIRECTION('',(-0.992277876714,0.124034734589,0.));
#1962 = DIRECTION('',(0.124034734589,0.992277876714,0.));
#1963 = DEFINITIONAL_REPRESENTATION('',(#1964),#1968);
#1964 = LINE('',#1965,#1966);
#1965 = CARTESIAN_POINT('',(0.,0.));
#1966 = VECTOR('',#1967,1.);
#1967 = DIRECTION('',(1.,0.));
#1968 = ( GEOMETRIC_REPRESENTATION_CONTEXT(2) 
PARAMETRIC_REPRESENTATION_CONTEXT() REPRESENTATION_CONTEXT('2D SPACE',''
  ) );
#1969 = ORIENTED_EDGE('',*,*,#1970,.T.);
#1970 = EDGE_CURVE('',#1943,#1971,#1973,.T.);
#1971 = VERTEX_POINT('',#1972);
#1972 = CARTESIAN_POINT('',(-20.53100868364,0.248069469178,5.5));
#1973 = SURFACE_CURVE('',#1974,(#1979,#1990),.PCURVE_S1.);
#1974 = CIRCLE('',#1975,2.);
#1975 = AXIS2_PLACEMENT_3D('',#1976,#1977,#1978);
#1976 = CARTESIAN_POINT('',(-22.51556443707,0.,5.5));
#1977 = DIRECTION('',(0.,-0.,1.));
#1978 = DIRECTION('',(-1.,0.,0.));
#1979 = PCURVE('',#150,#1980);
#1980 = DEFINITIONAL_REPRESENTATION('',(#1981),#1989);
#1981 = ( BOUNDED_CURVE() B_SPLINE_CURVE(2,(#1982,#1983,#1984,#1985,
#1986,#1987,#1988),.UNSPECIFIED.,.T.,.F.) B_SPLINE_CURVE_WITH_KNOTS((1,2
    ,2,2,2,1),(-2.094395102393,0.,2.094395102393,4.188790204786,
6.28318530718,8.377580409573),.UNSPECIFIED.) CURVE() 
GEOMETRIC_REPRESENTATION_ITEM() RATIONAL_B_SPLINE_CURVE((1.,0.5,1.,0.5,
1.,0.5,1.)) REPRESENTATION_ITEM('') );
#1982 = CARTESIAN_POINT('',(24.515564437075,8.472131540219));
#1983 = CARTESIAN_POINT('',(24.515564437075,5.008029925081));
#1984 = CARTESIAN_POINT('',(21.515564437075,6.74008073265));
#1985 = CARTESIAN_POINT('',(18.515564437075,8.472131540219));
#1986 = CARTESIAN_POINT('',(21.515564437075,10.204182347788));
#1987 = CARTESIAN_POINT('',(24.515564437075,11.936233155357));
#1988 = CARTESIAN_POINT('',(24.515564437075,8.472131540219));
#1989 = ( GEOMETRIC_REPRESENTATION_CONTEXT(2) 
PARAMETRIC_REPRESENTATION_CONTEXT() REPRESENTATION_CONTEXT('2D SPACE',''
  ) );
#1990 = PCURVE('',#1991,#1996);
#1991 = CYLINDRICAL_SURFACE('',#1992,2.);
#1992 = AXIS2_PLACEMENT_3D('',#1993,#1994,#1995);
#1993 = CARTESIAN_POINT('',(-22.51556443707,0.,5.5));
#1994 = DIRECTION('',(-0.,0.,-1.));
#1995 = DIRECTION('',(-1.,0.,0.));
#1996 = DEFINITIONAL_REPRESENTATION('',(#1997),#2001);
#1997 = LINE('',#1998,#1999);
#1998 = CARTESIAN_POINT('',(-0.,0.));
#1999 = VECTOR('',#2000,1.);
#2000 = DIRECTION('',(-1.,0.));
#2001 = ( GEOMETRIC_REPRESENTATION_CONTEXT(2) 
PARAMETRIC_REPRESENTATION_CONTEXT() REPRESENTATION_CONTEXT('2D SPACE',''
  ) );
#2002 = ORIENTED_EDGE('',*,*,#2003,.T.);
#2003 = EDGE_CURVE('',#1971,#2004,#2006,.T.);
#2004 = VERTEX_POINT('',#2005);
#2005 = CARTESIAN_POINT('',(-20.92995585811,3.439646864884,5.5));
#2006 = SURFACE_CURVE('',#2007,(#2011,#2018),.PCURVE_S1.);
#2007 = LINE('',#2008,#2009);
#2008 = CARTESIAN_POINT('',(-20.53100868364,0.248069469178,5.5));
#2009 = VECTOR('',#2010,1.);
#2010 = DIRECTION('',(-0.124034734589,0.992277876714,0.));
#2011 = PCURVE('',#150,#2012);
#2012 = DEFINITIONAL_REPRESENTATION('',(#2013),#2017);
#2013 = LINE('',#2014,#2015);
#2014 = CARTESIAN_POINT('',(20.531008683647,8.720201009398));
#2015 = VECTOR('',#2016,1.);
#2016 = DIRECTION('',(0.124034734589,0.992277876714));
#2017 = ( GEOMETRIC_REPRESENTATION_CONTEXT(2) 
PARAMETRIC_REPRESENTATION_CONTEXT() REPRESENTATION_CONTEXT('2D SPACE',''
  ) );
#2018 = PCURVE('',#2019,#2024);
#2019 = PLANE('',#2020);
#2020 = AXIS2_PLACEMENT_3D('',#2021,#2022,#2023);
#2021 = CARTESIAN_POINT('',(-20.53100868364,0.248069469178,5.5));
#2022 = DIRECTION('',(-0.992277876714,-0.124034734589,0.));
#2023 = DIRECTION('',(-0.124034734589,0.992277876714,0.));
#2024 = DEFINITIONAL_REPRESENTATION('',(#2025),#2029);
#2025 = LINE('',#2026,#2027);
#2026 = CARTESIAN_POINT('',(0.,0.));
#2027 = VECTOR('',#2028,1.);
#2028 = DIRECTION('',(1.,0.));
#2029 = ( GEOMETRIC_REPRESENTATION_CONTEXT(2) 
PARAMETRIC_REPRESENTATION_CONTEXT() REPRESENTATION_CONTEXT('2D SPACE',''
  ) );
#2030 = ORIENTED_EDGE('',*,*,#2031,.T.);
#2031 = EDGE_CURVE('',#2004,#2032,#2034,.T.);
#2032 = VERTEX_POINT('',#2033);
#2033 = CARTESIAN_POINT('',(-21.35277399265,4.440967490815,5.5));
#2034 = SURFACE_CURVE('',#2035,(#2040,#2051),.PCURVE_S1.);
#2035 = CIRCLE('',#2036,2.);
#2036 = AXIS2_PLACEMENT_3D('',#2037,#2038,#2039);
#2037 = CARTESIAN_POINT('',(-22.91451161153,3.191577395706,5.5));
#2038 = DIRECTION('',(0.,0.,1.));
#2039 = DIRECTION('',(-1.,0.,0.));
#2040 = PCURVE('',#150,#2041);
#2041 = DEFINITIONAL_REPRESENTATION('',(#2042),#2050);
#2042 = ( BOUNDED_CURVE() B_SPLINE_CURVE(2,(#2043,#2044,#2045,#2046,
#2047,#2048,#2049),.UNSPECIFIED.,.T.,.F.) B_SPLINE_CURVE_WITH_KNOTS((1,2
    ,2,2,2,1),(-2.094395102393,0.,2.094395102393,4.188790204786,
6.28318530718,8.377580409573),.UNSPECIFIED.) CURVE() 
GEOMETRIC_REPRESENTATION_ITEM() RATIONAL_B_SPLINE_CURVE((1.,0.5,1.,0.5,
1.,0.5,1.)) REPRESENTATION_ITEM('') );
#2043 = CARTESIAN_POINT('',(24.914511611538,11.663708935925));
#2044 = CARTESIAN_POINT('',(24.914511611538,8.199607320787));
#2045 = CARTESIAN_POINT('',(21.914511611538,9.931658128356));
#2046 = CARTESIAN_POINT('',(18.914511611538,11.663708935925));
#2047 = CARTESIAN_POINT('',(21.914511611538,13.395759743494));
#2048 = CARTESIAN_POINT('',(24.914511611538,15.127810551063));
#2049 = CARTESIAN_POINT('',(24.914511611538,11.663708935925));
#2050 = ( GEOMETRIC_REPRESENTATION_CONTEXT(2) 
PARAMETRIC_REPRESENTATION_CONTEXT() REPRESENTATION_CONTEXT('2D SPACE',''
  ) );
#2051 = PCURVE('',#2052,#2057);
#2052 = CYLINDRICAL_SURFACE('',#2053,2.);
#2053 = AXIS2_PLACEMENT_3D('',#2054,#2055,#2056);
#2054 = CARTESIAN_POINT('',(-22.91451161153,3.191577395706,5.5));
#2055 = DIRECTION('',(-0.,-0.,-1.));
#2056 = DIRECTION('',(-1.,0.,0.));
#2057 = DEFINITIONAL_REPRESENTATION('',(#2058),#2062);
#2058 = LINE('',#2059,#2060);
#2059 = CARTESIAN_POINT('',(-0.,0.));
#2060 = VECTOR('',#2061,1.);
#2061 = DIRECTION('',(-1.,0.));
#2062 = ( GEOMETRIC_REPRESENTATION_CONTEXT(2) 
PARAMETRIC_REPRESENTATION_CONTEXT() REPRESENTATION_CONTEXT('2D SPACE',''
  ) );
#2063 = ORIENTED_EDGE('',*,*,#2064,.T.);
#2064 = EDGE_CURVE('',#2032,#2065,#2067,.T.);
#2065 = VERTEX_POINT('',#2066);
#2066 = CARTESIAN_POINT('',(-24.56173761888,8.452172023608,5.5));
#2067 = SURFACE_CURVE('',#2068,(#2072,#2079),.PCURVE_S1.);
#2068 = LINE('',#2069,#2070);
#2069 = CARTESIAN_POINT('',(-21.35277399265,4.440967490815,5.5));
#2070 = VECTOR('',#2071,1.);
#2071 = DIRECTION('',(-0.624695047554,0.780868809443,0.));
#2072 = PCURVE('',#150,#2073);
#2073 = DEFINITIONAL_REPRESENTATION('',(#2074),#2078);
#2074 = LINE('',#2075,#2076);
#2075 = CARTESIAN_POINT('',(21.352773992652,12.913099031034));
#2076 = VECTOR('',#2077,1.);
#2077 = DIRECTION('',(0.624695047554,0.780868809443));
#2078 = ( GEOMETRIC_REPRESENTATION_CONTEXT(2) 
PARAMETRIC_REPRESENTATION_CONTEXT() REPRESENTATION_CONTEXT('2D SPACE',''
  ) );
#2079 = PCURVE('',#2080,#2085);
#2080 = PLANE('',#2081);
#2081 = AXIS2_PLACEMENT_3D('',#2082,#2083,#2084);
#2082 = CARTESIAN_POINT('',(-21.35277399265,4.440967490815,5.5));
#2083 = DIRECTION('',(-0.780868809443,-0.624695047554,0.));
#2084 = DIRECTION('',(-0.624695047554,0.780868809443,0.));
#2085 = DEFINITIONAL_REPRESENTATION('',(#2086),#2090);
#2086 = LINE('',#2087,#2088);
#2087 = CARTESIAN_POINT('',(0.,0.));
#2088 = VECTOR('',#2089,1.);
#2089 = DIRECTION('',(1.,0.));
#2090 = ( GEOMETRIC_REPRESENTATION_CONTEXT(2) 
PARAMETRIC_REPRESENTATION_CONTEXT() REPRESENTATION_CONTEXT('2D SPACE',''
  ) );
#2091 = ORIENTED_EDGE('',*,*,#2092,.T.);
#2092 = EDGE_CURVE('',#2065,#2093,#2095,.T.);
#2093 = VERTEX_POINT('',#2094);
#2094 = CARTESIAN_POINT('',(-25.,9.701562118716,5.5));
#2095 = SURFACE_CURVE('',#2096,(#2101,#2108),.PCURVE_S1.);
#2096 = CIRCLE('',#2097,2.);
#2097 = AXIS2_PLACEMENT_3D('',#2098,#2099,#2100);
#2098 = CARTESIAN_POINT('',(-23.,9.701562118716,5.5));
#2099 = DIRECTION('',(0.,0.,-1.));
#2100 = DIRECTION('',(1.,0.,0.));
#2101 = PCURVE('',#150,#2102);
#2102 = DEFINITIONAL_REPRESENTATION('',(#2103),#2107);
#2103 = CIRCLE('',#2104,2.);
#2104 = AXIS2_PLACEMENT_2D('',#2105,#2106);
#2105 = CARTESIAN_POINT('',(23.,18.173693658936));
#2106 = DIRECTION('',(-1.,0.));
#2107 = ( GEOMETRIC_REPRESENTATION_CONTEXT(2) 
PARAMETRIC_REPRESENTATION_CONTEXT() REPRESENTATION_CONTEXT('2D SPACE',''
  ) );
#2108 = PCURVE('',#2109,#2114);
#2109 = CYLINDRICAL_SURFACE('',#2110,2.);
#2110 = AXIS2_PLACEMENT_3D('',#2111,#2112,#2113);
#2111 = CARTESIAN_POINT('',(-23.,9.701562118716,5.5));
#2112 = DIRECTION('',(0.,0.,-1.));
#2113 = DIRECTION('',(1.,0.,0.));
#2114 = DEFINITIONAL_REPRESENTATION('',(#2115),#2119);
#2115 = LINE('',#2116,#2117);
#2116 = CARTESIAN_POINT('',(0.,0.));
#2117 = VECTOR('',#2118,1.);
#2118 = DIRECTION('',(1.,0.));
#2119 = ( GEOMETRIC_REPRESENTATION_CONTEXT(2) 
PARAMETRIC_REPRESENTATION_CONTEXT() REPRESENTATION_CONTEXT('2D SPACE',''
  ) );
#2120 = ORIENTED_EDGE('',*,*,#2121,.T.);
#2121 = EDGE_CURVE('',#2093,#2122,#2124,.T.);
#2122 = VERTEX_POINT('',#2123);
#2123 = CARTESIAN_POINT('',(-25.,14.298437881284,5.5));
#2124 = SURFACE_CURVE('',#2125,(#2129,#2136),.PCURVE_S1.);
#2125 = LINE('',#2126,#2127);
#2126 = CARTESIAN_POINT('',(-25.,9.701562118716,5.5));
#2127 = VECTOR('',#2128,1.);
#2128 = DIRECTION('',(0.,1.,0.));
#2129 = PCURVE('',#150,#2130);
#2130 = DEFINITIONAL_REPRESENTATION('',(#2131),#2135);
#2131 = LINE('',#2132,#2133);
#2132 = CARTESIAN_POINT('',(25.,18.173693658936));
#2133 = VECTOR('',#2134,1.);
#2134 = DIRECTION('',(0.,1.));
#2135 = ( GEOMETRIC_REPRESENTATION_CONTEXT(2) 
PARAMETRIC_REPRESENTATION_CONTEXT() REPRESENTATION_CONTEXT('2D SPACE',''
  ) );
#2136 = PCURVE('',#2137,#2142);
#2137 = PLANE('',#2138);
#2138 = AXIS2_PLACEMENT_3D('',#2139,#2140,#2141);
#2139 = CARTESIAN_POINT('',(-25.,9.701562118716,5.5));
#2140 = DIRECTION('',(-1.,0.,0.));
#2141 = DIRECTION('',(0.,1.,0.));
#2142 = DEFINITIONAL_REPRESENTATION('',(#2143),#2147);
#2143 = LINE('',#2144,#2145);
#2144 = CARTESIAN_POINT('',(0.,0.));
#2145 = VECTOR('',#2146,1.);
#2146 = DIRECTION('',(1.,0.));
#2147 = ( GEOMETRIC_REPRESENTATION_CONTEXT(2) 
PARAMETRIC_REPRESENTATION_CONTEXT() REPRESENTATION_CONTEXT('2D SPACE',''
  ) );
#2148 = ORIENTED_EDGE('',*,*,#2149,.T.);
#2149 = EDGE_CURVE('',#2122,#2150,#2152,.T.);
#2150 = VERTEX_POINT('',#2151);
#2151 = CARTESIAN_POINT('',(-24.56173761888,15.547827976392,5.5));
#2152 = SURFACE_CURVE('',#2153,(#2158,#2165),.PCURVE_S1.);
#2153 = CIRCLE('',#2154,2.);
#2154 = AXIS2_PLACEMENT_3D('',#2155,#2156,#2157);
#2155 = CARTESIAN_POINT('',(-23.,14.298437881284,5.5));
#2156 = DIRECTION('',(0.,-0.,-1.));
#2157 = DIRECTION('',(1.,0.,-0.));
#2158 = PCURVE('',#150,#2159);
#2159 = DEFINITIONAL_REPRESENTATION('',(#2160),#2164);
#2160 = CIRCLE('',#2161,2.);
#2161 = AXIS2_PLACEMENT_2D('',#2162,#2163);
#2162 = CARTESIAN_POINT('',(23.,22.770569421503));
#2163 = DIRECTION('',(-1.,0.));
#2164 = ( GEOMETRIC_REPRESENTATION_CONTEXT(2) 
PARAMETRIC_REPRESENTATION_CONTEXT() REPRESENTATION_CONTEXT('2D SPACE',''
  ) );
#2165 = PCURVE('',#2166,#2171);
#2166 = CYLINDRICAL_SURFACE('',#2167,2.);
#2167 = AXIS2_PLACEMENT_3D('',#2168,#2169,#2170);
#2168 = CARTESIAN_POINT('',(-23.,14.298437881284,5.5));
#2169 = DIRECTION('',(0.,-0.,-1.));
#2170 = DIRECTION('',(1.,0.,-0.));
#2171 = DEFINITIONAL_REPRESENTATION('',(#2172),#2176);
#2172 = LINE('',#2173,#2174);
#2173 = CARTESIAN_POINT('',(0.,0.));
#2174 = VECTOR('',#2175,1.);
#2175 = DIRECTION('',(1.,0.));
#2176 = ( GEOMETRIC_REPRESENTATION_CONTEXT(2) 
PARAMETRIC_REPRESENTATION_CONTEXT() REPRESENTATION_CONTEXT('2D SPACE',''
  ) );
#2177 = ORIENTED_EDGE('',*,*,#2178,.T.);
#2178 = EDGE_CURVE('',#2150,#2179,#2181,.T.);
#2179 = VERTEX_POINT('',#2180);
#2180 = CARTESIAN_POINT('',(-21.27268024748,19.659149690644,5.5));
#2181 = SURFACE_CURVE('',#2182,(#2186,#2193),.PCURVE_S1.);
#2182 = LINE('',#2183,#2184);
#2183 = CARTESIAN_POINT('',(-24.56173761888,15.547827976392,5.5));
#2184 = VECTOR('',#2185,1.);
#2185 = DIRECTION('',(0.624695047554,0.780868809443,0.));
#2186 = PCURVE('',#150,#2187);
#2187 = DEFINITIONAL_REPRESENTATION('',(#2188),#2192);
#2188 = LINE('',#2189,#2190);
#2189 = CARTESIAN_POINT('',(24.561737618886,24.019959516612));
#2190 = VECTOR('',#2191,1.);
#2191 = DIRECTION('',(-0.624695047554,0.780868809443));
#2192 = ( GEOMETRIC_REPRESENTATION_CONTEXT(2) 
PARAMETRIC_REPRESENTATION_CONTEXT() REPRESENTATION_CONTEXT('2D SPACE',''
  ) );
#2193 = PCURVE('',#2194,#2199);
#2194 = PLANE('',#2195);
#2195 = AXIS2_PLACEMENT_3D('',#2196,#2197,#2198);
#2196 = CARTESIAN_POINT('',(-24.56173761888,15.547827976392,5.5));
#2197 = DIRECTION('',(-0.780868809443,0.624695047554,0.));
#2198 = DIRECTION('',(0.624695047554,0.780868809443,0.));
#2199 = DEFINITIONAL_REPRESENTATION('',(#2200),#2204);
#2200 = LINE('',#2201,#2202);
#2201 = CARTESIAN_POINT('',(0.,0.));
#2202 = VECTOR('',#2203,1.);
#2203 = DIRECTION('',(1.,0.));
#2204 = ( GEOMETRIC_REPRESENTATION_CONTEXT(2) 
PARAMETRIC_REPRESENTATION_CONTEXT() REPRESENTATION_CONTEXT('2D SPACE',''
  ) );
#2205 = ORIENTED_EDGE('',*,*,#2206,.T.);
#2206 = EDGE_CURVE('',#2179,#2207,#2209,.T.);
#2207 = VERTEX_POINT('',#2208);
#2208 = CARTESIAN_POINT('',(-20.89413286608,20.423468535681,5.5));
#2209 = SURFACE_CURVE('',#2210,(#2215,#2226),.PCURVE_S1.);
#2210 = CIRCLE('',#2211,2.);
#2211 = AXIS2_PLACEMENT_3D('',#2212,#2213,#2214);
#2212 = CARTESIAN_POINT('',(-22.83441786637,20.908539785753,5.5));
#2213 = DIRECTION('',(0.,-0.,1.));
#2214 = DIRECTION('',(-1.,0.,0.));
#2215 = PCURVE('',#150,#2216);
#2216 = DEFINITIONAL_REPRESENTATION('',(#2217),#2225);
#2217 = ( BOUNDED_CURVE() B_SPLINE_CURVE(2,(#2218,#2219,#2220,#2221,
#2222,#2223,#2224),.UNSPECIFIED.,.T.,.F.) B_SPLINE_CURVE_WITH_KNOTS((1,2
    ,2,2,2,1),(-2.094395102393,0.,2.094395102393,4.188790204786,
6.28318530718,8.377580409573),.UNSPECIFIED.) CURVE() 
GEOMETRIC_REPRESENTATION_ITEM() RATIONAL_B_SPLINE_CURVE((1.,0.5,1.,0.5,
1.,0.5,1.)) REPRESENTATION_ITEM('') );
#2218 = CARTESIAN_POINT('',(24.834417866371,29.380671325972));
#2219 = CARTESIAN_POINT('',(24.834417866371,25.916569710835));
#2220 = CARTESIAN_POINT('',(21.834417866371,27.648620518404));
#2221 = CARTESIAN_POINT('',(18.834417866371,29.380671325972));
#2222 = CARTESIAN_POINT('',(21.834417866371,31.112722133541));
#2223 = CARTESIAN_POINT('',(24.834417866371,32.84477294111));
#2224 = CARTESIAN_POINT('',(24.834417866371,29.380671325972));
#2225 = ( GEOMETRIC_REPRESENTATION_CONTEXT(2) 
PARAMETRIC_REPRESENTATION_CONTEXT() REPRESENTATION_CONTEXT('2D SPACE',''
  ) );
#2226 = PCURVE('',#2227,#2232);
#2227 = CYLINDRICAL_SURFACE('',#2228,2.);
#2228 = AXIS2_PLACEMENT_3D('',#2229,#2230,#2231);
#2229 = CARTESIAN_POINT('',(-22.83441786637,20.908539785753,5.5));
#2230 = DIRECTION('',(-0.,0.,-1.));
#2231 = DIRECTION('',(-1.,0.,0.));
#2232 = DEFINITIONAL_REPRESENTATION('',(#2233),#2237);
#2233 = LINE('',#2234,#2235);
#2234 = CARTESIAN_POINT('',(-0.,0.));
#2235 = VECTOR('',#2236,1.);
#2236 = DIRECTION('',(-1.,0.));
#2237 = ( GEOMETRIC_REPRESENTATION_CONTEXT(2) 
PARAMETRIC_REPRESENTATION_CONTEXT() REPRESENTATION_CONTEXT('2D SPACE',''
  ) );
#2238 = ORIENTED_EDGE('',*,*,#2239,.T.);
#2239 = EDGE_CURVE('',#2207,#2240,#2242,.T.);
#2240 = VERTEX_POINT('',#2241);
#2241 = CARTESIAN_POINT('',(-19.05324735217,27.787010591309,5.5));
#2242 = SURFACE_CURVE('',#2243,(#2247,#2254),.PCURVE_S1.);
#2243 = LINE('',#2244,#2245);
#2244 = CARTESIAN_POINT('',(-20.89413286608,20.423468535681,5.5));
#2245 = VECTOR('',#2246,1.);
#2246 = DIRECTION('',(0.242535625036,0.970142500145,0.));
#2247 = PCURVE('',#150,#2248);
#2248 = DEFINITIONAL_REPRESENTATION('',(#2249),#2253);
#2249 = LINE('',#2250,#2251);
#2250 = CARTESIAN_POINT('',(20.89413286608,28.8956000759));
#2251 = VECTOR('',#2252,1.);
#2252 = DIRECTION('',(-0.242535625036,0.970142500145));
#2253 = ( GEOMETRIC_REPRESENTATION_CONTEXT(2) 
PARAMETRIC_REPRESENTATION_CONTEXT() REPRESENTATION_CONTEXT('2D SPACE',''
  ) );
#2254 = PCURVE('',#2255,#2260);
#2255 = PLANE('',#2256);
#2256 = AXIS2_PLACEMENT_3D('',#2257,#2258,#2259);
#2257 = CARTESIAN_POINT('',(-20.89413286608,20.423468535681,5.5));
#2258 = DIRECTION('',(-0.970142500145,0.242535625036,0.));
#2259 = DIRECTION('',(0.242535625036,0.970142500145,0.));
#2260 = DEFINITIONAL_REPRESENTATION('',(#2261),#2265);
#2261 = LINE('',#2262,#2263);
#2262 = CARTESIAN_POINT('',(0.,0.));
#2263 = VECTOR('',#2264,1.);
#2264 = DIRECTION('',(1.,0.));
#2265 = ( GEOMETRIC_REPRESENTATION_CONTEXT(2) 
PARAMETRIC_REPRESENTATION_CONTEXT() REPRESENTATION_CONTEXT('2D SPACE',''
  ) );
#2266 = ORIENTED_EDGE('',*,*,#2267,.T.);
#2267 = EDGE_CURVE('',#2240,#2268,#2270,.T.);
#2268 = VERTEX_POINT('',#2269);
#2269 = CARTESIAN_POINT('',(-18.90181673388,28.196366532236,5.5));
#2270 = SURFACE_CURVE('',#2271,(#2276,#2283),.PCURVE_S1.);
#2271 = CIRCLE('',#2272,2.);
#2272 = AXIS2_PLACEMENT_3D('',#2273,#2274,#2275);
#2273 = CARTESIAN_POINT('',(-17.11296235188,27.301939341236,5.5));
#2274 = DIRECTION('',(0.,0.,-1.));
#2275 = DIRECTION('',(1.,0.,0.));
#2276 = PCURVE('',#150,#2277);
#2277 = DEFINITIONAL_REPRESENTATION('',(#2278),#2282);
#2278 = CIRCLE('',#2279,2.);
#2279 = AXIS2_PLACEMENT_2D('',#2280,#2281);
#2280 = CARTESIAN_POINT('',(17.112962351882,35.774070881455));
#2281 = DIRECTION('',(-1.,0.));
#2282 = ( GEOMETRIC_REPRESENTATION_CONTEXT(2) 
PARAMETRIC_REPRESENTATION_CONTEXT() REPRESENTATION_CONTEXT('2D SPACE',''
  ) );
#2283 = PCURVE('',#2284,#2289);
#2284 = CYLINDRICAL_SURFACE('',#2285,2.);
#2285 = AXIS2_PLACEMENT_3D('',#2286,#2287,#2288);
#2286 = CARTESIAN_POINT('',(-17.11296235188,27.301939341236,5.5));
#2287 = DIRECTION('',(0.,0.,-1.));
#2288 = DIRECTION('',(1.,0.,0.));
#2289 = DEFINITIONAL_REPRESENTATION('',(#2290),#2294);
#2290 = LINE('',#2291,#2292);
#2291 = CARTESIAN_POINT('',(0.,0.));
#2292 = VECTOR('',#2293,1.);
#2293 = DIRECTION('',(1.,0.));
#2294 = ( GEOMETRIC_REPRESENTATION_CONTEXT(2) 
PARAMETRIC_REPRESENTATION_CONTEXT() REPRESENTATION_CONTEXT('2D SPACE',''
  ) );
#2295 = ORIENTED_EDGE('',*,*,#2296,.T.);
#2296 = EDGE_CURVE('',#2268,#2297,#2299,.T.);
#2297 = VERTEX_POINT('',#2298);
#2298 = CARTESIAN_POINT('',(-16.02291897207,33.954162055851,5.5));
#2299 = SURFACE_CURVE('',#2300,(#2304,#2311),.PCURVE_S1.);
#2300 = LINE('',#2301,#2302);
#2301 = CARTESIAN_POINT('',(-18.90181673388,28.196366532236,5.5));
#2302 = VECTOR('',#2303,1.);
#2303 = DIRECTION('',(0.4472135955,0.894427191,0.));
#2304 = PCURVE('',#150,#2305);
#2305 = DEFINITIONAL_REPRESENTATION('',(#2306),#2310);
#2306 = LINE('',#2307,#2308);
#2307 = CARTESIAN_POINT('',(18.901816733882,36.668498072455));
#2308 = VECTOR('',#2309,1.);
#2309 = DIRECTION('',(-0.4472135955,0.894427191));
#2310 = ( GEOMETRIC_REPRESENTATION_CONTEXT(2) 
PARAMETRIC_REPRESENTATION_CONTEXT() REPRESENTATION_CONTEXT('2D SPACE',''
  ) );
#2311 = PCURVE('',#2312,#2317);
#2312 = PLANE('',#2313);
#2313 = AXIS2_PLACEMENT_3D('',#2314,#2315,#2316);
#2314 = CARTESIAN_POINT('',(-18.90181673388,28.196366532236,5.5));
#2315 = DIRECTION('',(-0.894427191,0.4472135955,0.));
#2316 = DIRECTION('',(0.4472135955,0.894427191,0.));
#2317 = DEFINITIONAL_REPRESENTATION('',(#2318),#2322);
#2318 = LINE('',#2319,#2320);
#2319 = CARTESIAN_POINT('',(0.,0.));
#2320 = VECTOR('',#2321,1.);
#2321 = DIRECTION('',(1.,0.));
#2322 = ( GEOMETRIC_REPRESENTATION_CONTEXT(2) 
PARAMETRIC_REPRESENTATION_CONTEXT() REPRESENTATION_CONTEXT('2D SPACE',''
  ) );
#2323 = ORIENTED_EDGE('',*,*,#2324,.T.);
#2324 = EDGE_CURVE('',#2297,#2325,#2327,.T.);
#2325 = VERTEX_POINT('',#2326);
#2326 = CARTESIAN_POINT('',(-15.97945868427,34.046951578811,5.5));
#2327 = SURFACE_CURVE('',#2328,(#2333,#2344),.PCURVE_S1.);
#2328 = CIRCLE('',#2329,2.);
#2329 = AXIS2_PLACEMENT_3D('',#2330,#2331,#2332);
#2330 = CARTESIAN_POINT('',(-17.81177335407,34.848589246851,5.5));
#2331 = DIRECTION('',(0.,-0.,1.));
#2332 = DIRECTION('',(-1.,0.,0.));
#2333 = PCURVE('',#150,#2334);
#2334 = DEFINITIONAL_REPRESENTATION('',(#2335),#2343);
#2335 = ( BOUNDED_CURVE() B_SPLINE_CURVE(2,(#2336,#2337,#2338,#2339,
#2340,#2341,#2342),.UNSPECIFIED.,.T.,.F.) B_SPLINE_CURVE_WITH_KNOTS((1,2
    ,2,2,2,1),(-2.094395102393,0.,2.094395102393,4.188790204786,
6.28318530718,8.377580409573),.UNSPECIFIED.) CURVE() 
GEOMETRIC_REPRESENTATION_ITEM() RATIONAL_B_SPLINE_CURVE((1.,0.5,1.,0.5,
1.,0.5,1.)) REPRESENTATION_ITEM('') );
#2336 = CARTESIAN_POINT('',(19.811773354074,43.32072078707));
#2337 = CARTESIAN_POINT('',(19.811773354074,39.856619171932));
#2338 = CARTESIAN_POINT('',(16.811773354074,41.588669979501));
#2339 = CARTESIAN_POINT('',(13.811773354074,43.32072078707));
#2340 = CARTESIAN_POINT('',(16.811773354074,45.052771594639));
#2341 = CARTESIAN_POINT('',(19.811773354074,46.784822402208));
#2342 = CARTESIAN_POINT('',(19.811773354074,43.32072078707));
#2343 = ( GEOMETRIC_REPRESENTATION_CONTEXT(2) 
PARAMETRIC_REPRESENTATION_CONTEXT() REPRESENTATION_CONTEXT('2D SPACE',''
  ) );
#2344 = PCURVE('',#2345,#2350);
#2345 = CYLINDRICAL_SURFACE('',#2346,2.);
#2346 = AXIS2_PLACEMENT_3D('',#2347,#2348,#2349);
#2347 = CARTESIAN_POINT('',(-17.81177335407,34.848589246851,5.5));
#2348 = DIRECTION('',(-0.,0.,-1.));
#2349 = DIRECTION('',(-1.,0.,0.));
#2350 = DEFINITIONAL_REPRESENTATION('',(#2351),#2355);
#2351 = LINE('',#2352,#2353);
#2352 = CARTESIAN_POINT('',(-0.,0.));
#2353 = VECTOR('',#2354,1.);
#2354 = DIRECTION('',(-1.,0.));
#2355 = ( GEOMETRIC_REPRESENTATION_CONTEXT(2) 
PARAMETRIC_REPRESENTATION_CONTEXT() REPRESENTATION_CONTEXT('2D SPACE',''
  ) );
#2356 = ORIENTED_EDGE('',*,*,#2357,.T.);
#2357 = EDGE_CURVE('',#2325,#2358,#2360,.T.);
#2358 = VERTEX_POINT('',#2359);
#2359 = CARTESIAN_POINT('',(-12.50706233876,41.983857511398,5.5));
#2360 = SURFACE_CURVE('',#2361,(#2365,#2372),.PCURVE_S1.);
#2361 = LINE('',#2362,#2363);
#2362 = CARTESIAN_POINT('',(-15.97945868427,34.046951578811,5.5));
#2363 = VECTOR('',#2364,1.);
#2364 = DIRECTION('',(0.40081883402,0.916157334902,0.));
#2365 = PCURVE('',#150,#2366);
#2366 = DEFINITIONAL_REPRESENTATION('',(#2367),#2371);
#2367 = LINE('',#2368,#2369);
#2368 = CARTESIAN_POINT('',(15.97945868427,42.51908311903));
#2369 = VECTOR('',#2370,1.);
#2370 = DIRECTION('',(-0.40081883402,0.916157334902));
#2371 = ( GEOMETRIC_REPRESENTATION_CONTEXT(2) 
PARAMETRIC_REPRESENTATION_CONTEXT() REPRESENTATION_CONTEXT('2D SPACE',''
  ) );
#2372 = PCURVE('',#2373,#2378);
#2373 = PLANE('',#2374);
#2374 = AXIS2_PLACEMENT_3D('',#2375,#2376,#2377);
#2375 = CARTESIAN_POINT('',(-15.97945868427,34.046951578811,5.5));
#2376 = DIRECTION('',(-0.916157334902,0.40081883402,0.));
#2377 = DIRECTION('',(0.40081883402,0.916157334902,0.));
#2378 = DEFINITIONAL_REPRESENTATION('',(#2379),#2383);
#2379 = LINE('',#2380,#2381);
#2380 = CARTESIAN_POINT('',(0.,0.));
#2381 = VECTOR('',#2382,1.);
#2382 = DIRECTION('',(1.,0.));
#2383 = ( GEOMETRIC_REPRESENTATION_CONTEXT(2) 
PARAMETRIC_REPRESENTATION_CONTEXT() REPRESENTATION_CONTEXT('2D SPACE',''
  ) );
#2384 = ORIENTED_EDGE('',*,*,#2385,.T.);
#2385 = EDGE_CURVE('',#2358,#2386,#2388,.T.);
#2386 = VERTEX_POINT('',#2387);
#2387 = CARTESIAN_POINT('',(-12.49322316241,42.016264410207,5.5));
#2388 = SURFACE_CURVE('',#2389,(#2394,#2405),.PCURVE_S1.);
#2389 = CIRCLE('',#2390,2.);
#2390 = AXIS2_PLACEMENT_3D('',#2391,#2392,#2393);
#2391 = CARTESIAN_POINT('',(-14.33937700856,42.785495179438,5.5));
#2392 = DIRECTION('',(0.,-0.,1.));
#2393 = DIRECTION('',(-1.,0.,0.));
#2394 = PCURVE('',#150,#2395);
#2395 = DEFINITIONAL_REPRESENTATION('',(#2396),#2404);
#2396 = ( BOUNDED_CURVE() B_SPLINE_CURVE(2,(#2397,#2398,#2399,#2400,
#2401,#2402,#2403),.UNSPECIFIED.,.T.,.F.) B_SPLINE_CURVE_WITH_KNOTS((1,2
    ,2,2,2,1),(-2.094395102393,0.,2.094395102393,4.188790204786,
6.28318530718,8.377580409573),.UNSPECIFIED.) CURVE() 
GEOMETRIC_REPRESENTATION_ITEM() RATIONAL_B_SPLINE_CURVE((1.,0.5,1.,0.5,
1.,0.5,1.)) REPRESENTATION_ITEM('') );
#2397 = CARTESIAN_POINT('',(16.339377008568,51.257626719657));
#2398 = CARTESIAN_POINT('',(16.339377008568,47.793525104519));
#2399 = CARTESIAN_POINT('',(13.339377008568,49.525575912088));
#2400 = CARTESIAN_POINT('',(10.339377008568,51.257626719657));
#2401 = CARTESIAN_POINT('',(13.339377008568,52.989677527226));
#2402 = CARTESIAN_POINT('',(16.339377008568,54.721728334795));
#2403 = CARTESIAN_POINT('',(16.339377008568,51.257626719657));
#2404 = ( GEOMETRIC_REPRESENTATION_CONTEXT(2) 
PARAMETRIC_REPRESENTATION_CONTEXT() REPRESENTATION_CONTEXT('2D SPACE',''
  ) );
#2405 = PCURVE('',#2406,#2411);
#2406 = CYLINDRICAL_SURFACE('',#2407,2.);
#2407 = AXIS2_PLACEMENT_3D('',#2408,#2409,#2410);
#2408 = CARTESIAN_POINT('',(-14.33937700856,42.785495179438,5.5));
#2409 = DIRECTION('',(-0.,0.,-1.));
#2410 = DIRECTION('',(-1.,0.,0.));
#2411 = DEFINITIONAL_REPRESENTATION('',(#2412),#2416);
#2412 = LINE('',#2413,#2414);
#2413 = CARTESIAN_POINT('',(-0.,0.));
#2414 = VECTOR('',#2415,1.);
#2415 = DIRECTION('',(-1.,0.));
#2416 = ( GEOMETRIC_REPRESENTATION_CONTEXT(2) 
PARAMETRIC_REPRESENTATION_CONTEXT() REPRESENTATION_CONTEXT('2D SPACE',''
  ) );
#2417 = ORIENTED_EDGE('',*,*,#2418,.T.);
#2418 = EDGE_CURVE('',#2386,#2419,#2421,.T.);
#2419 = VERTEX_POINT('',#2420);
#2420 = CARTESIAN_POINT('',(-10.51282051282,46.769230769231,5.5));
#2421 = SURFACE_CURVE('',#2422,(#2426,#2433),.PCURVE_S1.);
#2422 = LINE('',#2423,#2424);
#2423 = CARTESIAN_POINT('',(-12.49322316241,42.016264410207,5.5));
#2424 = VECTOR('',#2425,1.);
#2425 = DIRECTION('',(0.384615384615,0.923076923077,0.));
#2426 = PCURVE('',#150,#2427);
#2427 = DEFINITIONAL_REPRESENTATION('',(#2428),#2432);
#2428 = LINE('',#2429,#2430);
#2429 = CARTESIAN_POINT('',(12.493223162414,50.488395950426));
#2430 = VECTOR('',#2431,1.);
#2431 = DIRECTION('',(-0.384615384615,0.923076923077));
#2432 = ( GEOMETRIC_REPRESENTATION_CONTEXT(2) 
PARAMETRIC_REPRESENTATION_CONTEXT() REPRESENTATION_CONTEXT('2D SPACE',''
  ) );
#2433 = PCURVE('',#2434,#2439);
#2434 = PLANE('',#2435);
#2435 = AXIS2_PLACEMENT_3D('',#2436,#2437,#2438);
#2436 = CARTESIAN_POINT('',(-12.49322316241,42.016264410207,5.5));
#2437 = DIRECTION('',(-0.923076923077,0.384615384615,0.));
#2438 = DIRECTION('',(0.384615384615,0.923076923077,0.));
#2439 = DEFINITIONAL_REPRESENTATION('',(#2440),#2444);
#2440 = LINE('',#2441,#2442);
#2441 = CARTESIAN_POINT('',(0.,0.));
#2442 = VECTOR('',#2443,1.);
#2443 = DIRECTION('',(1.,0.));
#2444 = ( GEOMETRIC_REPRESENTATION_CONTEXT(2) 
PARAMETRIC_REPRESENTATION_CONTEXT() REPRESENTATION_CONTEXT('2D SPACE',''
  ) );
#2445 = ORIENTED_EDGE('',*,*,#2446,.T.);
#2446 = EDGE_CURVE('',#2419,#166,#2447,.T.);
#2447 = SURFACE_CURVE('',#2448,(#2453,#2460),.PCURVE_S1.);
#2448 = CIRCLE('',#2449,2.);
#2449 = AXIS2_PLACEMENT_3D('',#2450,#2451,#2452);
#2450 = CARTESIAN_POINT('',(-8.666666666667,46.,5.5));
#2451 = DIRECTION('',(0.,0.,-1.));
#2452 = DIRECTION('',(1.,0.,0.));
#2453 = PCURVE('',#150,#2454);
#2454 = DEFINITIONAL_REPRESENTATION('',(#2455),#2459);
#2455 = CIRCLE('',#2456,2.);
#2456 = AXIS2_PLACEMENT_2D('',#2457,#2458);
#2457 = CARTESIAN_POINT('',(8.666666666667,54.472131540219));
#2458 = DIRECTION('',(-1.,0.));
#2459 = ( GEOMETRIC_REPRESENTATION_CONTEXT(2) 
PARAMETRIC_REPRESENTATION_CONTEXT() REPRESENTATION_CONTEXT('2D SPACE',''
  ) );
#2460 = PCURVE('',#183,#2461);
#2461 = DEFINITIONAL_REPRESENTATION('',(#2462),#2466);
#2462 = LINE('',#2463,#2464);
#2463 = CARTESIAN_POINT('',(0.,0.));
#2464 = VECTOR('',#2465,1.);
#2465 = DIRECTION('',(1.,0.));
#2466 = ( GEOMETRIC_REPRESENTATION_CONTEXT(2) 
PARAMETRIC_REPRESENTATION_CONTEXT() REPRESENTATION_CONTEXT('2D SPACE',''
  ) );
#2467 = ORIENTED_EDGE('',*,*,#217,.T.);
#2468 = FACE_BOUND('',#2469,.T.);
#2469 = EDGE_LOOP('',(#2470));
#2470 = ORIENTED_EDGE('',*,*,#2471,.T.);
#2471 = EDGE_CURVE('',#2472,#2472,#2474,.T.);
#2472 = VERTEX_POINT('',#2473);
#2473 = CARTESIAN_POINT('',(10.5,-34.,5.5));
#2474 = SURFACE_CURVE('',#2475,(#2480,#2491),.PCURVE_S1.);
#2475 = CIRCLE('',#2476,1.5);
#2476 = AXIS2_PLACEMENT_3D('',#2477,#2478,#2479);
#2477 = CARTESIAN_POINT('',(9.,-34.,5.5));
#2478 = DIRECTION('',(0.,0.,1.));
#2479 = DIRECTION('',(1.,0.,-0.));
#2480 = PCURVE('',#150,#2481);
#2481 = DEFINITIONAL_REPRESENTATION('',(#2482),#2490);
#2482 = ( BOUNDED_CURVE() B_SPLINE_CURVE(2,(#2483,#2484,#2485,#2486,
#2487,#2488,#2489),.UNSPECIFIED.,.T.,.F.) B_SPLINE_CURVE_WITH_KNOTS((1,2
    ,2,2,2,1),(-2.094395102393,0.,2.094395102393,4.188790204786,
6.28318530718,8.377580409573),.UNSPECIFIED.) CURVE() 
GEOMETRIC_REPRESENTATION_ITEM() RATIONAL_B_SPLINE_CURVE((1.,0.5,1.,0.5,
1.,0.5,1.)) REPRESENTATION_ITEM('') );
#2483 = CARTESIAN_POINT('',(-10.5,-25.52786845978));
#2484 = CARTESIAN_POINT('',(-10.5,-22.92979224842));
#2485 = CARTESIAN_POINT('',(-8.25,-24.2288303541));
#2486 = CARTESIAN_POINT('',(-6.,-25.52786845978));
#2487 = CARTESIAN_POINT('',(-8.25,-26.82690656545));
#2488 = CARTESIAN_POINT('',(-10.5,-28.12594467113));
#2489 = CARTESIAN_POINT('',(-10.5,-25.52786845978));
#2490 = ( GEOMETRIC_REPRESENTATION_CONTEXT(2) 
PARAMETRIC_REPRESENTATION_CONTEXT() REPRESENTATION_CONTEXT('2D SPACE',''
  ) );
#2491 = PCURVE('',#2492,#2497);
#2492 = CYLINDRICAL_SURFACE('',#2493,1.5);
#2493 = AXIS2_PLACEMENT_3D('',#2494,#2495,#2496);
#2494 = CARTESIAN_POINT('',(9.,-34.,4.5));
#2495 = DIRECTION('',(0.,0.,1.));
#2496 = DIRECTION('',(1.,0.,-0.));
#2497 = DEFINITIONAL_REPRESENTATION('',(#2498),#2502);
#2498 = LINE('',#2499,#2500);
#2499 = CARTESIAN_POINT('',(0.,1.));
#2500 = VECTOR('',#2501,1.);
#2501 = DIRECTION('',(1.,0.));
#2502 = ( GEOMETRIC_REPRESENTATION_CONTEXT(2) 
PARAMETRIC_REPRESENTATION_CONTEXT() REPRESENTATION_CONTEXT('2D SPACE',''
  ) );
#2503 = FACE_BOUND('',#2504,.T.);
#2504 = EDGE_LOOP('',(#2505));
#2505 = ORIENTED_EDGE('',*,*,#2506,.T.);
#2506 = EDGE_CURVE('',#2507,#2507,#2509,.T.);
#2507 = VERTEX_POINT('',#2508);
#2508 = CARTESIAN_POINT('',(22.333333333333,-13.81926995981,5.5));
#2509 = SURFACE_CURVE('',#2510,(#2515,#2526),.PCURVE_S1.);
#2510 = CIRCLE('',#2511,1.5);
#2511 = AXIS2_PLACEMENT_3D('',#2512,#2513,#2514);
#2512 = CARTESIAN_POINT('',(20.833333333333,-13.81926995981,5.5));
#2513 = DIRECTION('',(0.,0.,1.));
#2514 = DIRECTION('',(1.,0.,-0.));
#2515 = PCURVE('',#150,#2516);
#2516 = DEFINITIONAL_REPRESENTATION('',(#2517),#2525);
#2517 = ( BOUNDED_CURVE() B_SPLINE_CURVE(2,(#2518,#2519,#2520,#2521,
#2522,#2523,#2524),.UNSPECIFIED.,.T.,.F.) B_SPLINE_CURVE_WITH_KNOTS((1,2
    ,2,2,2,1),(-2.094395102393,0.,2.094395102393,4.188790204786,
6.28318530718,8.377580409573),.UNSPECIFIED.) CURVE() 
GEOMETRIC_REPRESENTATION_ITEM() RATIONAL_B_SPLINE_CURVE((1.,0.5,1.,0.5,
1.,0.5,1.)) REPRESENTATION_ITEM('') );
#2518 = CARTESIAN_POINT('',(-22.33333333333,-5.347138419595));
#2519 = CARTESIAN_POINT('',(-22.33333333333,-2.749062208242));
#2520 = CARTESIAN_POINT('',(-20.08333333333,-4.048100313918));
#2521 = CARTESIAN_POINT('',(-17.83333333333,-5.347138419595));
#2522 = CARTESIAN_POINT('',(-20.08333333333,-6.646176525272));
#2523 = CARTESIAN_POINT('',(-22.33333333333,-7.945214630948));
#2524 = CARTESIAN_POINT('',(-22.33333333333,-5.347138419595));
#2525 = ( GEOMETRIC_REPRESENTATION_CONTEXT(2) 
PARAMETRIC_REPRESENTATION_CONTEXT() REPRESENTATION_CONTEXT('2D SPACE',''
  ) );
#2526 = PCURVE('',#2527,#2532);
#2527 = CYLINDRICAL_SURFACE('',#2528,1.5);
#2528 = AXIS2_PLACEMENT_3D('',#2529,#2530,#2531);
#2529 = CARTESIAN_POINT('',(20.833333333333,-13.81926995981,4.5));
#2530 = DIRECTION('',(0.,0.,1.));
#2531 = DIRECTION('',(1.,0.,-0.));
#2532 = DEFINITIONAL_REPRESENTATION('',(#2533),#2537);
#2533 = LINE('',#2534,#2535);
#2534 = CARTESIAN_POINT('',(0.,1.));
#2535 = VECTOR('',#2536,1.);
#2536 = DIRECTION('',(1.,0.));
#2537 = ( GEOMETRIC_REPRESENTATION_CONTEXT(2) 
PARAMETRIC_REPRESENTATION_CONTEXT() REPRESENTATION_CONTEXT('2D SPACE',''
  ) );
#2538 = FACE_BOUND('',#2539,.T.);
#2539 = EDGE_LOOP('',(#2540,#2575,#2601,#2634,#2660,#2693,#2719,#2752,
    #2785,#2811,#2844,#2870));
#2540 = ORIENTED_EDGE('',*,*,#2541,.T.);
#2541 = EDGE_CURVE('',#2542,#2544,#2546,.T.);
#2542 = VERTEX_POINT('',#2543);
#2543 = CARTESIAN_POINT('',(11.054102703301,-8.932822652558,5.5));
#2544 = VERTEX_POINT('',#2545);
#2545 = CARTESIAN_POINT('',(11.,-11.11803398875,5.5));
#2546 = SURFACE_CURVE('',#2547,(#2552,#2563),.PCURVE_S1.);
#2547 = CIRCLE('',#2548,1.5);
#2548 = AXIS2_PLACEMENT_3D('',#2549,#2550,#2551);
#2549 = CARTESIAN_POINT('',(10.,-10.,5.5));
#2550 = DIRECTION('',(0.,0.,1.));
#2551 = DIRECTION('',(1.,0.,-0.));
#2552 = PCURVE('',#150,#2553);
#2553 = DEFINITIONAL_REPRESENTATION('',(#2554),#2562);
#2554 = ( BOUNDED_CURVE() B_SPLINE_CURVE(2,(#2555,#2556,#2557,#2558,
#2559,#2560,#2561),.UNSPECIFIED.,.T.,.F.) B_SPLINE_CURVE_WITH_KNOTS((1,2
    ,2,2,2,1),(-2.094395102393,0.,2.094395102393,4.188790204786,
6.28318530718,8.377580409573),.UNSPECIFIED.) CURVE() 
GEOMETRIC_REPRESENTATION_ITEM() RATIONAL_B_SPLINE_CURVE((1.,0.5,1.,0.5,
1.,0.5,1.)) REPRESENTATION_ITEM('') );
#2555 = CARTESIAN_POINT('',(-11.5,-1.527868459781));
#2556 = CARTESIAN_POINT('',(-11.5,1.070207751572));
#2557 = CARTESIAN_POINT('',(-9.25,-0.228830354104));
#2558 = CARTESIAN_POINT('',(-7.,-1.527868459781));
#2559 = CARTESIAN_POINT('',(-9.25,-2.826906565458));
#2560 = CARTESIAN_POINT('',(-11.5,-4.125944671134));
#2561 = CARTESIAN_POINT('',(-11.5,-1.527868459781));
#2562 = ( GEOMETRIC_REPRESENTATION_CONTEXT(2) 
PARAMETRIC_REPRESENTATION_CONTEXT() REPRESENTATION_CONTEXT('2D SPACE',''
  ) );
#2563 = PCURVE('',#2564,#2569);
#2564 = CYLINDRICAL_SURFACE('',#2565,1.5);
#2565 = AXIS2_PLACEMENT_3D('',#2566,#2567,#2568);
#2566 = CARTESIAN_POINT('',(10.,-10.,4.5));
#2567 = DIRECTION('',(0.,0.,1.));
#2568 = DIRECTION('',(1.,0.,-0.));
#2569 = DEFINITIONAL_REPRESENTATION('',(#2570),#2574);
#2570 = LINE('',#2571,#2572);
#2571 = CARTESIAN_POINT('',(0.,1.));
#2572 = VECTOR('',#2573,1.);
#2573 = DIRECTION('',(1.,0.));
#2574 = ( GEOMETRIC_REPRESENTATION_CONTEXT(2) 
PARAMETRIC_REPRESENTATION_CONTEXT() REPRESENTATION_CONTEXT('2D SPACE',''
  ) );
#2575 = ORIENTED_EDGE('',*,*,#2576,.T.);
#2576 = EDGE_CURVE('',#2544,#2577,#2579,.T.);
#2577 = VERTEX_POINT('',#2578);
#2578 = CARTESIAN_POINT('',(11.,-18.500001,5.5));
#2579 = SURFACE_CURVE('',#2580,(#2584,#2590),.PCURVE_S1.);
#2580 = LINE('',#2581,#2582);
#2581 = CARTESIAN_POINT('',(11.,-13.48606627011,5.5));
#2582 = VECTOR('',#2583,1.);
#2583 = DIRECTION('',(0.,-1.,0.));
#2584 = PCURVE('',#150,#2585);
#2585 = DEFINITIONAL_REPRESENTATION('',(#2586),#2589);
#2586 = B_SPLINE_CURVE_WITH_KNOTS('',1,(#2587,#2588),.UNSPECIFIED.,.F.,
  .F.,(2,2),(-3.98606727011,5.01393472989),.PIECEWISE_BEZIER_KNOTS.);
#2587 = CARTESIAN_POINT('',(-11.,-1.027867459781));
#2588 = CARTESIAN_POINT('',(-11.,-10.02786945978));
#2589 = ( GEOMETRIC_REPRESENTATION_CONTEXT(2) 
PARAMETRIC_REPRESENTATION_CONTEXT() REPRESENTATION_CONTEXT('2D SPACE',''
  ) );
#2590 = PCURVE('',#2591,#2596);
#2591 = PLANE('',#2592);
#2592 = AXIS2_PLACEMENT_3D('',#2593,#2594,#2595);
#2593 = CARTESIAN_POINT('',(11.,-18.500001,4.5));
#2594 = DIRECTION('',(1.,0.,-0.));
#2595 = DIRECTION('',(0.,0.,1.));
#2596 = DEFINITIONAL_REPRESENTATION('',(#2597),#2600);
#2597 = B_SPLINE_CURVE_WITH_KNOTS('',1,(#2598,#2599),.UNSPECIFIED.,.F.,
  .F.,(2,2),(-3.98606727011,5.01393472989),.PIECEWISE_BEZIER_KNOTS.);
#2598 = CARTESIAN_POINT('',(1.,-9.000002));
#2599 = CARTESIAN_POINT('',(1.,0.));
#2600 = ( GEOMETRIC_REPRESENTATION_CONTEXT(2) 
PARAMETRIC_REPRESENTATION_CONTEXT() REPRESENTATION_CONTEXT('2D SPACE',''
  ) );
#2601 = ORIENTED_EDGE('',*,*,#2602,.T.);
#2602 = EDGE_CURVE('',#2577,#2603,#2605,.T.);
#2603 = VERTEX_POINT('',#2604);
#2604 = CARTESIAN_POINT('',(13.999999,-21.5,5.5));
#2605 = SURFACE_CURVE('',#2606,(#2611,#2622),.PCURVE_S1.);
#2606 = CIRCLE('',#2607,2.999999);
#2607 = AXIS2_PLACEMENT_3D('',#2608,#2609,#2610);
#2608 = CARTESIAN_POINT('',(13.999999,-18.500001,5.5));
#2609 = DIRECTION('',(0.,0.,1.));
#2610 = DIRECTION('',(1.,0.,-0.));
#2611 = PCURVE('',#150,#2612);
#2612 = DEFINITIONAL_REPRESENTATION('',(#2613),#2621);
#2613 = ( BOUNDED_CURVE() B_SPLINE_CURVE(2,(#2614,#2615,#2616,#2617,
#2618,#2619,#2620),.UNSPECIFIED.,.T.,.F.) B_SPLINE_CURVE_WITH_KNOTS((1,2
    ,2,2,2,1),(-2.094395102393,0.,2.094395102393,4.188790204786,
6.28318530718,8.377580409573),.UNSPECIFIED.) CURVE() 
GEOMETRIC_REPRESENTATION_ITEM() RATIONAL_B_SPLINE_CURVE((1.,0.5,1.,0.5,
1.,0.5,1.)) REPRESENTATION_ITEM('') );
#2614 = CARTESIAN_POINT('',(-16.999998,-10.02786945978));
#2615 = CARTESIAN_POINT('',(-16.999998,-4.831718769125));
#2616 = CARTESIAN_POINT('',(-12.4999995,-7.429794114453));
#2617 = CARTESIAN_POINT('',(-8.000001,-10.02786945978));
#2618 = CARTESIAN_POINT('',(-12.4999995,-12.6259448051));
#2619 = CARTESIAN_POINT('',(-16.999998,-15.22402015043));
#2620 = CARTESIAN_POINT('',(-16.999998,-10.02786945978));
#2621 = ( GEOMETRIC_REPRESENTATION_CONTEXT(2) 
PARAMETRIC_REPRESENTATION_CONTEXT() REPRESENTATION_CONTEXT('2D SPACE',''
  ) );
#2622 = PCURVE('',#2623,#2628);
#2623 = CYLINDRICAL_SURFACE('',#2624,2.999999);
#2624 = AXIS2_PLACEMENT_3D('',#2625,#2626,#2627);
#2625 = CARTESIAN_POINT('',(13.999999,-18.500001,4.5));
#2626 = DIRECTION('',(0.,0.,1.));
#2627 = DIRECTION('',(1.,0.,-0.));
#2628 = DEFINITIONAL_REPRESENTATION('',(#2629),#2633);
#2629 = LINE('',#2630,#2631);
#2630 = CARTESIAN_POINT('',(0.,1.));
#2631 = VECTOR('',#2632,1.);
#2632 = DIRECTION('',(1.,0.));
#2633 = ( GEOMETRIC_REPRESENTATION_CONTEXT(2) 
PARAMETRIC_REPRESENTATION_CONTEXT() REPRESENTATION_CONTEXT('2D SPACE',''
  ) );
#2634 = ORIENTED_EDGE('',*,*,#2635,.T.);
#2635 = EDGE_CURVE('',#2603,#2636,#2638,.T.);
#2636 = VERTEX_POINT('',#2637);
#2637 = CARTESIAN_POINT('',(14.000001,-21.5,5.5));
#2638 = SURFACE_CURVE('',#2639,(#2643,#2649),.PCURVE_S1.);
#2639 = LINE('',#2640,#2641);
#2640 = CARTESIAN_POINT('',(6.9999995,-21.5,5.5));
#2641 = VECTOR('',#2642,1.);
#2642 = DIRECTION('',(1.,0.,-0.));
#2643 = PCURVE('',#150,#2644);
#2644 = DEFINITIONAL_REPRESENTATION('',(#2645),#2648);
#2645 = B_SPLINE_CURVE_WITH_KNOTS('',1,(#2646,#2647),.UNSPECIFIED.,.F.,
  .F.,(2,2),(6.9999995,7.0000015),.PIECEWISE_BEZIER_KNOTS.);
#2646 = CARTESIAN_POINT('',(-13.999999,-13.02786845978));
#2647 = CARTESIAN_POINT('',(-14.000001,-13.02786845978));
#2648 = ( GEOMETRIC_REPRESENTATION_CONTEXT(2) 
PARAMETRIC_REPRESENTATION_CONTEXT() REPRESENTATION_CONTEXT('2D SPACE',''
  ) );
#2649 = PCURVE('',#2650,#2655);
#2650 = PLANE('',#2651);
#2651 = AXIS2_PLACEMENT_3D('',#2652,#2653,#2654);
#2652 = CARTESIAN_POINT('',(13.999999,-21.5,4.5));
#2653 = DIRECTION('',(-0.,1.,0.));
#2654 = DIRECTION('',(0.,0.,1.));
#2655 = DEFINITIONAL_REPRESENTATION('',(#2656),#2659);
#2656 = B_SPLINE_CURVE_WITH_KNOTS('',1,(#2657,#2658),.UNSPECIFIED.,.F.,
  .F.,(2,2),(6.9999995,7.0000015),.PIECEWISE_BEZIER_KNOTS.);
#2657 = CARTESIAN_POINT('',(1.,0.));
#2658 = CARTESIAN_POINT('',(1.,2.00000000028E-06));
#2659 = ( GEOMETRIC_REPRESENTATION_CONTEXT(2) 
PARAMETRIC_REPRESENTATION_CONTEXT() REPRESENTATION_CONTEXT('2D SPACE',''
  ) );
#2660 = ORIENTED_EDGE('',*,*,#2661,.T.);
#2661 = EDGE_CURVE('',#2636,#2662,#2664,.T.);
#2662 = VERTEX_POINT('',#2663);
#2663 = CARTESIAN_POINT('',(17.,-18.500001,5.5));
#2664 = SURFACE_CURVE('',#2665,(#2670,#2681),.PCURVE_S1.);
#2665 = CIRCLE('',#2666,2.999999);
#2666 = AXIS2_PLACEMENT_3D('',#2667,#2668,#2669);
#2667 = CARTESIAN_POINT('',(14.000001,-18.500001,5.5));
#2668 = DIRECTION('',(0.,0.,1.));
#2669 = DIRECTION('',(1.,0.,-0.));
#2670 = PCURVE('',#150,#2671);
#2671 = DEFINITIONAL_REPRESENTATION('',(#2672),#2680);
#2672 = ( BOUNDED_CURVE() B_SPLINE_CURVE(2,(#2673,#2674,#2675,#2676,
#2677,#2678,#2679),.UNSPECIFIED.,.T.,.F.) B_SPLINE_CURVE_WITH_KNOTS((1,2
    ,2,2,2,1),(-2.094395102393,0.,2.094395102393,4.188790204786,
6.28318530718,8.377580409573),.UNSPECIFIED.) CURVE() 
GEOMETRIC_REPRESENTATION_ITEM() RATIONAL_B_SPLINE_CURVE((1.,0.5,1.,0.5,
1.,0.5,1.)) REPRESENTATION_ITEM('') );
#2673 = CARTESIAN_POINT('',(-17.,-10.02786945978));
#2674 = CARTESIAN_POINT('',(-17.,-4.831718769125));
#2675 = CARTESIAN_POINT('',(-12.5000015,-7.429794114453));
#2676 = CARTESIAN_POINT('',(-8.000003,-10.02786945978));
#2677 = CARTESIAN_POINT('',(-12.5000015,-12.6259448051));
#2678 = CARTESIAN_POINT('',(-17.,-15.22402015043));
#2679 = CARTESIAN_POINT('',(-17.,-10.02786945978));
#2680 = ( GEOMETRIC_REPRESENTATION_CONTEXT(2) 
PARAMETRIC_REPRESENTATION_CONTEXT() REPRESENTATION_CONTEXT('2D SPACE',''
  ) );
#2681 = PCURVE('',#2682,#2687);
#2682 = CYLINDRICAL_SURFACE('',#2683,2.999999);
#2683 = AXIS2_PLACEMENT_3D('',#2684,#2685,#2686);
#2684 = CARTESIAN_POINT('',(14.000001,-18.500001,4.5));
#2685 = DIRECTION('',(0.,0.,1.));
#2686 = DIRECTION('',(1.,0.,-0.));
#2687 = DEFINITIONAL_REPRESENTATION('',(#2688),#2692);
#2688 = LINE('',#2689,#2690);
#2689 = CARTESIAN_POINT('',(0.,1.));
#2690 = VECTOR('',#2691,1.);
#2691 = DIRECTION('',(1.,0.));
#2692 = ( GEOMETRIC_REPRESENTATION_CONTEXT(2) 
PARAMETRIC_REPRESENTATION_CONTEXT() REPRESENTATION_CONTEXT('2D SPACE',''
  ) );
#2693 = ORIENTED_EDGE('',*,*,#2694,.F.);
#2694 = EDGE_CURVE('',#2695,#2662,#2697,.T.);
#2695 = VERTEX_POINT('',#2696);
#2696 = CARTESIAN_POINT('',(17.,-11.44545421104,5.5));
#2697 = SURFACE_CURVE('',#2698,(#2702,#2708),.PCURVE_S1.);
#2698 = LINE('',#2699,#2700);
#2699 = CARTESIAN_POINT('',(17.,-13.48606627011,5.5));
#2700 = VECTOR('',#2701,1.);
#2701 = DIRECTION('',(0.,-1.,0.));
#2702 = PCURVE('',#150,#2703);
#2703 = DEFINITIONAL_REPRESENTATION('',(#2704),#2707);
#2704 = B_SPLINE_CURVE_WITH_KNOTS('',1,(#2705,#2706),.UNSPECIFIED.,.F.,
  .F.,(2,2),(-3.98606727011,5.01393472989),.PIECEWISE_BEZIER_KNOTS.);
#2705 = CARTESIAN_POINT('',(-17.,-1.027867459781));
#2706 = CARTESIAN_POINT('',(-17.,-10.02786945978));
#2707 = ( GEOMETRIC_REPRESENTATION_CONTEXT(2) 
PARAMETRIC_REPRESENTATION_CONTEXT() REPRESENTATION_CONTEXT('2D SPACE',''
  ) );
#2708 = PCURVE('',#2709,#2714);
#2709 = PLANE('',#2710);
#2710 = AXIS2_PLACEMENT_3D('',#2711,#2712,#2713);
#2711 = CARTESIAN_POINT('',(17.,-18.500001,4.5));
#2712 = DIRECTION('',(1.,0.,-0.));
#2713 = DIRECTION('',(0.,0.,1.));
#2714 = DEFINITIONAL_REPRESENTATION('',(#2715),#2718);
#2715 = B_SPLINE_CURVE_WITH_KNOTS('',1,(#2716,#2717),.UNSPECIFIED.,.F.,
  .F.,(2,2),(-3.98606727011,5.01393472989),.PIECEWISE_BEZIER_KNOTS.);
#2716 = CARTESIAN_POINT('',(1.,-9.000002));
#2717 = CARTESIAN_POINT('',(1.,0.));
#2718 = ( GEOMETRIC_REPRESENTATION_CONTEXT(2) 
PARAMETRIC_REPRESENTATION_CONTEXT() REPRESENTATION_CONTEXT('2D SPACE',''
  ) );
#2719 = ORIENTED_EDGE('',*,*,#2720,.T.);
#2720 = EDGE_CURVE('',#2695,#2721,#2723,.T.);
#2721 = VERTEX_POINT('',#2722);
#2722 = CARTESIAN_POINT('',(17.333333333333,-10.50264516945,5.5));
#2723 = SURFACE_CURVE('',#2724,(#2729,#2740),.PCURVE_S1.);
#2724 = CIRCLE('',#2725,1.5);
#2725 = AXIS2_PLACEMENT_3D('',#2726,#2727,#2728);
#2726 = CARTESIAN_POINT('',(15.833333333333,-10.50264516945,5.5));
#2727 = DIRECTION('',(0.,0.,1.));
#2728 = DIRECTION('',(1.,0.,-0.));
#2729 = PCURVE('',#150,#2730);
#2730 = DEFINITIONAL_REPRESENTATION('',(#2731),#2739);
#2731 = ( BOUNDED_CURVE() B_SPLINE_CURVE(2,(#2732,#2733,#2734,#2735,
#2736,#2737,#2738),.UNSPECIFIED.,.T.,.F.) B_SPLINE_CURVE_WITH_KNOTS((1,2
    ,2,2,2,1),(-2.094395102393,0.,2.094395102393,4.188790204786,
6.28318530718,8.377580409573),.UNSPECIFIED.) CURVE() 
GEOMETRIC_REPRESENTATION_ITEM() RATIONAL_B_SPLINE_CURVE((1.,0.5,1.,0.5,
1.,0.5,1.)) REPRESENTATION_ITEM('') );
#2732 = CARTESIAN_POINT('',(-17.33333333333,-2.03051362924));
#2733 = CARTESIAN_POINT('',(-17.33333333333,0.567562582114));
#2734 = CARTESIAN_POINT('',(-15.08333333333,-0.731475523563));
#2735 = CARTESIAN_POINT('',(-12.83333333333,-2.03051362924));
#2736 = CARTESIAN_POINT('',(-15.08333333333,-3.329551734916));
#2737 = CARTESIAN_POINT('',(-17.33333333333,-4.628589840593));
#2738 = CARTESIAN_POINT('',(-17.33333333333,-2.03051362924));
#2739 = ( GEOMETRIC_REPRESENTATION_CONTEXT(2) 
PARAMETRIC_REPRESENTATION_CONTEXT() REPRESENTATION_CONTEXT('2D SPACE',''
  ) );
#2740 = PCURVE('',#2741,#2746);
#2741 = CYLINDRICAL_SURFACE('',#2742,1.5);
#2742 = AXIS2_PLACEMENT_3D('',#2743,#2744,#2745);
#2743 = CARTESIAN_POINT('',(15.833333333333,-10.50264516945,4.5));
#2744 = DIRECTION('',(0.,0.,1.));
#2745 = DIRECTION('',(1.,0.,-0.));
#2746 = DEFINITIONAL_REPRESENTATION('',(#2747),#2751);
#2747 = LINE('',#2748,#2749);
#2748 = CARTESIAN_POINT('',(0.,1.));
#2749 = VECTOR('',#2750,1.);
#2750 = DIRECTION('',(1.,0.));
#2751 = ( GEOMETRIC_REPRESENTATION_CONTEXT(2) 
PARAMETRIC_REPRESENTATION_CONTEXT() REPRESENTATION_CONTEXT('2D SPACE',''
  ) );
#2752 = ORIENTED_EDGE('',*,*,#2753,.T.);
#2753 = EDGE_CURVE('',#2721,#2754,#2756,.T.);
#2754 = VERTEX_POINT('',#2755);
#2755 = CARTESIAN_POINT('',(17.,-9.559836127877,5.5));
#2756 = SURFACE_CURVE('',#2757,(#2762,#2773),.PCURVE_S1.);
#2757 = CIRCLE('',#2758,1.5);
#2758 = AXIS2_PLACEMENT_3D('',#2759,#2760,#2761);
#2759 = CARTESIAN_POINT('',(15.833333333333,-10.50264516945,5.5));
#2760 = DIRECTION('',(0.,0.,1.));
#2761 = DIRECTION('',(1.,0.,-0.));
#2762 = PCURVE('',#150,#2763);
#2763 = DEFINITIONAL_REPRESENTATION('',(#2764),#2772);
#2764 = ( BOUNDED_CURVE() B_SPLINE_CURVE(2,(#2765,#2766,#2767,#2768,
#2769,#2770,#2771),.UNSPECIFIED.,.T.,.F.) B_SPLINE_CURVE_WITH_KNOTS((1,2
    ,2,2,2,1),(-2.094395102393,0.,2.094395102393,4.188790204786,
6.28318530718,8.377580409573),.UNSPECIFIED.) CURVE() 
GEOMETRIC_REPRESENTATION_ITEM() RATIONAL_B_SPLINE_CURVE((1.,0.5,1.,0.5,
1.,0.5,1.)) REPRESENTATION_ITEM('') );
#2765 = CARTESIAN_POINT('',(-17.33333333333,-2.03051362924));
#2766 = CARTESIAN_POINT('',(-17.33333333333,0.567562582114));
#2767 = CARTESIAN_POINT('',(-15.08333333333,-0.731475523563));
#2768 = CARTESIAN_POINT('',(-12.83333333333,-2.03051362924));
#2769 = CARTESIAN_POINT('',(-15.08333333333,-3.329551734916));
#2770 = CARTESIAN_POINT('',(-17.33333333333,-4.628589840593));
#2771 = CARTESIAN_POINT('',(-17.33333333333,-2.03051362924));
#2772 = ( GEOMETRIC_REPRESENTATION_CONTEXT(2) 
PARAMETRIC_REPRESENTATION_CONTEXT() REPRESENTATION_CONTEXT('2D SPACE',''
  ) );
#2773 = PCURVE('',#2774,#2779);
#2774 = CYLINDRICAL_SURFACE('',#2775,1.5);
#2775 = AXIS2_PLACEMENT_3D('',#2776,#2777,#2778);
#2776 = CARTESIAN_POINT('',(15.833333333333,-10.50264516945,4.5));
#2777 = DIRECTION('',(0.,0.,1.));
#2778 = DIRECTION('',(1.,0.,-0.));
#2779 = DEFINITIONAL_REPRESENTATION('',(#2780),#2784);
#2780 = LINE('',#2781,#2782);
#2781 = CARTESIAN_POINT('',(0.,1.));
#2782 = VECTOR('',#2783,1.);
#2783 = DIRECTION('',(1.,0.));
#2784 = ( GEOMETRIC_REPRESENTATION_CONTEXT(2) 
PARAMETRIC_REPRESENTATION_CONTEXT() REPRESENTATION_CONTEXT('2D SPACE',''
  ) );
#2785 = ORIENTED_EDGE('',*,*,#2786,.F.);
#2786 = EDGE_CURVE('',#2787,#2754,#2789,.T.);
#2787 = VERTEX_POINT('',#2788);
#2788 = CARTESIAN_POINT('',(17.,-9.499999,5.5));
#2789 = SURFACE_CURVE('',#2790,(#2794,#2800),.PCURVE_S1.);
#2790 = LINE('',#2791,#2792);
#2791 = CARTESIAN_POINT('',(17.,-13.48606627011,5.5));
#2792 = VECTOR('',#2793,1.);
#2793 = DIRECTION('',(0.,-1.,0.));
#2794 = PCURVE('',#150,#2795);
#2795 = DEFINITIONAL_REPRESENTATION('',(#2796),#2799);
#2796 = B_SPLINE_CURVE_WITH_KNOTS('',1,(#2797,#2798),.UNSPECIFIED.,.F.,
  .F.,(2,2),(-3.98606727011,5.01393472989),.PIECEWISE_BEZIER_KNOTS.);
#2797 = CARTESIAN_POINT('',(-17.,-1.027867459781));
#2798 = CARTESIAN_POINT('',(-17.,-10.02786945978));
#2799 = ( GEOMETRIC_REPRESENTATION_CONTEXT(2) 
PARAMETRIC_REPRESENTATION_CONTEXT() REPRESENTATION_CONTEXT('2D SPACE',''
  ) );
#2800 = PCURVE('',#2801,#2806);
#2801 = PLANE('',#2802);
#2802 = AXIS2_PLACEMENT_3D('',#2803,#2804,#2805);
#2803 = CARTESIAN_POINT('',(17.,-18.500001,4.5));
#2804 = DIRECTION('',(1.,0.,-0.));
#2805 = DIRECTION('',(0.,0.,1.));
#2806 = DEFINITIONAL_REPRESENTATION('',(#2807),#2810);
#2807 = B_SPLINE_CURVE_WITH_KNOTS('',1,(#2808,#2809),.UNSPECIFIED.,.F.,
  .F.,(2,2),(-3.98606727011,5.01393472989),.PIECEWISE_BEZIER_KNOTS.);
#2808 = CARTESIAN_POINT('',(1.,-9.000002));
#2809 = CARTESIAN_POINT('',(1.,0.));
#2810 = ( GEOMETRIC_REPRESENTATION_CONTEXT(2) 
PARAMETRIC_REPRESENTATION_CONTEXT() REPRESENTATION_CONTEXT('2D SPACE',''
  ) );
#2811 = ORIENTED_EDGE('',*,*,#2812,.T.);
#2812 = EDGE_CURVE('',#2787,#2813,#2815,.T.);
#2813 = VERTEX_POINT('',#2814);
#2814 = CARTESIAN_POINT('',(14.000001,-6.5,5.5));
#2815 = SURFACE_CURVE('',#2816,(#2821,#2832),.PCURVE_S1.);
#2816 = CIRCLE('',#2817,2.999999);
#2817 = AXIS2_PLACEMENT_3D('',#2818,#2819,#2820);
#2818 = CARTESIAN_POINT('',(14.000001,-9.499999,5.5));
#2819 = DIRECTION('',(0.,0.,1.));
#2820 = DIRECTION('',(1.,0.,-0.));
#2821 = PCURVE('',#150,#2822);
#2822 = DEFINITIONAL_REPRESENTATION('',(#2823),#2831);
#2823 = ( BOUNDED_CURVE() B_SPLINE_CURVE(2,(#2824,#2825,#2826,#2827,
#2828,#2829,#2830),.UNSPECIFIED.,.T.,.F.) B_SPLINE_CURVE_WITH_KNOTS((1,2
    ,2,2,2,1),(-2.094395102393,0.,2.094395102393,4.188790204786,
6.28318530718,8.377580409573),.UNSPECIFIED.) CURVE() 
GEOMETRIC_REPRESENTATION_ITEM() RATIONAL_B_SPLINE_CURVE((1.,0.5,1.,0.5,
1.,0.5,1.)) REPRESENTATION_ITEM('') );
#2824 = CARTESIAN_POINT('',(-17.,-1.027867459781));
#2825 = CARTESIAN_POINT('',(-17.,4.168283230875));
#2826 = CARTESIAN_POINT('',(-12.5000015,1.570207885547));
#2827 = CARTESIAN_POINT('',(-8.000003,-1.027867459781));
#2828 = CARTESIAN_POINT('',(-12.5000015,-3.625942805109));
#2829 = CARTESIAN_POINT('',(-17.,-6.224018150437));
#2830 = CARTESIAN_POINT('',(-17.,-1.027867459781));
#2831 = ( GEOMETRIC_REPRESENTATION_CONTEXT(2) 
PARAMETRIC_REPRESENTATION_CONTEXT() REPRESENTATION_CONTEXT('2D SPACE',''
  ) );
#2832 = PCURVE('',#2833,#2838);
#2833 = CYLINDRICAL_SURFACE('',#2834,2.999999);
#2834 = AXIS2_PLACEMENT_3D('',#2835,#2836,#2837);
#2835 = CARTESIAN_POINT('',(14.000001,-9.499999,4.5));
#2836 = DIRECTION('',(0.,0.,1.));
#2837 = DIRECTION('',(1.,0.,-0.));
#2838 = DEFINITIONAL_REPRESENTATION('',(#2839),#2843);
#2839 = LINE('',#2840,#2841);
#2840 = CARTESIAN_POINT('',(0.,1.));
#2841 = VECTOR('',#2842,1.);
#2842 = DIRECTION('',(1.,0.));
#2843 = ( GEOMETRIC_REPRESENTATION_CONTEXT(2) 
PARAMETRIC_REPRESENTATION_CONTEXT() REPRESENTATION_CONTEXT('2D SPACE',''
  ) );
#2844 = ORIENTED_EDGE('',*,*,#2845,.F.);
#2845 = EDGE_CURVE('',#2846,#2813,#2848,.T.);
#2846 = VERTEX_POINT('',#2847);
#2847 = CARTESIAN_POINT('',(13.999999,-6.5,5.5));
#2848 = SURFACE_CURVE('',#2849,(#2853,#2859),.PCURVE_S1.);
#2849 = LINE('',#2850,#2851);
#2850 = CARTESIAN_POINT('',(6.9999995,-6.5,5.5));
#2851 = VECTOR('',#2852,1.);
#2852 = DIRECTION('',(1.,0.,-0.));
#2853 = PCURVE('',#150,#2854);
#2854 = DEFINITIONAL_REPRESENTATION('',(#2855),#2858);
#2855 = B_SPLINE_CURVE_WITH_KNOTS('',1,(#2856,#2857),.UNSPECIFIED.,.F.,
  .F.,(2,2),(6.9999995,7.0000015),.PIECEWISE_BEZIER_KNOTS.);
#2856 = CARTESIAN_POINT('',(-13.999999,1.972131540219));
#2857 = CARTESIAN_POINT('',(-14.000001,1.972131540219));
#2858 = ( GEOMETRIC_REPRESENTATION_CONTEXT(2) 
PARAMETRIC_REPRESENTATION_CONTEXT() REPRESENTATION_CONTEXT('2D SPACE',''
  ) );
#2859 = PCURVE('',#2860,#2865);
#2860 = PLANE('',#2861);
#2861 = AXIS2_PLACEMENT_3D('',#2862,#2863,#2864);
#2862 = CARTESIAN_POINT('',(13.999999,-6.5,4.5));
#2863 = DIRECTION('',(-0.,1.,0.));
#2864 = DIRECTION('',(0.,0.,1.));
#2865 = DEFINITIONAL_REPRESENTATION('',(#2866),#2869);
#2866 = B_SPLINE_CURVE_WITH_KNOTS('',1,(#2867,#2868),.UNSPECIFIED.,.F.,
  .F.,(2,2),(6.9999995,7.0000015),.PIECEWISE_BEZIER_KNOTS.);
#2867 = CARTESIAN_POINT('',(1.,0.));
#2868 = CARTESIAN_POINT('',(1.,2.00000000028E-06));
#2869 = ( GEOMETRIC_REPRESENTATION_CONTEXT(2) 
PARAMETRIC_REPRESENTATION_CONTEXT() REPRESENTATION_CONTEXT('2D SPACE',''
  ) );
#2870 = ORIENTED_EDGE('',*,*,#2871,.T.);
#2871 = EDGE_CURVE('',#2846,#2542,#2872,.T.);
#2872 = SURFACE_CURVE('',#2873,(#2878,#2889),.PCURVE_S1.);
#2873 = CIRCLE('',#2874,2.999999);
#2874 = AXIS2_PLACEMENT_3D('',#2875,#2876,#2877);
#2875 = CARTESIAN_POINT('',(13.999999,-9.499999,5.5));
#2876 = DIRECTION('',(0.,0.,1.));
#2877 = DIRECTION('',(1.,0.,-0.));
#2878 = PCURVE('',#150,#2879);
#2879 = DEFINITIONAL_REPRESENTATION('',(#2880),#2888);
#2880 = ( BOUNDED_CURVE() B_SPLINE_CURVE(2,(#2881,#2882,#2883,#2884,
#2885,#2886,#2887),.UNSPECIFIED.,.T.,.F.) B_SPLINE_CURVE_WITH_KNOTS((1,2
    ,2,2,2,1),(-2.094395102393,0.,2.094395102393,4.188790204786,
6.28318530718,8.377580409573),.UNSPECIFIED.) CURVE() 
GEOMETRIC_REPRESENTATION_ITEM() RATIONAL_B_SPLINE_CURVE((1.,0.5,1.,0.5,
1.,0.5,1.)) REPRESENTATION_ITEM('') );
#2881 = CARTESIAN_POINT('',(-16.999998,-1.027867459781));
#2882 = CARTESIAN_POINT('',(-16.999998,4.168283230875));
#2883 = CARTESIAN_POINT('',(-12.4999995,1.570207885547));
#2884 = CARTESIAN_POINT('',(-8.000001,-1.027867459781));
#2885 = CARTESIAN_POINT('',(-12.4999995,-3.625942805109));
#2886 = CARTESIAN_POINT('',(-16.999998,-6.224018150437));
#2887 = CARTESIAN_POINT('',(-16.999998,-1.027867459781));
#2888 = ( GEOMETRIC_REPRESENTATION_CONTEXT(2) 
PARAMETRIC_REPRESENTATION_CONTEXT() REPRESENTATION_CONTEXT('2D SPACE',''
  ) );
#2889 = PCURVE('',#2890,#2895);
#2890 = CYLINDRICAL_SURFACE('',#2891,2.999999);
#2891 = AXIS2_PLACEMENT_3D('',#2892,#2893,#2894);
#2892 = CARTESIAN_POINT('',(13.999999,-9.499999,4.5));
#2893 = DIRECTION('',(0.,0.,1.));
#2894 = DIRECTION('',(1.,0.,-0.));
#2895 = DEFINITIONAL_REPRESENTATION('',(#2896),#2900);
#2896 = LINE('',#2897,#2898);
#2897 = CARTESIAN_POINT('',(0.,1.));
#2898 = VECTOR('',#2899,1.);
#2899 = DIRECTION('',(1.,0.));
#2900 = ( GEOMETRIC_REPRESENTATION_CONTEXT(2) 
PARAMETRIC_REPRESENTATION_CONTEXT() REPRESENTATION_CONTEXT('2D SPACE',''
  ) );
#2901 = FACE_BOUND('',#2902,.T.);
#2902 = EDGE_LOOP('',(#2903));
#2903 = ORIENTED_EDGE('',*,*,#2904,.T.);
#2904 = EDGE_CURVE('',#2905,#2905,#2907,.T.);
#2905 = VERTEX_POINT('',#2906);
#2906 = CARTESIAN_POINT('',(-7.5,-34.,5.5));
#2907 = SURFACE_CURVE('',#2908,(#2913,#2924),.PCURVE_S1.);
#2908 = CIRCLE('',#2909,1.5);
#2909 = AXIS2_PLACEMENT_3D('',#2910,#2911,#2912);
#2910 = CARTESIAN_POINT('',(-9.,-34.,5.5));
#2911 = DIRECTION('',(0.,0.,1.));
#2912 = DIRECTION('',(1.,0.,-0.));
#2913 = PCURVE('',#150,#2914);
#2914 = DEFINITIONAL_REPRESENTATION('',(#2915),#2923);
#2915 = ( BOUNDED_CURVE() B_SPLINE_CURVE(2,(#2916,#2917,#2918,#2919,
#2920,#2921,#2922),.UNSPECIFIED.,.T.,.F.) B_SPLINE_CURVE_WITH_KNOTS((1,2
    ,2,2,2,1),(-2.094395102393,0.,2.094395102393,4.188790204786,
6.28318530718,8.377580409573),.UNSPECIFIED.) CURVE() 
GEOMETRIC_REPRESENTATION_ITEM() RATIONAL_B_SPLINE_CURVE((1.,0.5,1.,0.5,
1.,0.5,1.)) REPRESENTATION_ITEM('') );
#2916 = CARTESIAN_POINT('',(7.5,-25.52786845978));
#2917 = CARTESIAN_POINT('',(7.5,-22.92979224842));
#2918 = CARTESIAN_POINT('',(9.75,-24.2288303541));
#2919 = CARTESIAN_POINT('',(12.,-25.52786845978));
#2920 = CARTESIAN_POINT('',(9.75,-26.82690656545));
#2921 = CARTESIAN_POINT('',(7.5,-28.12594467113));
#2922 = CARTESIAN_POINT('',(7.5,-25.52786845978));
#2923 = ( GEOMETRIC_REPRESENTATION_CONTEXT(2) 
PARAMETRIC_REPRESENTATION_CONTEXT() REPRESENTATION_CONTEXT('2D SPACE',''
  ) );
#2924 = PCURVE('',#2925,#2930);
#2925 = CYLINDRICAL_SURFACE('',#2926,1.5);
#2926 = AXIS2_PLACEMENT_3D('',#2927,#2928,#2929);
#2927 = CARTESIAN_POINT('',(-9.,-34.,4.5));
#2928 = DIRECTION('',(0.,0.,1.));
#2929 = DIRECTION('',(1.,0.,-0.));
#2930 = DEFINITIONAL_REPRESENTATION('',(#2931),#2935);
#2931 = LINE('',#2932,#2933);
#2932 = CARTESIAN_POINT('',(0.,1.));
#2933 = VECTOR('',#2934,1.);
#2934 = DIRECTION('',(1.,0.));
#2935 = ( GEOMETRIC_REPRESENTATION_CONTEXT(2) 
PARAMETRIC_REPRESENTATION_CONTEXT() REPRESENTATION_CONTEXT('2D SPACE',''
  ) );
#2936 = FACE_BOUND('',#2937,.T.);
#2937 = EDGE_LOOP('',(#2938,#2966,#2999,#3025,#3058,#3084,#3117,#3143));
#2938 = ORIENTED_EDGE('',*,*,#2939,.T.);
#2939 = EDGE_CURVE('',#2940,#2942,#2944,.T.);
#2940 = VERTEX_POINT('',#2941);
#2941 = CARTESIAN_POINT('',(-4.5,-22.,5.5));
#2942 = VERTEX_POINT('',#2943);
#2943 = CARTESIAN_POINT('',(-4.5,-30.,5.5));
#2944 = SURFACE_CURVE('',#2945,(#2949,#2955),.PCURVE_S1.);
#2945 = LINE('',#2946,#2947);
#2946 = CARTESIAN_POINT('',(-4.5,-19.23606577011,5.5));
#2947 = VECTOR('',#2948,1.);
#2948 = DIRECTION('',(0.,-1.,0.));
#2949 = PCURVE('',#150,#2950);
#2950 = DEFINITIONAL_REPRESENTATION('',(#2951),#2954);
#2951 = B_SPLINE_CURVE_WITH_KNOTS('',1,(#2952,#2953),.UNSPECIFIED.,.F.,
  .F.,(2,2),(2.76393422989,10.76393422989),.PIECEWISE_BEZIER_KNOTS.);
#2952 = CARTESIAN_POINT('',(4.5,-13.52786845978));
#2953 = CARTESIAN_POINT('',(4.5,-21.52786845978));
#2954 = ( GEOMETRIC_REPRESENTATION_CONTEXT(2) 
PARAMETRIC_REPRESENTATION_CONTEXT() REPRESENTATION_CONTEXT('2D SPACE',''
  ) );
#2955 = PCURVE('',#2956,#2961);
#2956 = PLANE('',#2957);
#2957 = AXIS2_PLACEMENT_3D('',#2958,#2959,#2960);
#2958 = CARTESIAN_POINT('',(-4.5,-30.,4.5));
#2959 = DIRECTION('',(1.,0.,-0.));
#2960 = DIRECTION('',(0.,0.,1.));
#2961 = DEFINITIONAL_REPRESENTATION('',(#2962),#2965);
#2962 = B_SPLINE_CURVE_WITH_KNOTS('',1,(#2963,#2964),.UNSPECIFIED.,.F.,
  .F.,(2,2),(2.76393422989,10.76393422989),.PIECEWISE_BEZIER_KNOTS.);
#2963 = CARTESIAN_POINT('',(1.,-8.));
#2964 = CARTESIAN_POINT('',(1.,0.));
#2965 = ( GEOMETRIC_REPRESENTATION_CONTEXT(2) 
PARAMETRIC_REPRESENTATION_CONTEXT() REPRESENTATION_CONTEXT('2D SPACE',''
  ) );
#2966 = ORIENTED_EDGE('',*,*,#2967,.T.);
#2967 = EDGE_CURVE('',#2942,#2968,#2970,.T.);
#2968 = VERTEX_POINT('',#2969);
#2969 = CARTESIAN_POINT('',(-0.5,-34.,5.5));
#2970 = SURFACE_CURVE('',#2971,(#2976,#2987),.PCURVE_S1.);
#2971 = CIRCLE('',#2972,4.);
#2972 = AXIS2_PLACEMENT_3D('',#2973,#2974,#2975);
#2973 = CARTESIAN_POINT('',(-0.5,-30.,5.5));
#2974 = DIRECTION('',(0.,0.,1.));
#2975 = DIRECTION('',(1.,0.,-0.));
#2976 = PCURVE('',#150,#2977);
#2977 = DEFINITIONAL_REPRESENTATION('',(#2978),#2986);
#2978 = ( BOUNDED_CURVE() B_SPLINE_CURVE(2,(#2979,#2980,#2981,#2982,
#2983,#2984,#2985),.UNSPECIFIED.,.T.,.F.) B_SPLINE_CURVE_WITH_KNOTS((1,2
    ,2,2,2,1),(-2.094395102393,0.,2.094395102393,4.188790204786,
6.28318530718,8.377580409573),.UNSPECIFIED.) CURVE() 
GEOMETRIC_REPRESENTATION_ITEM() RATIONAL_B_SPLINE_CURVE((1.,0.5,1.,0.5,
1.,0.5,1.)) REPRESENTATION_ITEM('') );
#2979 = CARTESIAN_POINT('',(-3.5,-21.52786845978));
#2980 = CARTESIAN_POINT('',(-3.5,-14.5996652295));
#2981 = CARTESIAN_POINT('',(2.5,-18.06376684464));
#2982 = CARTESIAN_POINT('',(8.5,-21.52786845978));
#2983 = CARTESIAN_POINT('',(2.5,-24.99197007491));
#2984 = CARTESIAN_POINT('',(-3.5,-28.45607169005));
#2985 = CARTESIAN_POINT('',(-3.5,-21.52786845978));
#2986 = ( GEOMETRIC_REPRESENTATION_CONTEXT(2) 
PARAMETRIC_REPRESENTATION_CONTEXT() REPRESENTATION_CONTEXT('2D SPACE',''
  ) );
#2987 = PCURVE('',#2988,#2993);
#2988 = CYLINDRICAL_SURFACE('',#2989,4.);
#2989 = AXIS2_PLACEMENT_3D('',#2990,#2991,#2992);
#2990 = CARTESIAN_POINT('',(-0.5,-30.,4.5));
#2991 = DIRECTION('',(0.,0.,1.));
#2992 = DIRECTION('',(1.,0.,-0.));
#2993 = DEFINITIONAL_REPRESENTATION('',(#2994),#2998);
#2994 = LINE('',#2995,#2996);
#2995 = CARTESIAN_POINT('',(0.,1.));
#2996 = VECTOR('',#2997,1.);
#2997 = DIRECTION('',(1.,0.));
#2998 = ( GEOMETRIC_REPRESENTATION_CONTEXT(2) 
PARAMETRIC_REPRESENTATION_CONTEXT() REPRESENTATION_CONTEXT('2D SPACE',''
  ) );
#2999 = ORIENTED_EDGE('',*,*,#3000,.T.);
#3000 = EDGE_CURVE('',#2968,#3001,#3003,.T.);
#3001 = VERTEX_POINT('',#3002);
#3002 = CARTESIAN_POINT('',(0.5,-34.,5.5));
#3003 = SURFACE_CURVE('',#3004,(#3008,#3014),.PCURVE_S1.);
#3004 = LINE('',#3005,#3006);
#3005 = CARTESIAN_POINT('',(-0.25,-34.,5.5));
#3006 = VECTOR('',#3007,1.);
#3007 = DIRECTION('',(1.,0.,-0.));
#3008 = PCURVE('',#150,#3009);
#3009 = DEFINITIONAL_REPRESENTATION('',(#3010),#3013);
#3010 = B_SPLINE_CURVE_WITH_KNOTS('',1,(#3011,#3012),.UNSPECIFIED.,.F.,
  .F.,(2,2),(-0.25,0.75),.PIECEWISE_BEZIER_KNOTS.);
#3011 = CARTESIAN_POINT('',(0.5,-25.52786845978));
#3012 = CARTESIAN_POINT('',(-0.5,-25.52786845978));
#3013 = ( GEOMETRIC_REPRESENTATION_CONTEXT(2) 
PARAMETRIC_REPRESENTATION_CONTEXT() REPRESENTATION_CONTEXT('2D SPACE',''
  ) );
#3014 = PCURVE('',#3015,#3020);
#3015 = PLANE('',#3016);
#3016 = AXIS2_PLACEMENT_3D('',#3017,#3018,#3019);
#3017 = CARTESIAN_POINT('',(-0.5,-34.,4.5));
#3018 = DIRECTION('',(-0.,1.,0.));
#3019 = DIRECTION('',(0.,0.,1.));
#3020 = DEFINITIONAL_REPRESENTATION('',(#3021),#3024);
#3021 = B_SPLINE_CURVE_WITH_KNOTS('',1,(#3022,#3023),.UNSPECIFIED.,.F.,
  .F.,(2,2),(-0.25,0.75),.PIECEWISE_BEZIER_KNOTS.);
#3022 = CARTESIAN_POINT('',(1.,0.));
#3023 = CARTESIAN_POINT('',(1.,1.));
#3024 = ( GEOMETRIC_REPRESENTATION_CONTEXT(2) 
PARAMETRIC_REPRESENTATION_CONTEXT() REPRESENTATION_CONTEXT('2D SPACE',''
  ) );
#3025 = ORIENTED_EDGE('',*,*,#3026,.T.);
#3026 = EDGE_CURVE('',#3001,#3027,#3029,.T.);
#3027 = VERTEX_POINT('',#3028);
#3028 = CARTESIAN_POINT('',(4.5,-30.,5.5));
#3029 = SURFACE_CURVE('',#3030,(#3035,#3046),.PCURVE_S1.);
#3030 = CIRCLE('',#3031,4.);
#3031 = AXIS2_PLACEMENT_3D('',#3032,#3033,#3034);
#3032 = CARTESIAN_POINT('',(0.5,-30.,5.5));
#3033 = DIRECTION('',(0.,0.,1.));
#3034 = DIRECTION('',(1.,0.,-0.));
#3035 = PCURVE('',#150,#3036);
#3036 = DEFINITIONAL_REPRESENTATION('',(#3037),#3045);
#3037 = ( BOUNDED_CURVE() B_SPLINE_CURVE(2,(#3038,#3039,#3040,#3041,
#3042,#3043,#3044),.UNSPECIFIED.,.T.,.F.) B_SPLINE_CURVE_WITH_KNOTS((1,2
    ,2,2,2,1),(-2.094395102393,0.,2.094395102393,4.188790204786,
6.28318530718,8.377580409573),.UNSPECIFIED.) CURVE() 
GEOMETRIC_REPRESENTATION_ITEM() RATIONAL_B_SPLINE_CURVE((1.,0.5,1.,0.5,
1.,0.5,1.)) REPRESENTATION_ITEM('') );
#3038 = CARTESIAN_POINT('',(-4.5,-21.52786845978));
#3039 = CARTESIAN_POINT('',(-4.5,-14.5996652295));
#3040 = CARTESIAN_POINT('',(1.5,-18.06376684464));
#3041 = CARTESIAN_POINT('',(7.5,-21.52786845978));
#3042 = CARTESIAN_POINT('',(1.5,-24.99197007491));
#3043 = CARTESIAN_POINT('',(-4.5,-28.45607169005));
#3044 = CARTESIAN_POINT('',(-4.5,-21.52786845978));
#3045 = ( GEOMETRIC_REPRESENTATION_CONTEXT(2) 
PARAMETRIC_REPRESENTATION_CONTEXT() REPRESENTATION_CONTEXT('2D SPACE',''
  ) );
#3046 = PCURVE('',#3047,#3052);
#3047 = CYLINDRICAL_SURFACE('',#3048,4.);
#3048 = AXIS2_PLACEMENT_3D('',#3049,#3050,#3051);
#3049 = CARTESIAN_POINT('',(0.5,-30.,4.5));
#3050 = DIRECTION('',(0.,0.,1.));
#3051 = DIRECTION('',(1.,0.,-0.));
#3052 = DEFINITIONAL_REPRESENTATION('',(#3053),#3057);
#3053 = LINE('',#3054,#3055);
#3054 = CARTESIAN_POINT('',(0.,1.));
#3055 = VECTOR('',#3056,1.);
#3056 = DIRECTION('',(1.,0.));
#3057 = ( GEOMETRIC_REPRESENTATION_CONTEXT(2) 
PARAMETRIC_REPRESENTATION_CONTEXT() REPRESENTATION_CONTEXT('2D SPACE',''
  ) );
#3058 = ORIENTED_EDGE('',*,*,#3059,.F.);
#3059 = EDGE_CURVE('',#3060,#3027,#3062,.T.);
#3060 = VERTEX_POINT('',#3061);
#3061 = CARTESIAN_POINT('',(4.5,-22.,5.5));
#3062 = SURFACE_CURVE('',#3063,(#3067,#3073),.PCURVE_S1.);
#3063 = LINE('',#3064,#3065);
#3064 = CARTESIAN_POINT('',(4.5,-19.23606577011,5.5));
#3065 = VECTOR('',#3066,1.);
#3066 = DIRECTION('',(0.,-1.,0.));
#3067 = PCURVE('',#150,#3068);
#3068 = DEFINITIONAL_REPRESENTATION('',(#3069),#3072);
#3069 = B_SPLINE_CURVE_WITH_KNOTS('',1,(#3070,#3071),.UNSPECIFIED.,.F.,
  .F.,(2,2),(2.76393422989,10.76393422989),.PIECEWISE_BEZIER_KNOTS.);
#3070 = CARTESIAN_POINT('',(-4.5,-13.52786845978));
#3071 = CARTESIAN_POINT('',(-4.5,-21.52786845978));
#3072 = ( GEOMETRIC_REPRESENTATION_CONTEXT(2) 
PARAMETRIC_REPRESENTATION_CONTEXT() REPRESENTATION_CONTEXT('2D SPACE',''
  ) );
#3073 = PCURVE('',#3074,#3079);
#3074 = PLANE('',#3075);
#3075 = AXIS2_PLACEMENT_3D('',#3076,#3077,#3078);
#3076 = CARTESIAN_POINT('',(4.5,-30.,4.5));
#3077 = DIRECTION('',(1.,0.,-0.));
#3078 = DIRECTION('',(0.,0.,1.));
#3079 = DEFINITIONAL_REPRESENTATION('',(#3080),#3083);
#3080 = B_SPLINE_CURVE_WITH_KNOTS('',1,(#3081,#3082),.UNSPECIFIED.,.F.,
  .F.,(2,2),(2.76393422989,10.76393422989),.PIECEWISE_BEZIER_KNOTS.);
#3081 = CARTESIAN_POINT('',(1.,-8.));
#3082 = CARTESIAN_POINT('',(1.,0.));
#3083 = ( GEOMETRIC_REPRESENTATION_CONTEXT(2) 
PARAMETRIC_REPRESENTATION_CONTEXT() REPRESENTATION_CONTEXT('2D SPACE',''
  ) );
#3084 = ORIENTED_EDGE('',*,*,#3085,.T.);
#3085 = EDGE_CURVE('',#3060,#3086,#3088,.T.);
#3086 = VERTEX_POINT('',#3087);
#3087 = CARTESIAN_POINT('',(0.5,-18.,5.5));
#3088 = SURFACE_CURVE('',#3089,(#3094,#3105),.PCURVE_S1.);
#3089 = CIRCLE('',#3090,4.);
#3090 = AXIS2_PLACEMENT_3D('',#3091,#3092,#3093);
#3091 = CARTESIAN_POINT('',(0.5,-22.,5.5));
#3092 = DIRECTION('',(0.,0.,1.));
#3093 = DIRECTION('',(1.,0.,-0.));
#3094 = PCURVE('',#150,#3095);
#3095 = DEFINITIONAL_REPRESENTATION('',(#3096),#3104);
#3096 = ( BOUNDED_CURVE() B_SPLINE_CURVE(2,(#3097,#3098,#3099,#3100,
#3101,#3102,#3103),.UNSPECIFIED.,.T.,.F.) B_SPLINE_CURVE_WITH_KNOTS((1,2
    ,2,2,2,1),(-2.094395102393,0.,2.094395102393,4.188790204786,
6.28318530718,8.377580409573),.UNSPECIFIED.) CURVE() 
GEOMETRIC_REPRESENTATION_ITEM() RATIONAL_B_SPLINE_CURVE((1.,0.5,1.,0.5,
1.,0.5,1.)) REPRESENTATION_ITEM('') );
#3097 = CARTESIAN_POINT('',(-4.5,-13.52786845978));
#3098 = CARTESIAN_POINT('',(-4.5,-6.599665229505));
#3099 = CARTESIAN_POINT('',(1.5,-10.06376684464));
#3100 = CARTESIAN_POINT('',(7.5,-13.52786845978));
#3101 = CARTESIAN_POINT('',(1.5,-16.99197007491));
#3102 = CARTESIAN_POINT('',(-4.5,-20.45607169005));
#3103 = CARTESIAN_POINT('',(-4.5,-13.52786845978));
#3104 = ( GEOMETRIC_REPRESENTATION_CONTEXT(2) 
PARAMETRIC_REPRESENTATION_CONTEXT() REPRESENTATION_CONTEXT('2D SPACE',''
  ) );
#3105 = PCURVE('',#3106,#3111);
#3106 = CYLINDRICAL_SURFACE('',#3107,4.);
#3107 = AXIS2_PLACEMENT_3D('',#3108,#3109,#3110);
#3108 = CARTESIAN_POINT('',(0.5,-22.,4.5));
#3109 = DIRECTION('',(0.,0.,1.));
#3110 = DIRECTION('',(1.,0.,-0.));
#3111 = DEFINITIONAL_REPRESENTATION('',(#3112),#3116);
#3112 = LINE('',#3113,#3114);
#3113 = CARTESIAN_POINT('',(0.,1.));
#3114 = VECTOR('',#3115,1.);
#3115 = DIRECTION('',(1.,0.));
#3116 = ( GEOMETRIC_REPRESENTATION_CONTEXT(2) 
PARAMETRIC_REPRESENTATION_CONTEXT() REPRESENTATION_CONTEXT('2D SPACE',''
  ) );
#3117 = ORIENTED_EDGE('',*,*,#3118,.F.);
#3118 = EDGE_CURVE('',#3119,#3086,#3121,.T.);
#3119 = VERTEX_POINT('',#3120);
#3120 = CARTESIAN_POINT('',(-0.5,-18.,5.5));
#3121 = SURFACE_CURVE('',#3122,(#3126,#3132),.PCURVE_S1.);
#3122 = LINE('',#3123,#3124);
#3123 = CARTESIAN_POINT('',(-0.25,-18.,5.5));
#3124 = VECTOR('',#3125,1.);
#3125 = DIRECTION('',(1.,0.,-0.));
#3126 = PCURVE('',#150,#3127);
#3127 = DEFINITIONAL_REPRESENTATION('',(#3128),#3131);
#3128 = B_SPLINE_CURVE_WITH_KNOTS('',1,(#3129,#3130),.UNSPECIFIED.,.F.,
  .F.,(2,2),(-0.25,0.75),.PIECEWISE_BEZIER_KNOTS.);
#3129 = CARTESIAN_POINT('',(0.5,-9.527868459781));
#3130 = CARTESIAN_POINT('',(-0.5,-9.527868459781));
#3131 = ( GEOMETRIC_REPRESENTATION_CONTEXT(2) 
PARAMETRIC_REPRESENTATION_CONTEXT() REPRESENTATION_CONTEXT('2D SPACE',''
  ) );
#3132 = PCURVE('',#3133,#3138);
#3133 = PLANE('',#3134);
#3134 = AXIS2_PLACEMENT_3D('',#3135,#3136,#3137);
#3135 = CARTESIAN_POINT('',(-0.5,-18.,4.5));
#3136 = DIRECTION('',(-0.,1.,0.));
#3137 = DIRECTION('',(0.,0.,1.));
#3138 = DEFINITIONAL_REPRESENTATION('',(#3139),#3142);
#3139 = B_SPLINE_CURVE_WITH_KNOTS('',1,(#3140,#3141),.UNSPECIFIED.,.F.,
  .F.,(2,2),(-0.25,0.75),.PIECEWISE_BEZIER_KNOTS.);
#3140 = CARTESIAN_POINT('',(1.,0.));
#3141 = CARTESIAN_POINT('',(1.,1.));
#3142 = ( GEOMETRIC_REPRESENTATION_CONTEXT(2) 
PARAMETRIC_REPRESENTATION_CONTEXT() REPRESENTATION_CONTEXT('2D SPACE',''
  ) );
#3143 = ORIENTED_EDGE('',*,*,#3144,.T.);
#3144 = EDGE_CURVE('',#3119,#2940,#3145,.T.);
#3145 = SURFACE_CURVE('',#3146,(#3151,#3162),.PCURVE_S1.);
#3146 = CIRCLE('',#3147,4.);
#3147 = AXIS2_PLACEMENT_3D('',#3148,#3149,#3150);
#3148 = CARTESIAN_POINT('',(-0.5,-22.,5.5));
#3149 = DIRECTION('',(0.,0.,1.));
#3150 = DIRECTION('',(1.,0.,-0.));
#3151 = PCURVE('',#150,#3152);
#3152 = DEFINITIONAL_REPRESENTATION('',(#3153),#3161);
#3153 = ( BOUNDED_CURVE() B_SPLINE_CURVE(2,(#3154,#3155,#3156,#3157,
#3158,#3159,#3160),.UNSPECIFIED.,.T.,.F.) B_SPLINE_CURVE_WITH_KNOTS((1,2
    ,2,2,2,1),(-2.094395102393,0.,2.094395102393,4.188790204786,
6.28318530718,8.377580409573),.UNSPECIFIED.) CURVE() 
GEOMETRIC_REPRESENTATION_ITEM() RATIONAL_B_SPLINE_CURVE((1.,0.5,1.,0.5,
1.,0.5,1.)) REPRESENTATION_ITEM('') );
#3154 = CARTESIAN_POINT('',(-3.5,-13.52786845978));
#3155 = CARTESIAN_POINT('',(-3.5,-6.599665229505));
#3156 = CARTESIAN_POINT('',(2.5,-10.06376684464));
#3157 = CARTESIAN_POINT('',(8.5,-13.52786845978));
#3158 = CARTESIAN_POINT('',(2.5,-16.99197007491));
#3159 = CARTESIAN_POINT('',(-3.5,-20.45607169005));
#3160 = CARTESIAN_POINT('',(-3.5,-13.52786845978));
#3161 = ( GEOMETRIC_REPRESENTATION_CONTEXT(2) 
PARAMETRIC_REPRESENTATION_CONTEXT() REPRESENTATION_CONTEXT('2D SPACE',''
  ) );
#3162 = PCURVE('',#3163,#3168);
#3163 = CYLINDRICAL_SURFACE('',#3164,4.);
#3164 = AXIS2_PLACEMENT_3D('',#3165,#3166,#3167);
#3165 = CARTESIAN_POINT('',(-0.5,-22.,4.5));
#3166 = DIRECTION('',(0.,0.,1.));
#3167 = DIRECTION('',(1.,0.,-0.));
#3168 = DEFINITIONAL_REPRESENTATION('',(#3169),#3173);
#3169 = LINE('',#3170,#3171);
#3170 = CARTESIAN_POINT('',(0.,1.));
#3171 = VECTOR('',#3172,1.);
#3172 = DIRECTION('',(1.,0.));
#3173 = ( GEOMETRIC_REPRESENTATION_CONTEXT(2) 
PARAMETRIC_REPRESENTATION_CONTEXT() REPRESENTATION_CONTEXT('2D SPACE',''
  ) );
#3174 = FACE_BOUND('',#3175,.T.);
#3175 = EDGE_LOOP('',(#3176,#3211,#3237,#3270,#3296,#3329,#3355,#3388,
    #3421,#3454,#3480,#3513));
#3176 = ORIENTED_EDGE('',*,*,#3177,.T.);
#3177 = EDGE_CURVE('',#3178,#3180,#3182,.T.);
#3178 = VERTEX_POINT('',#3179);
#3179 = CARTESIAN_POINT('',(-17.,-9.559836127877,5.5));
#3180 = VERTEX_POINT('',#3181);
#3181 = CARTESIAN_POINT('',(-17.,-11.44545421104,5.5));
#3182 = SURFACE_CURVE('',#3183,(#3188,#3199),.PCURVE_S1.);
#3183 = CIRCLE('',#3184,1.5);
#3184 = AXIS2_PLACEMENT_3D('',#3185,#3186,#3187);
#3185 = CARTESIAN_POINT('',(-15.83333333333,-10.50264516945,5.5));
#3186 = DIRECTION('',(0.,0.,1.));
#3187 = DIRECTION('',(1.,0.,-0.));
#3188 = PCURVE('',#150,#3189);
#3189 = DEFINITIONAL_REPRESENTATION('',(#3190),#3198);
#3190 = ( BOUNDED_CURVE() B_SPLINE_CURVE(2,(#3191,#3192,#3193,#3194,
#3195,#3196,#3197),.UNSPECIFIED.,.T.,.F.) B_SPLINE_CURVE_WITH_KNOTS((1,2
    ,2,2,2,1),(-2.094395102393,0.,2.094395102393,4.188790204786,
6.28318530718,8.377580409573),.UNSPECIFIED.) CURVE() 
GEOMETRIC_REPRESENTATION_ITEM() RATIONAL_B_SPLINE_CURVE((1.,0.5,1.,0.5,
1.,0.5,1.)) REPRESENTATION_ITEM('') );
#3191 = CARTESIAN_POINT('',(14.333333333333,-2.03051362924));
#3192 = CARTESIAN_POINT('',(14.333333333333,0.567562582114));
#3193 = CARTESIAN_POINT('',(16.583333333333,-0.731475523563));
#3194 = CARTESIAN_POINT('',(18.833333333333,-2.03051362924));
#3195 = CARTESIAN_POINT('',(16.583333333333,-3.329551734916));
#3196 = CARTESIAN_POINT('',(14.333333333333,-4.628589840593));
#3197 = CARTESIAN_POINT('',(14.333333333333,-2.03051362924));
#3198 = ( GEOMETRIC_REPRESENTATION_CONTEXT(2) 
PARAMETRIC_REPRESENTATION_CONTEXT() REPRESENTATION_CONTEXT('2D SPACE',''
  ) );
#3199 = PCURVE('',#3200,#3205);
#3200 = CYLINDRICAL_SURFACE('',#3201,1.5);
#3201 = AXIS2_PLACEMENT_3D('',#3202,#3203,#3204);
#3202 = CARTESIAN_POINT('',(-15.83333333333,-10.50264516945,4.5));
#3203 = DIRECTION('',(0.,0.,1.));
#3204 = DIRECTION('',(1.,0.,-0.));
#3205 = DEFINITIONAL_REPRESENTATION('',(#3206),#3210);
#3206 = LINE('',#3207,#3208);
#3207 = CARTESIAN_POINT('',(0.,1.));
#3208 = VECTOR('',#3209,1.);
#3209 = DIRECTION('',(1.,0.));
#3210 = ( GEOMETRIC_REPRESENTATION_CONTEXT(2) 
PARAMETRIC_REPRESENTATION_CONTEXT() REPRESENTATION_CONTEXT('2D SPACE',''
  ) );
#3211 = ORIENTED_EDGE('',*,*,#3212,.T.);
#3212 = EDGE_CURVE('',#3180,#3213,#3215,.T.);
#3213 = VERTEX_POINT('',#3214);
#3214 = CARTESIAN_POINT('',(-17.,-18.500001,5.5));
#3215 = SURFACE_CURVE('',#3216,(#3220,#3226),.PCURVE_S1.);
#3216 = LINE('',#3217,#3218);
#3217 = CARTESIAN_POINT('',(-17.,-13.48606627011,5.5));
#3218 = VECTOR('',#3219,1.);
#3219 = DIRECTION('',(0.,-1.,0.));
#3220 = PCURVE('',#150,#3221);
#3221 = DEFINITIONAL_REPRESENTATION('',(#3222),#3225);
#3222 = B_SPLINE_CURVE_WITH_KNOTS('',1,(#3223,#3224),.UNSPECIFIED.,.F.,
  .F.,(2,2),(-3.98606727011,5.01393472989),.PIECEWISE_BEZIER_KNOTS.);
#3223 = CARTESIAN_POINT('',(17.,-1.027867459781));
#3224 = CARTESIAN_POINT('',(17.,-10.02786945978));
#3225 = ( GEOMETRIC_REPRESENTATION_CONTEXT(2) 
PARAMETRIC_REPRESENTATION_CONTEXT() REPRESENTATION_CONTEXT('2D SPACE',''
  ) );
#3226 = PCURVE('',#3227,#3232);
#3227 = PLANE('',#3228);
#3228 = AXIS2_PLACEMENT_3D('',#3229,#3230,#3231);
#3229 = CARTESIAN_POINT('',(-17.,-18.500001,4.5));
#3230 = DIRECTION('',(1.,0.,-0.));
#3231 = DIRECTION('',(0.,0.,1.));
#3232 = DEFINITIONAL_REPRESENTATION('',(#3233),#3236);
#3233 = B_SPLINE_CURVE_WITH_KNOTS('',1,(#3234,#3235),.UNSPECIFIED.,.F.,
  .F.,(2,2),(-3.98606727011,5.01393472989),.PIECEWISE_BEZIER_KNOTS.);
#3234 = CARTESIAN_POINT('',(1.,-9.000002));
#3235 = CARTESIAN_POINT('',(1.,0.));
#3236 = ( GEOMETRIC_REPRESENTATION_CONTEXT(2) 
PARAMETRIC_REPRESENTATION_CONTEXT() REPRESENTATION_CONTEXT('2D SPACE',''
  ) );
#3237 = ORIENTED_EDGE('',*,*,#3238,.T.);
#3238 = EDGE_CURVE('',#3213,#3239,#3241,.T.);
#3239 = VERTEX_POINT('',#3240);
#3240 = CARTESIAN_POINT('',(-14.000001,-21.5,5.5));
#3241 = SURFACE_CURVE('',#3242,(#3247,#3258),.PCURVE_S1.);
#3242 = CIRCLE('',#3243,2.999999);
#3243 = AXIS2_PLACEMENT_3D('',#3244,#3245,#3246);
#3244 = CARTESIAN_POINT('',(-14.000001,-18.500001,5.5));
#3245 = DIRECTION('',(0.,0.,1.));
#3246 = DIRECTION('',(1.,0.,-0.));
#3247 = PCURVE('',#150,#3248);
#3248 = DEFINITIONAL_REPRESENTATION('',(#3249),#3257);
#3249 = ( BOUNDED_CURVE() B_SPLINE_CURVE(2,(#3250,#3251,#3252,#3253,
#3254,#3255,#3256),.UNSPECIFIED.,.T.,.F.) B_SPLINE_CURVE_WITH_KNOTS((1,2
    ,2,2,2,1),(-2.094395102393,0.,2.094395102393,4.188790204786,
6.28318530718,8.377580409573),.UNSPECIFIED.) CURVE() 
GEOMETRIC_REPRESENTATION_ITEM() RATIONAL_B_SPLINE_CURVE((1.,0.5,1.,0.5,
1.,0.5,1.)) REPRESENTATION_ITEM('') );
#3250 = CARTESIAN_POINT('',(11.000002,-10.02786945978));
#3251 = CARTESIAN_POINT('',(11.000002,-4.831718769125));
#3252 = CARTESIAN_POINT('',(15.5000005,-7.429794114453));
#3253 = CARTESIAN_POINT('',(19.999999,-10.02786945978));
#3254 = CARTESIAN_POINT('',(15.5000005,-12.6259448051));
#3255 = CARTESIAN_POINT('',(11.000002,-15.22402015043));
#3256 = CARTESIAN_POINT('',(11.000002,-10.02786945978));
#3257 = ( GEOMETRIC_REPRESENTATION_CONTEXT(2) 
PARAMETRIC_REPRESENTATION_CONTEXT() REPRESENTATION_CONTEXT('2D SPACE',''
  ) );
#3258 = PCURVE('',#3259,#3264);
#3259 = CYLINDRICAL_SURFACE('',#3260,2.999999);
#3260 = AXIS2_PLACEMENT_3D('',#3261,#3262,#3263);
#3261 = CARTESIAN_POINT('',(-14.000001,-18.500001,4.5));
#3262 = DIRECTION('',(0.,0.,1.));
#3263 = DIRECTION('',(1.,0.,-0.));
#3264 = DEFINITIONAL_REPRESENTATION('',(#3265),#3269);
#3265 = LINE('',#3266,#3267);
#3266 = CARTESIAN_POINT('',(0.,1.));
#3267 = VECTOR('',#3268,1.);
#3268 = DIRECTION('',(1.,0.));
#3269 = ( GEOMETRIC_REPRESENTATION_CONTEXT(2) 
PARAMETRIC_REPRESENTATION_CONTEXT() REPRESENTATION_CONTEXT('2D SPACE',''
  ) );
#3270 = ORIENTED_EDGE('',*,*,#3271,.T.);
#3271 = EDGE_CURVE('',#3239,#3272,#3274,.T.);
#3272 = VERTEX_POINT('',#3273);
#3273 = CARTESIAN_POINT('',(-13.999999,-21.5,5.5));
#3274 = SURFACE_CURVE('',#3275,(#3279,#3285),.PCURVE_S1.);
#3275 = LINE('',#3276,#3277);
#3276 = CARTESIAN_POINT('',(-7.0000005,-21.5,5.5));
#3277 = VECTOR('',#3278,1.);
#3278 = DIRECTION('',(1.,0.,-0.));
#3279 = PCURVE('',#150,#3280);
#3280 = DEFINITIONAL_REPRESENTATION('',(#3281),#3284);
#3281 = B_SPLINE_CURVE_WITH_KNOTS('',1,(#3282,#3283),.UNSPECIFIED.,.F.,
  .F.,(2,2),(-7.0000005,-6.9999985),.PIECEWISE_BEZIER_KNOTS.);
#3282 = CARTESIAN_POINT('',(14.000001,-13.02786845978));
#3283 = CARTESIAN_POINT('',(13.999999,-13.02786845978));
#3284 = ( GEOMETRIC_REPRESENTATION_CONTEXT(2) 
PARAMETRIC_REPRESENTATION_CONTEXT() REPRESENTATION_CONTEXT('2D SPACE',''
  ) );
#3285 = PCURVE('',#3286,#3291);
#3286 = PLANE('',#3287);
#3287 = AXIS2_PLACEMENT_3D('',#3288,#3289,#3290);
#3288 = CARTESIAN_POINT('',(-14.000001,-21.5,4.5));
#3289 = DIRECTION('',(-0.,1.,0.));
#3290 = DIRECTION('',(0.,0.,1.));
#3291 = DEFINITIONAL_REPRESENTATION('',(#3292),#3295);
#3292 = B_SPLINE_CURVE_WITH_KNOTS('',1,(#3293,#3294),.UNSPECIFIED.,.F.,
  .F.,(2,2),(-7.0000005,-6.9999985),.PIECEWISE_BEZIER_KNOTS.);
#3293 = CARTESIAN_POINT('',(1.,0.));
#3294 = CARTESIAN_POINT('',(1.,2.00000000028E-06));
#3295 = ( GEOMETRIC_REPRESENTATION_CONTEXT(2) 
PARAMETRIC_REPRESENTATION_CONTEXT() REPRESENTATION_CONTEXT('2D SPACE',''
  ) );
#3296 = ORIENTED_EDGE('',*,*,#3297,.T.);
#3297 = EDGE_CURVE('',#3272,#3298,#3300,.T.);
#3298 = VERTEX_POINT('',#3299);
#3299 = CARTESIAN_POINT('',(-11.,-18.500001,5.5));
#3300 = SURFACE_CURVE('',#3301,(#3306,#3317),.PCURVE_S1.);
#3301 = CIRCLE('',#3302,2.999999);
#3302 = AXIS2_PLACEMENT_3D('',#3303,#3304,#3305);
#3303 = CARTESIAN_POINT('',(-13.999999,-18.500001,5.5));
#3304 = DIRECTION('',(0.,0.,1.));
#3305 = DIRECTION('',(1.,0.,-0.));
#3306 = PCURVE('',#150,#3307);
#3307 = DEFINITIONAL_REPRESENTATION('',(#3308),#3316);
#3308 = ( BOUNDED_CURVE() B_SPLINE_CURVE(2,(#3309,#3310,#3311,#3312,
#3313,#3314,#3315),.UNSPECIFIED.,.T.,.F.) B_SPLINE_CURVE_WITH_KNOTS((1,2
    ,2,2,2,1),(-2.094395102393,0.,2.094395102393,4.188790204786,
6.28318530718,8.377580409573),.UNSPECIFIED.) CURVE() 
GEOMETRIC_REPRESENTATION_ITEM() RATIONAL_B_SPLINE_CURVE((1.,0.5,1.,0.5,
1.,0.5,1.)) REPRESENTATION_ITEM('') );
#3309 = CARTESIAN_POINT('',(11.,-10.02786945978));
#3310 = CARTESIAN_POINT('',(11.,-4.831718769125));
#3311 = CARTESIAN_POINT('',(15.4999985,-7.429794114453));
#3312 = CARTESIAN_POINT('',(19.999997,-10.02786945978));
#3313 = CARTESIAN_POINT('',(15.4999985,-12.6259448051));
#3314 = CARTESIAN_POINT('',(11.,-15.22402015043));
#3315 = CARTESIAN_POINT('',(11.,-10.02786945978));
#3316 = ( GEOMETRIC_REPRESENTATION_CONTEXT(2) 
PARAMETRIC_REPRESENTATION_CONTEXT() REPRESENTATION_CONTEXT('2D SPACE',''
  ) );
#3317 = PCURVE('',#3318,#3323);
#3318 = CYLINDRICAL_SURFACE('',#3319,2.999999);
#3319 = AXIS2_PLACEMENT_3D('',#3320,#3321,#3322);
#3320 = CARTESIAN_POINT('',(-13.999999,-18.500001,4.5));
#3321 = DIRECTION('',(0.,0.,1.));
#3322 = DIRECTION('',(1.,0.,-0.));
#3323 = DEFINITIONAL_REPRESENTATION('',(#3324),#3328);
#3324 = LINE('',#3325,#3326);
#3325 = CARTESIAN_POINT('',(0.,1.));
#3326 = VECTOR('',#3327,1.);
#3327 = DIRECTION('',(1.,0.));
#3328 = ( GEOMETRIC_REPRESENTATION_CONTEXT(2) 
PARAMETRIC_REPRESENTATION_CONTEXT() REPRESENTATION_CONTEXT('2D SPACE',''
  ) );
#3329 = ORIENTED_EDGE('',*,*,#3330,.F.);
#3330 = EDGE_CURVE('',#3331,#3298,#3333,.T.);
#3331 = VERTEX_POINT('',#3332);
#3332 = CARTESIAN_POINT('',(-11.,-11.11803398875,5.5));
#3333 = SURFACE_CURVE('',#3334,(#3338,#3344),.PCURVE_S1.);
#3334 = LINE('',#3335,#3336);
#3335 = CARTESIAN_POINT('',(-11.,-13.48606627011,5.5));
#3336 = VECTOR('',#3337,1.);
#3337 = DIRECTION('',(0.,-1.,0.));
#3338 = PCURVE('',#150,#3339);
#3339 = DEFINITIONAL_REPRESENTATION('',(#3340),#3343);
#3340 = B_SPLINE_CURVE_WITH_KNOTS('',1,(#3341,#3342),.UNSPECIFIED.,.F.,
  .F.,(2,2),(-3.98606727011,5.01393472989),.PIECEWISE_BEZIER_KNOTS.);
#3341 = CARTESIAN_POINT('',(11.,-1.027867459781));
#3342 = CARTESIAN_POINT('',(11.,-10.02786945978));
#3343 = ( GEOMETRIC_REPRESENTATION_CONTEXT(2) 
PARAMETRIC_REPRESENTATION_CONTEXT() REPRESENTATION_CONTEXT('2D SPACE',''
  ) );
#3344 = PCURVE('',#3345,#3350);
#3345 = PLANE('',#3346);
#3346 = AXIS2_PLACEMENT_3D('',#3347,#3348,#3349);
#3347 = CARTESIAN_POINT('',(-11.,-18.500001,4.5));
#3348 = DIRECTION('',(1.,0.,-0.));
#3349 = DIRECTION('',(0.,0.,1.));
#3350 = DEFINITIONAL_REPRESENTATION('',(#3351),#3354);
#3351 = B_SPLINE_CURVE_WITH_KNOTS('',1,(#3352,#3353),.UNSPECIFIED.,.F.,
  .F.,(2,2),(-3.98606727011,5.01393472989),.PIECEWISE_BEZIER_KNOTS.);
#3352 = CARTESIAN_POINT('',(1.,-9.000002));
#3353 = CARTESIAN_POINT('',(1.,0.));
#3354 = ( GEOMETRIC_REPRESENTATION_CONTEXT(2) 
PARAMETRIC_REPRESENTATION_CONTEXT() REPRESENTATION_CONTEXT('2D SPACE',''
  ) );
#3355 = ORIENTED_EDGE('',*,*,#3356,.T.);
#3356 = EDGE_CURVE('',#3331,#3357,#3359,.T.);
#3357 = VERTEX_POINT('',#3358);
#3358 = CARTESIAN_POINT('',(-8.5,-10.,5.5));
#3359 = SURFACE_CURVE('',#3360,(#3365,#3376),.PCURVE_S1.);
#3360 = CIRCLE('',#3361,1.5);
#3361 = AXIS2_PLACEMENT_3D('',#3362,#3363,#3364);
#3362 = CARTESIAN_POINT('',(-10.,-10.,5.5));
#3363 = DIRECTION('',(0.,0.,1.));
#3364 = DIRECTION('',(1.,0.,-0.));
#3365 = PCURVE('',#150,#3366);
#3366 = DEFINITIONAL_REPRESENTATION('',(#3367),#3375);
#3367 = ( BOUNDED_CURVE() B_SPLINE_CURVE(2,(#3368,#3369,#3370,#3371,
#3372,#3373,#3374),.UNSPECIFIED.,.T.,.F.) B_SPLINE_CURVE_WITH_KNOTS((1,2
    ,2,2,2,1),(-2.094395102393,0.,2.094395102393,4.188790204786,
6.28318530718,8.377580409573),.UNSPECIFIED.) CURVE() 
GEOMETRIC_REPRESENTATION_ITEM() RATIONAL_B_SPLINE_CURVE((1.,0.5,1.,0.5,
1.,0.5,1.)) REPRESENTATION_ITEM('') );
#3368 = CARTESIAN_POINT('',(8.5,-1.527868459781));
#3369 = CARTESIAN_POINT('',(8.5,1.070207751572));
#3370 = CARTESIAN_POINT('',(10.75,-0.228830354104));
#3371 = CARTESIAN_POINT('',(13.,-1.527868459781));
#3372 = CARTESIAN_POINT('',(10.75,-2.826906565458));
#3373 = CARTESIAN_POINT('',(8.5,-4.125944671134));
#3374 = CARTESIAN_POINT('',(8.5,-1.527868459781));
#3375 = ( GEOMETRIC_REPRESENTATION_CONTEXT(2) 
PARAMETRIC_REPRESENTATION_CONTEXT() REPRESENTATION_CONTEXT('2D SPACE',''
  ) );
#3376 = PCURVE('',#3377,#3382);
#3377 = CYLINDRICAL_SURFACE('',#3378,1.5);
#3378 = AXIS2_PLACEMENT_3D('',#3379,#3380,#3381);
#3379 = CARTESIAN_POINT('',(-10.,-10.,4.5));
#3380 = DIRECTION('',(0.,0.,1.));
#3381 = DIRECTION('',(1.,0.,-0.));
#3382 = DEFINITIONAL_REPRESENTATION('',(#3383),#3387);
#3383 = LINE('',#3384,#3385);
#3384 = CARTESIAN_POINT('',(0.,1.));
#3385 = VECTOR('',#3386,1.);
#3386 = DIRECTION('',(1.,0.));
#3387 = ( GEOMETRIC_REPRESENTATION_CONTEXT(2) 
PARAMETRIC_REPRESENTATION_CONTEXT() REPRESENTATION_CONTEXT('2D SPACE',''
  ) );
#3388 = ORIENTED_EDGE('',*,*,#3389,.T.);
#3389 = EDGE_CURVE('',#3357,#3390,#3392,.T.);
#3390 = VERTEX_POINT('',#3391);
#3391 = CARTESIAN_POINT('',(-11.0541027033,-8.932822652558,5.5));
#3392 = SURFACE_CURVE('',#3393,(#3398,#3409),.PCURVE_S1.);
#3393 = CIRCLE('',#3394,1.5);
#3394 = AXIS2_PLACEMENT_3D('',#3395,#3396,#3397);
#3395 = CARTESIAN_POINT('',(-10.,-10.,5.5));
#3396 = DIRECTION('',(0.,0.,1.));
#3397 = DIRECTION('',(1.,0.,-0.));
#3398 = PCURVE('',#150,#3399);
#3399 = DEFINITIONAL_REPRESENTATION('',(#3400),#3408);
#3400 = ( BOUNDED_CURVE() B_SPLINE_CURVE(2,(#3401,#3402,#3403,#3404,
#3405,#3406,#3407),.UNSPECIFIED.,.T.,.F.) B_SPLINE_CURVE_WITH_KNOTS((1,2
    ,2,2,2,1),(-2.094395102393,0.,2.094395102393,4.188790204786,
6.28318530718,8.377580409573),.UNSPECIFIED.) CURVE() 
GEOMETRIC_REPRESENTATION_ITEM() RATIONAL_B_SPLINE_CURVE((1.,0.5,1.,0.5,
1.,0.5,1.)) REPRESENTATION_ITEM('') );
#3401 = CARTESIAN_POINT('',(8.5,-1.527868459781));
#3402 = CARTESIAN_POINT('',(8.5,1.070207751572));
#3403 = CARTESIAN_POINT('',(10.75,-0.228830354104));
#3404 = CARTESIAN_POINT('',(13.,-1.527868459781));
#3405 = CARTESIAN_POINT('',(10.75,-2.826906565458));
#3406 = CARTESIAN_POINT('',(8.5,-4.125944671134));
#3407 = CARTESIAN_POINT('',(8.5,-1.527868459781));
#3408 = ( GEOMETRIC_REPRESENTATION_CONTEXT(2) 
PARAMETRIC_REPRESENTATION_CONTEXT() REPRESENTATION_CONTEXT('2D SPACE',''
  ) );
#3409 = PCURVE('',#3410,#3415);
#3410 = CYLINDRICAL_SURFACE('',#3411,1.5);
#3411 = AXIS2_PLACEMENT_3D('',#3412,#3413,#3414);
#3412 = CARTESIAN_POINT('',(-10.,-10.,4.5));
#3413 = DIRECTION('',(0.,0.,1.));
#3414 = DIRECTION('',(1.,0.,-0.));
#3415 = DEFINITIONAL_REPRESENTATION('',(#3416),#3420);
#3416 = LINE('',#3417,#3418);
#3417 = CARTESIAN_POINT('',(0.,1.));
#3418 = VECTOR('',#3419,1.);
#3419 = DIRECTION('',(1.,0.));
#3420 = ( GEOMETRIC_REPRESENTATION_CONTEXT(2) 
PARAMETRIC_REPRESENTATION_CONTEXT() REPRESENTATION_CONTEXT('2D SPACE',''
  ) );
#3421 = ORIENTED_EDGE('',*,*,#3422,.T.);
#3422 = EDGE_CURVE('',#3390,#3423,#3425,.T.);
#3423 = VERTEX_POINT('',#3424);
#3424 = CARTESIAN_POINT('',(-13.999999,-6.5,5.5));
#3425 = SURFACE_CURVE('',#3426,(#3431,#3442),.PCURVE_S1.);
#3426 = CIRCLE('',#3427,2.999999);
#3427 = AXIS2_PLACEMENT_3D('',#3428,#3429,#3430);
#3428 = CARTESIAN_POINT('',(-13.999999,-9.499999,5.5));
#3429 = DIRECTION('',(0.,0.,1.));
#3430 = DIRECTION('',(1.,0.,-0.));
#3431 = PCURVE('',#150,#3432);
#3432 = DEFINITIONAL_REPRESENTATION('',(#3433),#3441);
#3433 = ( BOUNDED_CURVE() B_SPLINE_CURVE(2,(#3434,#3435,#3436,#3437,
#3438,#3439,#3440),.UNSPECIFIED.,.T.,.F.) B_SPLINE_CURVE_WITH_KNOTS((1,2
    ,2,2,2,1),(-2.094395102393,0.,2.094395102393,4.188790204786,
6.28318530718,8.377580409573),.UNSPECIFIED.) CURVE() 
GEOMETRIC_REPRESENTATION_ITEM() RATIONAL_B_SPLINE_CURVE((1.,0.5,1.,0.5,
1.,0.5,1.)) REPRESENTATION_ITEM('') );
#3434 = CARTESIAN_POINT('',(11.,-1.027867459781));
#3435 = CARTESIAN_POINT('',(11.,4.168283230875));
#3436 = CARTESIAN_POINT('',(15.4999985,1.570207885547));
#3437 = CARTESIAN_POINT('',(19.999997,-1.027867459781));
#3438 = CARTESIAN_POINT('',(15.4999985,-3.625942805109));
#3439 = CARTESIAN_POINT('',(11.,-6.224018150437));
#3440 = CARTESIAN_POINT('',(11.,-1.027867459781));
#3441 = ( GEOMETRIC_REPRESENTATION_CONTEXT(2) 
PARAMETRIC_REPRESENTATION_CONTEXT() REPRESENTATION_CONTEXT('2D SPACE',''
  ) );
#3442 = PCURVE('',#3443,#3448);
#3443 = CYLINDRICAL_SURFACE('',#3444,2.999999);
#3444 = AXIS2_PLACEMENT_3D('',#3445,#3446,#3447);
#3445 = CARTESIAN_POINT('',(-13.999999,-9.499999,4.5));
#3446 = DIRECTION('',(0.,0.,1.));
#3447 = DIRECTION('',(1.,0.,-0.));
#3448 = DEFINITIONAL_REPRESENTATION('',(#3449),#3453);
#3449 = LINE('',#3450,#3451);
#3450 = CARTESIAN_POINT('',(0.,1.));
#3451 = VECTOR('',#3452,1.);
#3452 = DIRECTION('',(1.,0.));
#3453 = ( GEOMETRIC_REPRESENTATION_CONTEXT(2) 
PARAMETRIC_REPRESENTATION_CONTEXT() REPRESENTATION_CONTEXT('2D SPACE',''
  ) );
#3454 = ORIENTED_EDGE('',*,*,#3455,.F.);
#3455 = EDGE_CURVE('',#3456,#3423,#3458,.T.);
#3456 = VERTEX_POINT('',#3457);
#3457 = CARTESIAN_POINT('',(-14.000001,-6.5,5.5));
#3458 = SURFACE_CURVE('',#3459,(#3463,#3469),.PCURVE_S1.);
#3459 = LINE('',#3460,#3461);
#3460 = CARTESIAN_POINT('',(-7.0000005,-6.5,5.5));
#3461 = VECTOR('',#3462,1.);
#3462 = DIRECTION('',(1.,0.,-0.));
#3463 = PCURVE('',#150,#3464);
#3464 = DEFINITIONAL_REPRESENTATION('',(#3465),#3468);
#3465 = B_SPLINE_CURVE_WITH_KNOTS('',1,(#3466,#3467),.UNSPECIFIED.,.F.,
  .F.,(2,2),(-7.0000005,-6.9999985),.PIECEWISE_BEZIER_KNOTS.);
#3466 = CARTESIAN_POINT('',(14.000001,1.972131540219));
#3467 = CARTESIAN_POINT('',(13.999999,1.972131540219));
#3468 = ( GEOMETRIC_REPRESENTATION_CONTEXT(2) 
PARAMETRIC_REPRESENTATION_CONTEXT() REPRESENTATION_CONTEXT('2D SPACE',''
  ) );
#3469 = PCURVE('',#3470,#3475);
#3470 = PLANE('',#3471);
#3471 = AXIS2_PLACEMENT_3D('',#3472,#3473,#3474);
#3472 = CARTESIAN_POINT('',(-14.000001,-6.5,4.5));
#3473 = DIRECTION('',(-0.,1.,0.));
#3474 = DIRECTION('',(0.,0.,1.));
#3475 = DEFINITIONAL_REPRESENTATION('',(#3476),#3479);
#3476 = B_SPLINE_CURVE_WITH_KNOTS('',1,(#3477,#3478),.UNSPECIFIED.,.F.,
  .F.,(2,2),(-7.0000005,-6.9999985),.PIECEWISE_BEZIER_KNOTS.);
#3477 = CARTESIAN_POINT('',(1.,0.));
#3478 = CARTESIAN_POINT('',(1.,2.00000000028E-06));
#3479 = ( GEOMETRIC_REPRESENTATION_CONTEXT(2) 
PARAMETRIC_REPRESENTATION_CONTEXT() REPRESENTATION_CONTEXT('2D SPACE',''
  ) );
#3480 = ORIENTED_EDGE('',*,*,#3481,.T.);
#3481 = EDGE_CURVE('',#3456,#3482,#3484,.T.);
#3482 = VERTEX_POINT('',#3483);
#3483 = CARTESIAN_POINT('',(-17.,-9.499999,5.5));
#3484 = SURFACE_CURVE('',#3485,(#3490,#3501),.PCURVE_S1.);
#3485 = CIRCLE('',#3486,2.999999);
#3486 = AXIS2_PLACEMENT_3D('',#3487,#3488,#3489);
#3487 = CARTESIAN_POINT('',(-14.000001,-9.499999,5.5));
#3488 = DIRECTION('',(0.,0.,1.));
#3489 = DIRECTION('',(1.,0.,-0.));
#3490 = PCURVE('',#150,#3491);
#3491 = DEFINITIONAL_REPRESENTATION('',(#3492),#3500);
#3492 = ( BOUNDED_CURVE() B_SPLINE_CURVE(2,(#3493,#3494,#3495,#3496,
#3497,#3498,#3499),.UNSPECIFIED.,.T.,.F.) B_SPLINE_CURVE_WITH_KNOTS((1,2
    ,2,2,2,1),(-2.094395102393,0.,2.094395102393,4.188790204786,
6.28318530718,8.377580409573),.UNSPECIFIED.) CURVE() 
GEOMETRIC_REPRESENTATION_ITEM() RATIONAL_B_SPLINE_CURVE((1.,0.5,1.,0.5,
1.,0.5,1.)) REPRESENTATION_ITEM('') );
#3493 = CARTESIAN_POINT('',(11.000002,-1.027867459781));
#3494 = CARTESIAN_POINT('',(11.000002,4.168283230875));
#3495 = CARTESIAN_POINT('',(15.5000005,1.570207885547));
#3496 = CARTESIAN_POINT('',(19.999999,-1.027867459781));
#3497 = CARTESIAN_POINT('',(15.5000005,-3.625942805109));
#3498 = CARTESIAN_POINT('',(11.000002,-6.224018150437));
#3499 = CARTESIAN_POINT('',(11.000002,-1.027867459781));
#3500 = ( GEOMETRIC_REPRESENTATION_CONTEXT(2) 
PARAMETRIC_REPRESENTATION_CONTEXT() REPRESENTATION_CONTEXT('2D SPACE',''
  ) );
#3501 = PCURVE('',#3502,#3507);
#3502 = CYLINDRICAL_SURFACE('',#3503,2.999999);
#3503 = AXIS2_PLACEMENT_3D('',#3504,#3505,#3506);
#3504 = CARTESIAN_POINT('',(-14.000001,-9.499999,4.5));
#3505 = DIRECTION('',(0.,0.,1.));
#3506 = DIRECTION('',(1.,0.,-0.));
#3507 = DEFINITIONAL_REPRESENTATION('',(#3508),#3512);
#3508 = LINE('',#3509,#3510);
#3509 = CARTESIAN_POINT('',(0.,1.));
#3510 = VECTOR('',#3511,1.);
#3511 = DIRECTION('',(1.,0.));
#3512 = ( GEOMETRIC_REPRESENTATION_CONTEXT(2) 
PARAMETRIC_REPRESENTATION_CONTEXT() REPRESENTATION_CONTEXT('2D SPACE',''
  ) );
#3513 = ORIENTED_EDGE('',*,*,#3514,.T.);
#3514 = EDGE_CURVE('',#3482,#3178,#3515,.T.);
#3515 = SURFACE_CURVE('',#3516,(#3520,#3526),.PCURVE_S1.);
#3516 = LINE('',#3517,#3518);
#3517 = CARTESIAN_POINT('',(-17.,-13.48606627011,5.5));
#3518 = VECTOR('',#3519,1.);
#3519 = DIRECTION('',(0.,-1.,0.));
#3520 = PCURVE('',#150,#3521);
#3521 = DEFINITIONAL_REPRESENTATION('',(#3522),#3525);
#3522 = B_SPLINE_CURVE_WITH_KNOTS('',1,(#3523,#3524),.UNSPECIFIED.,.F.,
  .F.,(2,2),(-3.98606727011,5.01393472989),.PIECEWISE_BEZIER_KNOTS.);
#3523 = CARTESIAN_POINT('',(17.,-1.027867459781));
#3524 = CARTESIAN_POINT('',(17.,-10.02786945978));
#3525 = ( GEOMETRIC_REPRESENTATION_CONTEXT(2) 
PARAMETRIC_REPRESENTATION_CONTEXT() REPRESENTATION_CONTEXT('2D SPACE',''
  ) );
#3526 = PCURVE('',#3527,#3532);
#3527 = PLANE('',#3528);
#3528 = AXIS2_PLACEMENT_3D('',#3529,#3530,#3531);
#3529 = CARTESIAN_POINT('',(-17.,-18.500001,4.5));
#3530 = DIRECTION('',(1.,0.,-0.));
#3531 = DIRECTION('',(0.,0.,1.));
#3532 = DEFINITIONAL_REPRESENTATION('',(#3533),#3536);
#3533 = B_SPLINE_CURVE_WITH_KNOTS('',1,(#3534,#3535),.UNSPECIFIED.,.F.,
  .F.,(2,2),(-3.98606727011,5.01393472989),.PIECEWISE_BEZIER_KNOTS.);
#3534 = CARTESIAN_POINT('',(1.,-9.000002));
#3535 = CARTESIAN_POINT('',(1.,0.));
#3536 = ( GEOMETRIC_REPRESENTATION_CONTEXT(2) 
PARAMETRIC_REPRESENTATION_CONTEXT() REPRESENTATION_CONTEXT('2D SPACE',''
  ) );
#3537 = FACE_BOUND('',#3538,.T.);
#3538 = EDGE_LOOP('',(#3539));
#3539 = ORIENTED_EDGE('',*,*,#3540,.T.);
#3540 = EDGE_CURVE('',#3541,#3541,#3543,.T.);
#3541 = VERTEX_POINT('',#3542);
#3542 = CARTESIAN_POINT('',(-19.33333333333,-13.81926995981,5.5));
#3543 = SURFACE_CURVE('',#3544,(#3549,#3560),.PCURVE_S1.);
#3544 = CIRCLE('',#3545,1.5);
#3545 = AXIS2_PLACEMENT_3D('',#3546,#3547,#3548);
#3546 = CARTESIAN_POINT('',(-20.83333333333,-13.81926995981,5.5));
#3547 = DIRECTION('',(0.,0.,1.));
#3548 = DIRECTION('',(1.,0.,-0.));
#3549 = PCURVE('',#150,#3550);
#3550 = DEFINITIONAL_REPRESENTATION('',(#3551),#3559);
#3551 = ( BOUNDED_CURVE() B_SPLINE_CURVE(2,(#3552,#3553,#3554,#3555,
#3556,#3557,#3558),.UNSPECIFIED.,.T.,.F.) B_SPLINE_CURVE_WITH_KNOTS((1,2
    ,2,2,2,1),(-2.094395102393,0.,2.094395102393,4.188790204786,
6.28318530718,8.377580409573),.UNSPECIFIED.) CURVE() 
GEOMETRIC_REPRESENTATION_ITEM() RATIONAL_B_SPLINE_CURVE((1.,0.5,1.,0.5,
1.,0.5,1.)) REPRESENTATION_ITEM('') );
#3552 = CARTESIAN_POINT('',(19.333333333333,-5.347138419595));
#3553 = CARTESIAN_POINT('',(19.333333333333,-2.749062208242));
#3554 = CARTESIAN_POINT('',(21.583333333333,-4.048100313918));
#3555 = CARTESIAN_POINT('',(23.833333333333,-5.347138419595));
#3556 = CARTESIAN_POINT('',(21.583333333333,-6.646176525272));
#3557 = CARTESIAN_POINT('',(19.333333333333,-7.945214630948));
#3558 = CARTESIAN_POINT('',(19.333333333333,-5.347138419595));
#3559 = ( GEOMETRIC_REPRESENTATION_CONTEXT(2) 
PARAMETRIC_REPRESENTATION_CONTEXT() REPRESENTATION_CONTEXT('2D SPACE',''
  ) );
#3560 = PCURVE('',#3561,#3566);
#3561 = CYLINDRICAL_SURFACE('',#3562,1.5);
#3562 = AXIS2_PLACEMENT_3D('',#3563,#3564,#3565);
#3563 = CARTESIAN_POINT('',(-20.83333333333,-13.81926995981,4.5));
#3564 = DIRECTION('',(0.,0.,1.));
#3565 = DIRECTION('',(1.,0.,-0.));
#3566 = DEFINITIONAL_REPRESENTATION('',(#3567),#3571);
#3567 = LINE('',#3568,#3569);
#3568 = CARTESIAN_POINT('',(0.,1.));
#3569 = VECTOR('',#3570,1.);
#3570 = DIRECTION('',(1.,0.));
#3571 = ( GEOMETRIC_REPRESENTATION_CONTEXT(2) 
PARAMETRIC_REPRESENTATION_CONTEXT() REPRESENTATION_CONTEXT('2D SPACE',''
  ) );
#3572 = FACE_BOUND('',#3573,.T.);
#3573 = EDGE_LOOP('',(#3574));
#3574 = ORIENTED_EDGE('',*,*,#3575,.T.);
#3575 = EDGE_CURVE('',#3576,#3576,#3578,.T.);
#3576 = VERTEX_POINT('',#3577);
#3577 = CARTESIAN_POINT('',(22.333333333333,13.819269959814,5.5));
#3578 = SURFACE_CURVE('',#3579,(#3584,#3595),.PCURVE_S1.);
#3579 = CIRCLE('',#3580,1.5);
#3580 = AXIS2_PLACEMENT_3D('',#3581,#3582,#3583);
#3581 = CARTESIAN_POINT('',(20.833333333333,13.819269959814,5.5));
#3582 = DIRECTION('',(0.,0.,1.));
#3583 = DIRECTION('',(1.,0.,-0.));
#3584 = PCURVE('',#150,#3585);
#3585 = DEFINITIONAL_REPRESENTATION('',(#3586),#3594);
#3586 = ( BOUNDED_CURVE() B_SPLINE_CURVE(2,(#3587,#3588,#3589,#3590,
#3591,#3592,#3593),.UNSPECIFIED.,.T.,.F.) B_SPLINE_CURVE_WITH_KNOTS((1,2
    ,2,2,2,1),(-2.094395102393,0.,2.094395102393,4.188790204786,
6.28318530718,8.377580409573),.UNSPECIFIED.) CURVE() 
GEOMETRIC_REPRESENTATION_ITEM() RATIONAL_B_SPLINE_CURVE((1.,0.5,1.,0.5,
1.,0.5,1.)) REPRESENTATION_ITEM('') );
#3587 = CARTESIAN_POINT('',(-22.33333333333,22.291401500033));
#3588 = CARTESIAN_POINT('',(-22.33333333333,24.889477711387));
#3589 = CARTESIAN_POINT('',(-20.08333333333,23.59043960571));
#3590 = CARTESIAN_POINT('',(-17.83333333333,22.291401500033));
#3591 = CARTESIAN_POINT('',(-20.08333333333,20.992363394357));
#3592 = CARTESIAN_POINT('',(-22.33333333333,19.69332528868));
#3593 = CARTESIAN_POINT('',(-22.33333333333,22.291401500033));
#3594 = ( GEOMETRIC_REPRESENTATION_CONTEXT(2) 
PARAMETRIC_REPRESENTATION_CONTEXT() REPRESENTATION_CONTEXT('2D SPACE',''
  ) );
#3595 = PCURVE('',#3596,#3601);
#3596 = CYLINDRICAL_SURFACE('',#3597,1.5);
#3597 = AXIS2_PLACEMENT_3D('',#3598,#3599,#3600);
#3598 = CARTESIAN_POINT('',(20.833333333333,13.819269959814,4.5));
#3599 = DIRECTION('',(0.,0.,1.));
#3600 = DIRECTION('',(1.,0.,-0.));
#3601 = DEFINITIONAL_REPRESENTATION('',(#3602),#3606);
#3602 = LINE('',#3603,#3604);
#3603 = CARTESIAN_POINT('',(0.,1.));
#3604 = VECTOR('',#3605,1.);
#3605 = DIRECTION('',(1.,0.));
#3606 = ( GEOMETRIC_REPRESENTATION_CONTEXT(2) 
PARAMETRIC_REPRESENTATION_CONTEXT() REPRESENTATION_CONTEXT('2D SPACE',''
  ) );
#3607 = FACE_BOUND('',#3608,.T.);
#3608 = EDGE_LOOP('',(#3609,#3644,#3670,#3703,#3736,#3762,#3795,#3821,
    #3854,#3887,#3913,#3946));
#3609 = ORIENTED_EDGE('',*,*,#3610,.T.);
#3610 = EDGE_CURVE('',#3611,#3613,#3615,.T.);
#3611 = VERTEX_POINT('',#3612);
#3612 = CARTESIAN_POINT('',(13.999999,21.5,5.5));
#3613 = VERTEX_POINT('',#3614);
#3614 = CARTESIAN_POINT('',(11.,18.500001,5.5));
#3615 = SURFACE_CURVE('',#3616,(#3621,#3632),.PCURVE_S1.);
#3616 = CIRCLE('',#3617,2.999999);
#3617 = AXIS2_PLACEMENT_3D('',#3618,#3619,#3620);
#3618 = CARTESIAN_POINT('',(13.999999,18.500001,5.5));
#3619 = DIRECTION('',(0.,0.,1.));
#3620 = DIRECTION('',(1.,0.,-0.));
#3621 = PCURVE('',#150,#3622);
#3622 = DEFINITIONAL_REPRESENTATION('',(#3623),#3631);
#3623 = ( BOUNDED_CURVE() B_SPLINE_CURVE(2,(#3624,#3625,#3626,#3627,
#3628,#3629,#3630),.UNSPECIFIED.,.T.,.F.) B_SPLINE_CURVE_WITH_KNOTS((1,2
    ,2,2,2,1),(-2.094395102393,0.,2.094395102393,4.188790204786,
6.28318530718,8.377580409573),.UNSPECIFIED.) CURVE() 
GEOMETRIC_REPRESENTATION_ITEM() RATIONAL_B_SPLINE_CURVE((1.,0.5,1.,0.5,
1.,0.5,1.)) REPRESENTATION_ITEM('') );
#3624 = CARTESIAN_POINT('',(-16.999998,26.972132540219));
#3625 = CARTESIAN_POINT('',(-16.999998,32.168283230875));
#3626 = CARTESIAN_POINT('',(-12.4999995,29.570207885547));
#3627 = CARTESIAN_POINT('',(-8.000001,26.972132540219));
#3628 = CARTESIAN_POINT('',(-12.4999995,24.374057194891));
#3629 = CARTESIAN_POINT('',(-16.999998,21.775981849563));
#3630 = CARTESIAN_POINT('',(-16.999998,26.972132540219));
#3631 = ( GEOMETRIC_REPRESENTATION_CONTEXT(2) 
PARAMETRIC_REPRESENTATION_CONTEXT() REPRESENTATION_CONTEXT('2D SPACE',''
  ) );
#3632 = PCURVE('',#3633,#3638);
#3633 = CYLINDRICAL_SURFACE('',#3634,2.999999);
#3634 = AXIS2_PLACEMENT_3D('',#3635,#3636,#3637);
#3635 = CARTESIAN_POINT('',(13.999999,18.500001,4.5));
#3636 = DIRECTION('',(0.,0.,1.));
#3637 = DIRECTION('',(1.,0.,-0.));
#3638 = DEFINITIONAL_REPRESENTATION('',(#3639),#3643);
#3639 = LINE('',#3640,#3641);
#3640 = CARTESIAN_POINT('',(0.,1.));
#3641 = VECTOR('',#3642,1.);
#3642 = DIRECTION('',(1.,0.));
#3643 = ( GEOMETRIC_REPRESENTATION_CONTEXT(2) 
PARAMETRIC_REPRESENTATION_CONTEXT() REPRESENTATION_CONTEXT('2D SPACE',''
  ) );
#3644 = ORIENTED_EDGE('',*,*,#3645,.T.);
#3645 = EDGE_CURVE('',#3613,#3646,#3648,.T.);
#3646 = VERTEX_POINT('',#3647);
#3647 = CARTESIAN_POINT('',(11.,11.11803398875,5.5));
#3648 = SURFACE_CURVE('',#3649,(#3653,#3659),.PCURVE_S1.);
#3649 = LINE('',#3650,#3651);
#3650 = CARTESIAN_POINT('',(11.,0.51393372989,5.5));
#3651 = VECTOR('',#3652,1.);
#3652 = DIRECTION('',(0.,-1.,0.));
#3653 = PCURVE('',#150,#3654);
#3654 = DEFINITIONAL_REPRESENTATION('',(#3655),#3658);
#3655 = B_SPLINE_CURVE_WITH_KNOTS('',1,(#3656,#3657),.UNSPECIFIED.,.F.,
  .F.,(2,2),(-17.98606727011,-8.98606527011),.PIECEWISE_BEZIER_KNOTS.);
#3656 = CARTESIAN_POINT('',(-11.,26.972132540219));
#3657 = CARTESIAN_POINT('',(-11.,17.972130540219));
#3658 = ( GEOMETRIC_REPRESENTATION_CONTEXT(2) 
PARAMETRIC_REPRESENTATION_CONTEXT() REPRESENTATION_CONTEXT('2D SPACE',''
  ) );
#3659 = PCURVE('',#3660,#3665);
#3660 = PLANE('',#3661);
#3661 = AXIS2_PLACEMENT_3D('',#3662,#3663,#3664);
#3662 = CARTESIAN_POINT('',(11.,9.499999,4.5));
#3663 = DIRECTION('',(1.,0.,-0.));
#3664 = DIRECTION('',(0.,0.,1.));
#3665 = DEFINITIONAL_REPRESENTATION('',(#3666),#3669);
#3666 = B_SPLINE_CURVE_WITH_KNOTS('',1,(#3667,#3668),.UNSPECIFIED.,.F.,
  .F.,(2,2),(-17.98606727011,-8.98606527011),.PIECEWISE_BEZIER_KNOTS.);
#3667 = CARTESIAN_POINT('',(1.,-9.000002));
#3668 = CARTESIAN_POINT('',(1.,0.));
#3669 = ( GEOMETRIC_REPRESENTATION_CONTEXT(2) 
PARAMETRIC_REPRESENTATION_CONTEXT() REPRESENTATION_CONTEXT('2D SPACE',''
  ) );
#3670 = ORIENTED_EDGE('',*,*,#3671,.T.);
#3671 = EDGE_CURVE('',#3646,#3672,#3674,.T.);
#3672 = VERTEX_POINT('',#3673);
#3673 = CARTESIAN_POINT('',(11.054102703301,8.932822652558,5.5));
#3674 = SURFACE_CURVE('',#3675,(#3680,#3691),.PCURVE_S1.);
#3675 = CIRCLE('',#3676,1.5);
#3676 = AXIS2_PLACEMENT_3D('',#3677,#3678,#3679);
#3677 = CARTESIAN_POINT('',(10.,10.,5.5));
#3678 = DIRECTION('',(0.,0.,1.));
#3679 = DIRECTION('',(1.,0.,-0.));
#3680 = PCURVE('',#150,#3681);
#3681 = DEFINITIONAL_REPRESENTATION('',(#3682),#3690);
#3682 = ( BOUNDED_CURVE() B_SPLINE_CURVE(2,(#3683,#3684,#3685,#3686,
#3687,#3688,#3689),.UNSPECIFIED.,.T.,.F.) B_SPLINE_CURVE_WITH_KNOTS((1,2
    ,2,2,2,1),(-2.094395102393,0.,2.094395102393,4.188790204786,
6.28318530718,8.377580409573),.UNSPECIFIED.) CURVE() 
GEOMETRIC_REPRESENTATION_ITEM() RATIONAL_B_SPLINE_CURVE((1.,0.5,1.,0.5,
1.,0.5,1.)) REPRESENTATION_ITEM('') );
#3683 = CARTESIAN_POINT('',(-11.5,18.472131540219));
#3684 = CARTESIAN_POINT('',(-11.5,21.070207751572));
#3685 = CARTESIAN_POINT('',(-9.25,19.771169645896));
#3686 = CARTESIAN_POINT('',(-7.,18.472131540219));
#3687 = CARTESIAN_POINT('',(-9.25,17.173093434542));
#3688 = CARTESIAN_POINT('',(-11.5,15.874055328866));
#3689 = CARTESIAN_POINT('',(-11.5,18.472131540219));
#3690 = ( GEOMETRIC_REPRESENTATION_CONTEXT(2) 
PARAMETRIC_REPRESENTATION_CONTEXT() REPRESENTATION_CONTEXT('2D SPACE',''
  ) );
#3691 = PCURVE('',#3692,#3697);
#3692 = CYLINDRICAL_SURFACE('',#3693,1.5);
#3693 = AXIS2_PLACEMENT_3D('',#3694,#3695,#3696);
#3694 = CARTESIAN_POINT('',(10.,10.,4.5));
#3695 = DIRECTION('',(0.,0.,1.));
#3696 = DIRECTION('',(1.,0.,-0.));
#3697 = DEFINITIONAL_REPRESENTATION('',(#3698),#3702);
#3698 = LINE('',#3699,#3700);
#3699 = CARTESIAN_POINT('',(0.,1.));
#3700 = VECTOR('',#3701,1.);
#3701 = DIRECTION('',(1.,0.));
#3702 = ( GEOMETRIC_REPRESENTATION_CONTEXT(2) 
PARAMETRIC_REPRESENTATION_CONTEXT() REPRESENTATION_CONTEXT('2D SPACE',''
  ) );
#3703 = ORIENTED_EDGE('',*,*,#3704,.T.);
#3704 = EDGE_CURVE('',#3672,#3705,#3707,.T.);
#3705 = VERTEX_POINT('',#3706);
#3706 = CARTESIAN_POINT('',(13.999999,6.5,5.5));
#3707 = SURFACE_CURVE('',#3708,(#3713,#3724),.PCURVE_S1.);
#3708 = CIRCLE('',#3709,2.999999);
#3709 = AXIS2_PLACEMENT_3D('',#3710,#3711,#3712);
#3710 = CARTESIAN_POINT('',(13.999999,9.499999,5.5));
#3711 = DIRECTION('',(0.,0.,1.));
#3712 = DIRECTION('',(1.,0.,-0.));
#3713 = PCURVE('',#150,#3714);
#3714 = DEFINITIONAL_REPRESENTATION('',(#3715),#3723);
#3715 = ( BOUNDED_CURVE() B_SPLINE_CURVE(2,(#3716,#3717,#3718,#3719,
#3720,#3721,#3722),.UNSPECIFIED.,.T.,.F.) B_SPLINE_CURVE_WITH_KNOTS((1,2
    ,2,2,2,1),(-2.094395102393,0.,2.094395102393,4.188790204786,
6.28318530718,8.377580409573),.UNSPECIFIED.) CURVE() 
GEOMETRIC_REPRESENTATION_ITEM() RATIONAL_B_SPLINE_CURVE((1.,0.5,1.,0.5,
1.,0.5,1.)) REPRESENTATION_ITEM('') );
#3716 = CARTESIAN_POINT('',(-16.999998,17.972130540219));
#3717 = CARTESIAN_POINT('',(-16.999998,23.168281230875));
#3718 = CARTESIAN_POINT('',(-12.4999995,20.570205885547));
#3719 = CARTESIAN_POINT('',(-8.000001,17.972130540219));
#3720 = CARTESIAN_POINT('',(-12.4999995,15.374055194891));
#3721 = CARTESIAN_POINT('',(-16.999998,12.775979849563));
#3722 = CARTESIAN_POINT('',(-16.999998,17.972130540219));
#3723 = ( GEOMETRIC_REPRESENTATION_CONTEXT(2) 
PARAMETRIC_REPRESENTATION_CONTEXT() REPRESENTATION_CONTEXT('2D SPACE',''
  ) );
#3724 = PCURVE('',#3725,#3730);
#3725 = CYLINDRICAL_SURFACE('',#3726,2.999999);
#3726 = AXIS2_PLACEMENT_3D('',#3727,#3728,#3729);
#3727 = CARTESIAN_POINT('',(13.999999,9.499999,4.5));
#3728 = DIRECTION('',(0.,0.,1.));
#3729 = DIRECTION('',(1.,0.,-0.));
#3730 = DEFINITIONAL_REPRESENTATION('',(#3731),#3735);
#3731 = LINE('',#3732,#3733);
#3732 = CARTESIAN_POINT('',(0.,1.));
#3733 = VECTOR('',#3734,1.);
#3734 = DIRECTION('',(1.,0.));
#3735 = ( GEOMETRIC_REPRESENTATION_CONTEXT(2) 
PARAMETRIC_REPRESENTATION_CONTEXT() REPRESENTATION_CONTEXT('2D SPACE',''
  ) );
#3736 = ORIENTED_EDGE('',*,*,#3737,.T.);
#3737 = EDGE_CURVE('',#3705,#3738,#3740,.T.);
#3738 = VERTEX_POINT('',#3739);
#3739 = CARTESIAN_POINT('',(14.000001,6.5,5.5));
#3740 = SURFACE_CURVE('',#3741,(#3745,#3751),.PCURVE_S1.);
#3741 = LINE('',#3742,#3743);
#3742 = CARTESIAN_POINT('',(6.9999995,6.5,5.5));
#3743 = VECTOR('',#3744,1.);
#3744 = DIRECTION('',(1.,0.,-0.));
#3745 = PCURVE('',#150,#3746);
#3746 = DEFINITIONAL_REPRESENTATION('',(#3747),#3750);
#3747 = B_SPLINE_CURVE_WITH_KNOTS('',1,(#3748,#3749),.UNSPECIFIED.,.F.,
  .F.,(2,2),(6.9999995,7.0000015),.PIECEWISE_BEZIER_KNOTS.);
#3748 = CARTESIAN_POINT('',(-13.999999,14.972131540219));
#3749 = CARTESIAN_POINT('',(-14.000001,14.972131540219));
#3750 = ( GEOMETRIC_REPRESENTATION_CONTEXT(2) 
PARAMETRIC_REPRESENTATION_CONTEXT() REPRESENTATION_CONTEXT('2D SPACE',''
  ) );
#3751 = PCURVE('',#3752,#3757);
#3752 = PLANE('',#3753);
#3753 = AXIS2_PLACEMENT_3D('',#3754,#3755,#3756);
#3754 = CARTESIAN_POINT('',(13.999999,6.5,4.5));
#3755 = DIRECTION('',(-0.,1.,0.));
#3756 = DIRECTION('',(0.,0.,1.));
#3757 = DEFINITIONAL_REPRESENTATION('',(#3758),#3761);
#3758 = B_SPLINE_CURVE_WITH_KNOTS('',1,(#3759,#3760),.UNSPECIFIED.,.F.,
  .F.,(2,2),(6.9999995,7.0000015),.PIECEWISE_BEZIER_KNOTS.);
#3759 = CARTESIAN_POINT('',(1.,0.));
#3760 = CARTESIAN_POINT('',(1.,2.00000000028E-06));
#3761 = ( GEOMETRIC_REPRESENTATION_CONTEXT(2) 
PARAMETRIC_REPRESENTATION_CONTEXT() REPRESENTATION_CONTEXT('2D SPACE',''
  ) );
#3762 = ORIENTED_EDGE('',*,*,#3763,.T.);
#3763 = EDGE_CURVE('',#3738,#3764,#3766,.T.);
#3764 = VERTEX_POINT('',#3765);
#3765 = CARTESIAN_POINT('',(17.,9.499999,5.5));
#3766 = SURFACE_CURVE('',#3767,(#3772,#3783),.PCURVE_S1.);
#3767 = CIRCLE('',#3768,2.999999);
#3768 = AXIS2_PLACEMENT_3D('',#3769,#3770,#3771);
#3769 = CARTESIAN_POINT('',(14.000001,9.499999,5.5));
#3770 = DIRECTION('',(0.,0.,1.));
#3771 = DIRECTION('',(1.,0.,-0.));
#3772 = PCURVE('',#150,#3773);
#3773 = DEFINITIONAL_REPRESENTATION('',(#3774),#3782);
#3774 = ( BOUNDED_CURVE() B_SPLINE_CURVE(2,(#3775,#3776,#3777,#3778,
#3779,#3780,#3781),.UNSPECIFIED.,.T.,.F.) B_SPLINE_CURVE_WITH_KNOTS((1,2
    ,2,2,2,1),(-2.094395102393,0.,2.094395102393,4.188790204786,
6.28318530718,8.377580409573),.UNSPECIFIED.) CURVE() 
GEOMETRIC_REPRESENTATION_ITEM() RATIONAL_B_SPLINE_CURVE((1.,0.5,1.,0.5,
1.,0.5,1.)) REPRESENTATION_ITEM('') );
#3775 = CARTESIAN_POINT('',(-17.,17.972130540219));
#3776 = CARTESIAN_POINT('',(-17.,23.168281230875));
#3777 = CARTESIAN_POINT('',(-12.5000015,20.570205885547));
#3778 = CARTESIAN_POINT('',(-8.000003,17.972130540219));
#3779 = CARTESIAN_POINT('',(-12.5000015,15.374055194891));
#3780 = CARTESIAN_POINT('',(-17.,12.775979849563));
#3781 = CARTESIAN_POINT('',(-17.,17.972130540219));
#3782 = ( GEOMETRIC_REPRESENTATION_CONTEXT(2) 
PARAMETRIC_REPRESENTATION_CONTEXT() REPRESENTATION_CONTEXT('2D SPACE',''
  ) );
#3783 = PCURVE('',#3784,#3789);
#3784 = CYLINDRICAL_SURFACE('',#3785,2.999999);
#3785 = AXIS2_PLACEMENT_3D('',#3786,#3787,#3788);
#3786 = CARTESIAN_POINT('',(14.000001,9.499999,4.5));
#3787 = DIRECTION('',(0.,0.,1.));
#3788 = DIRECTION('',(1.,0.,-0.));
#3789 = DEFINITIONAL_REPRESENTATION('',(#3790),#3794);
#3790 = LINE('',#3791,#3792);
#3791 = CARTESIAN_POINT('',(0.,1.));
#3792 = VECTOR('',#3793,1.);
#3793 = DIRECTION('',(1.,0.));
#3794 = ( GEOMETRIC_REPRESENTATION_CONTEXT(2) 
PARAMETRIC_REPRESENTATION_CONTEXT() REPRESENTATION_CONTEXT('2D SPACE',''
  ) );
#3795 = ORIENTED_EDGE('',*,*,#3796,.F.);
#3796 = EDGE_CURVE('',#3797,#3764,#3799,.T.);
#3797 = VERTEX_POINT('',#3798);
#3798 = CARTESIAN_POINT('',(17.,9.559836127877,5.5));
#3799 = SURFACE_CURVE('',#3800,(#3804,#3810),.PCURVE_S1.);
#3800 = LINE('',#3801,#3802);
#3801 = CARTESIAN_POINT('',(17.,0.51393372989,5.5));
#3802 = VECTOR('',#3803,1.);
#3803 = DIRECTION('',(0.,-1.,0.));
#3804 = PCURVE('',#150,#3805);
#3805 = DEFINITIONAL_REPRESENTATION('',(#3806),#3809);
#3806 = B_SPLINE_CURVE_WITH_KNOTS('',1,(#3807,#3808),.UNSPECIFIED.,.F.,
  .F.,(2,2),(-17.98606727011,-8.98606527011),.PIECEWISE_BEZIER_KNOTS.);
#3807 = CARTESIAN_POINT('',(-17.,26.972132540219));
#3808 = CARTESIAN_POINT('',(-17.,17.972130540219));
#3809 = ( GEOMETRIC_REPRESENTATION_CONTEXT(2) 
PARAMETRIC_REPRESENTATION_CONTEXT() REPRESENTATION_CONTEXT('2D SPACE',''
  ) );
#3810 = PCURVE('',#3811,#3816);
#3811 = PLANE('',#3812);
#3812 = AXIS2_PLACEMENT_3D('',#3813,#3814,#3815);
#3813 = CARTESIAN_POINT('',(17.,9.499999,4.5));
#3814 = DIRECTION('',(1.,0.,-0.));
#3815 = DIRECTION('',(0.,0.,1.));
#3816 = DEFINITIONAL_REPRESENTATION('',(#3817),#3820);
#3817 = B_SPLINE_CURVE_WITH_KNOTS('',1,(#3818,#3819),.UNSPECIFIED.,.F.,
  .F.,(2,2),(-17.98606727011,-8.98606527011),.PIECEWISE_BEZIER_KNOTS.);
#3818 = CARTESIAN_POINT('',(1.,-9.000002));
#3819 = CARTESIAN_POINT('',(1.,0.));
#3820 = ( GEOMETRIC_REPRESENTATION_CONTEXT(2) 
PARAMETRIC_REPRESENTATION_CONTEXT() REPRESENTATION_CONTEXT('2D SPACE',''
  ) );
#3821 = ORIENTED_EDGE('',*,*,#3822,.T.);
#3822 = EDGE_CURVE('',#3797,#3823,#3825,.T.);
#3823 = VERTEX_POINT('',#3824);
#3824 = CARTESIAN_POINT('',(17.333333333333,10.502645169459,5.5));
#3825 = SURFACE_CURVE('',#3826,(#3831,#3842),.PCURVE_S1.);
#3826 = CIRCLE('',#3827,1.5);
#3827 = AXIS2_PLACEMENT_3D('',#3828,#3829,#3830);
#3828 = CARTESIAN_POINT('',(15.833333333333,10.502645169459,5.5));
#3829 = DIRECTION('',(0.,0.,1.));
#3830 = DIRECTION('',(1.,0.,-0.));
#3831 = PCURVE('',#150,#3832);
#3832 = DEFINITIONAL_REPRESENTATION('',(#3833),#3841);
#3833 = ( BOUNDED_CURVE() B_SPLINE_CURVE(2,(#3834,#3835,#3836,#3837,
#3838,#3839,#3840),.UNSPECIFIED.,.T.,.F.) B_SPLINE_CURVE_WITH_KNOTS((1,2
    ,2,2,2,1),(-2.094395102393,0.,2.094395102393,4.188790204786,
6.28318530718,8.377580409573),.UNSPECIFIED.) CURVE() 
GEOMETRIC_REPRESENTATION_ITEM() RATIONAL_B_SPLINE_CURVE((1.,0.5,1.,0.5,
1.,0.5,1.)) REPRESENTATION_ITEM('') );
#3834 = CARTESIAN_POINT('',(-17.33333333333,18.974776709678));
#3835 = CARTESIAN_POINT('',(-17.33333333333,21.572852921031));
#3836 = CARTESIAN_POINT('',(-15.08333333333,20.273814815355));
#3837 = CARTESIAN_POINT('',(-12.83333333333,18.974776709678));
#3838 = CARTESIAN_POINT('',(-15.08333333333,17.675738604001));
#3839 = CARTESIAN_POINT('',(-17.33333333333,16.376700498325));
#3840 = CARTESIAN_POINT('',(-17.33333333333,18.974776709678));
#3841 = ( GEOMETRIC_REPRESENTATION_CONTEXT(2) 
PARAMETRIC_REPRESENTATION_CONTEXT() REPRESENTATION_CONTEXT('2D SPACE',''
  ) );
#3842 = PCURVE('',#3843,#3848);
#3843 = CYLINDRICAL_SURFACE('',#3844,1.5);
#3844 = AXIS2_PLACEMENT_3D('',#3845,#3846,#3847);
#3845 = CARTESIAN_POINT('',(15.833333333333,10.502645169459,4.5));
#3846 = DIRECTION('',(0.,0.,1.));
#3847 = DIRECTION('',(1.,0.,-0.));
#3848 = DEFINITIONAL_REPRESENTATION('',(#3849),#3853);
#3849 = LINE('',#3850,#3851);
#3850 = CARTESIAN_POINT('',(0.,1.));
#3851 = VECTOR('',#3852,1.);
#3852 = DIRECTION('',(1.,0.));
#3853 = ( GEOMETRIC_REPRESENTATION_CONTEXT(2) 
PARAMETRIC_REPRESENTATION_CONTEXT() REPRESENTATION_CONTEXT('2D SPACE',''
  ) );
#3854 = ORIENTED_EDGE('',*,*,#3855,.T.);
#3855 = EDGE_CURVE('',#3823,#3856,#3858,.T.);
#3856 = VERTEX_POINT('',#3857);
#3857 = CARTESIAN_POINT('',(17.,11.445454211041,5.5));
#3858 = SURFACE_CURVE('',#3859,(#3864,#3875),.PCURVE_S1.);
#3859 = CIRCLE('',#3860,1.5);
#3860 = AXIS2_PLACEMENT_3D('',#3861,#3862,#3863);
#3861 = CARTESIAN_POINT('',(15.833333333333,10.502645169459,5.5));
#3862 = DIRECTION('',(0.,0.,1.));
#3863 = DIRECTION('',(1.,0.,-0.));
#3864 = PCURVE('',#150,#3865);
#3865 = DEFINITIONAL_REPRESENTATION('',(#3866),#3874);
#3866 = ( BOUNDED_CURVE() B_SPLINE_CURVE(2,(#3867,#3868,#3869,#3870,
#3871,#3872,#3873),.UNSPECIFIED.,.T.,.F.) B_SPLINE_CURVE_WITH_KNOTS((1,2
    ,2,2,2,1),(-2.094395102393,0.,2.094395102393,4.188790204786,
6.28318530718,8.377580409573),.UNSPECIFIED.) CURVE() 
GEOMETRIC_REPRESENTATION_ITEM() RATIONAL_B_SPLINE_CURVE((1.,0.5,1.,0.5,
1.,0.5,1.)) REPRESENTATION_ITEM('') );
#3867 = CARTESIAN_POINT('',(-17.33333333333,18.974776709678));
#3868 = CARTESIAN_POINT('',(-17.33333333333,21.572852921031));
#3869 = CARTESIAN_POINT('',(-15.08333333333,20.273814815355));
#3870 = CARTESIAN_POINT('',(-12.83333333333,18.974776709678));
#3871 = CARTESIAN_POINT('',(-15.08333333333,17.675738604001));
#3872 = CARTESIAN_POINT('',(-17.33333333333,16.376700498325));
#3873 = CARTESIAN_POINT('',(-17.33333333333,18.974776709678));
#3874 = ( GEOMETRIC_REPRESENTATION_CONTEXT(2) 
PARAMETRIC_REPRESENTATION_CONTEXT() REPRESENTATION_CONTEXT('2D SPACE',''
  ) );
#3875 = PCURVE('',#3876,#3881);
#3876 = CYLINDRICAL_SURFACE('',#3877,1.5);
#3877 = AXIS2_PLACEMENT_3D('',#3878,#3879,#3880);
#3878 = CARTESIAN_POINT('',(15.833333333333,10.502645169459,4.5));
#3879 = DIRECTION('',(0.,0.,1.));
#3880 = DIRECTION('',(1.,0.,-0.));
#3881 = DEFINITIONAL_REPRESENTATION('',(#3882),#3886);
#3882 = LINE('',#3883,#3884);
#3883 = CARTESIAN_POINT('',(0.,1.));
#3884 = VECTOR('',#3885,1.);
#3885 = DIRECTION('',(1.,0.));
#3886 = ( GEOMETRIC_REPRESENTATION_CONTEXT(2) 
PARAMETRIC_REPRESENTATION_CONTEXT() REPRESENTATION_CONTEXT('2D SPACE',''
  ) );
#3887 = ORIENTED_EDGE('',*,*,#3888,.F.);
#3888 = EDGE_CURVE('',#3889,#3856,#3891,.T.);
#3889 = VERTEX_POINT('',#3890);
#3890 = CARTESIAN_POINT('',(17.,18.500001,5.5));
#3891 = SURFACE_CURVE('',#3892,(#3896,#3902),.PCURVE_S1.);
#3892 = LINE('',#3893,#3894);
#3893 = CARTESIAN_POINT('',(17.,0.51393372989,5.5));
#3894 = VECTOR('',#3895,1.);
#3895 = DIRECTION('',(0.,-1.,0.));
#3896 = PCURVE('',#150,#3897);
#3897 = DEFINITIONAL_REPRESENTATION('',(#3898),#3901);
#3898 = B_SPLINE_CURVE_WITH_KNOTS('',1,(#3899,#3900),.UNSPECIFIED.,.F.,
  .F.,(2,2),(-17.98606727011,-8.98606527011),.PIECEWISE_BEZIER_KNOTS.);
#3899 = CARTESIAN_POINT('',(-17.,26.972132540219));
#3900 = CARTESIAN_POINT('',(-17.,17.972130540219));
#3901 = ( GEOMETRIC_REPRESENTATION_CONTEXT(2) 
PARAMETRIC_REPRESENTATION_CONTEXT() REPRESENTATION_CONTEXT('2D SPACE',''
  ) );
#3902 = PCURVE('',#3903,#3908);
#3903 = PLANE('',#3904);
#3904 = AXIS2_PLACEMENT_3D('',#3905,#3906,#3907);
#3905 = CARTESIAN_POINT('',(17.,9.499999,4.5));
#3906 = DIRECTION('',(1.,0.,-0.));
#3907 = DIRECTION('',(0.,0.,1.));
#3908 = DEFINITIONAL_REPRESENTATION('',(#3909),#3912);
#3909 = B_SPLINE_CURVE_WITH_KNOTS('',1,(#3910,#3911),.UNSPECIFIED.,.F.,
  .F.,(2,2),(-17.98606727011,-8.98606527011),.PIECEWISE_BEZIER_KNOTS.);
#3910 = CARTESIAN_POINT('',(1.,-9.000002));
#3911 = CARTESIAN_POINT('',(1.,0.));
#3912 = ( GEOMETRIC_REPRESENTATION_CONTEXT(2) 
PARAMETRIC_REPRESENTATION_CONTEXT() REPRESENTATION_CONTEXT('2D SPACE',''
  ) );
#3913 = ORIENTED_EDGE('',*,*,#3914,.T.);
#3914 = EDGE_CURVE('',#3889,#3915,#3917,.T.);
#3915 = VERTEX_POINT('',#3916);
#3916 = CARTESIAN_POINT('',(14.000001,21.5,5.5));
#3917 = SURFACE_CURVE('',#3918,(#3923,#3934),.PCURVE_S1.);
#3918 = CIRCLE('',#3919,2.999999);
#3919 = AXIS2_PLACEMENT_3D('',#3920,#3921,#3922);
#3920 = CARTESIAN_POINT('',(14.000001,18.500001,5.5));
#3921 = DIRECTION('',(0.,0.,1.));
#3922 = DIRECTION('',(1.,0.,-0.));
#3923 = PCURVE('',#150,#3924);
#3924 = DEFINITIONAL_REPRESENTATION('',(#3925),#3933);
#3925 = ( BOUNDED_CURVE() B_SPLINE_CURVE(2,(#3926,#3927,#3928,#3929,
#3930,#3931,#3932),.UNSPECIFIED.,.T.,.F.) B_SPLINE_CURVE_WITH_KNOTS((1,2
    ,2,2,2,1),(-2.094395102393,0.,2.094395102393,4.188790204786,
6.28318530718,8.377580409573),.UNSPECIFIED.) CURVE() 
GEOMETRIC_REPRESENTATION_ITEM() RATIONAL_B_SPLINE_CURVE((1.,0.5,1.,0.5,
1.,0.5,1.)) REPRESENTATION_ITEM('') );
#3926 = CARTESIAN_POINT('',(-17.,26.972132540219));
#3927 = CARTESIAN_POINT('',(-17.,32.168283230875));
#3928 = CARTESIAN_POINT('',(-12.5000015,29.570207885547));
#3929 = CARTESIAN_POINT('',(-8.000003,26.972132540219));
#3930 = CARTESIAN_POINT('',(-12.5000015,24.374057194891));
#3931 = CARTESIAN_POINT('',(-17.,21.775981849563));
#3932 = CARTESIAN_POINT('',(-17.,26.972132540219));
#3933 = ( GEOMETRIC_REPRESENTATION_CONTEXT(2) 
PARAMETRIC_REPRESENTATION_CONTEXT() REPRESENTATION_CONTEXT('2D SPACE',''
  ) );
#3934 = PCURVE('',#3935,#3940);
#3935 = CYLINDRICAL_SURFACE('',#3936,2.999999);
#3936 = AXIS2_PLACEMENT_3D('',#3937,#3938,#3939);
#3937 = CARTESIAN_POINT('',(14.000001,18.500001,4.5));
#3938 = DIRECTION('',(0.,0.,1.));
#3939 = DIRECTION('',(1.,0.,-0.));
#3940 = DEFINITIONAL_REPRESENTATION('',(#3941),#3945);
#3941 = LINE('',#3942,#3943);
#3942 = CARTESIAN_POINT('',(0.,1.));
#3943 = VECTOR('',#3944,1.);
#3944 = DIRECTION('',(1.,0.));
#3945 = ( GEOMETRIC_REPRESENTATION_CONTEXT(2) 
PARAMETRIC_REPRESENTATION_CONTEXT() REPRESENTATION_CONTEXT('2D SPACE',''
  ) );
#3946 = ORIENTED_EDGE('',*,*,#3947,.F.);
#3947 = EDGE_CURVE('',#3611,#3915,#3948,.T.);
#3948 = SURFACE_CURVE('',#3949,(#3953,#3959),.PCURVE_S1.);
#3949 = LINE('',#3950,#3951);
#3950 = CARTESIAN_POINT('',(6.9999995,21.5,5.5));
#3951 = VECTOR('',#3952,1.);
#3952 = DIRECTION('',(1.,0.,-0.));
#3953 = PCURVE('',#150,#3954);
#3954 = DEFINITIONAL_REPRESENTATION('',(#3955),#3958);
#3955 = B_SPLINE_CURVE_WITH_KNOTS('',1,(#3956,#3957),.UNSPECIFIED.,.F.,
  .F.,(2,2),(6.9999995,7.0000015),.PIECEWISE_BEZIER_KNOTS.);
#3956 = CARTESIAN_POINT('',(-13.999999,29.972131540219));
#3957 = CARTESIAN_POINT('',(-14.000001,29.972131540219));
#3958 = ( GEOMETRIC_REPRESENTATION_CONTEXT(2) 
PARAMETRIC_REPRESENTATION_CONTEXT() REPRESENTATION_CONTEXT('2D SPACE',''
  ) );
#3959 = PCURVE('',#3960,#3965);
#3960 = PLANE('',#3961);
#3961 = AXIS2_PLACEMENT_3D('',#3962,#3963,#3964);
#3962 = CARTESIAN_POINT('',(13.999999,21.5,4.5));
#3963 = DIRECTION('',(-0.,1.,0.));
#3964 = DIRECTION('',(0.,0.,1.));
#3965 = DEFINITIONAL_REPRESENTATION('',(#3966),#3969);
#3966 = B_SPLINE_CURVE_WITH_KNOTS('',1,(#3967,#3968),.UNSPECIFIED.,.F.,
  .F.,(2,2),(6.9999995,7.0000015),.PIECEWISE_BEZIER_KNOTS.);
#3967 = CARTESIAN_POINT('',(1.,0.));
#3968 = CARTESIAN_POINT('',(1.,2.00000000028E-06));
#3969 = ( GEOMETRIC_REPRESENTATION_CONTEXT(2) 
PARAMETRIC_REPRESENTATION_CONTEXT() REPRESENTATION_CONTEXT('2D SPACE',''
  ) );
#3970 = FACE_BOUND('',#3971,.T.);
#3971 = EDGE_LOOP('',(#3972,#4007,#4040,#4073));
#3972 = ORIENTED_EDGE('',*,*,#3973,.T.);
#3973 = EDGE_CURVE('',#3974,#3976,#3978,.T.);
#3974 = VERTEX_POINT('',#3975);
#3975 = CARTESIAN_POINT('',(14.414213562373,25.5,5.5));
#3976 = VERTEX_POINT('',#3977);
#3977 = CARTESIAN_POINT('',(14.5,26.,5.5));
#3978 = SURFACE_CURVE('',#3979,(#3984,#3995),.PCURVE_S1.);
#3979 = CIRCLE('',#3980,1.5);
#3980 = AXIS2_PLACEMENT_3D('',#3981,#3982,#3983);
#3981 = CARTESIAN_POINT('',(13.,26.,5.5));
#3982 = DIRECTION('',(0.,0.,1.));
#3983 = DIRECTION('',(1.,0.,-0.));
#3984 = PCURVE('',#150,#3985);
#3985 = DEFINITIONAL_REPRESENTATION('',(#3986),#3994);
#3986 = ( BOUNDED_CURVE() B_SPLINE_CURVE(2,(#3987,#3988,#3989,#3990,
#3991,#3992,#3993),.UNSPECIFIED.,.T.,.F.) B_SPLINE_CURVE_WITH_KNOTS((1,2
    ,2,2,2,1),(-2.094395102393,0.,2.094395102393,4.188790204786,
6.28318530718,8.377580409573),.UNSPECIFIED.) CURVE() 
GEOMETRIC_REPRESENTATION_ITEM() RATIONAL_B_SPLINE_CURVE((1.,0.5,1.,0.5,
1.,0.5,1.)) REPRESENTATION_ITEM('') );
#3987 = CARTESIAN_POINT('',(-14.5,34.472131540219));
#3988 = CARTESIAN_POINT('',(-14.5,37.070207751572));
#3989 = CARTESIAN_POINT('',(-12.25,35.771169645896));
#3990 = CARTESIAN_POINT('',(-10.,34.472131540219));
#3991 = CARTESIAN_POINT('',(-12.25,33.173093434542));
#3992 = CARTESIAN_POINT('',(-14.5,31.874055328866));
#3993 = CARTESIAN_POINT('',(-14.5,34.472131540219));
#3994 = ( GEOMETRIC_REPRESENTATION_CONTEXT(2) 
PARAMETRIC_REPRESENTATION_CONTEXT() REPRESENTATION_CONTEXT('2D SPACE',''
  ) );
#3995 = PCURVE('',#3996,#4001);
#3996 = CYLINDRICAL_SURFACE('',#3997,1.5);
#3997 = AXIS2_PLACEMENT_3D('',#3998,#3999,#4000);
#3998 = CARTESIAN_POINT('',(13.,26.,4.5));
#3999 = DIRECTION('',(0.,0.,1.));
#4000 = DIRECTION('',(1.,0.,-0.));
#4001 = DEFINITIONAL_REPRESENTATION('',(#4002),#4006);
#4002 = LINE('',#4003,#4004);
#4003 = CARTESIAN_POINT('',(0.,1.));
#4004 = VECTOR('',#4005,1.);
#4005 = DIRECTION('',(1.,0.));
#4006 = ( GEOMETRIC_REPRESENTATION_CONTEXT(2) 
PARAMETRIC_REPRESENTATION_CONTEXT() REPRESENTATION_CONTEXT('2D SPACE',''
  ) );
#4007 = ORIENTED_EDGE('',*,*,#4008,.T.);
#4008 = EDGE_CURVE('',#3976,#4009,#4011,.T.);
#4009 = VERTEX_POINT('',#4010);
#4010 = CARTESIAN_POINT('',(11.585786437627,25.5,5.5));
#4011 = SURFACE_CURVE('',#4012,(#4017,#4028),.PCURVE_S1.);
#4012 = CIRCLE('',#4013,1.5);
#4013 = AXIS2_PLACEMENT_3D('',#4014,#4015,#4016);
#4014 = CARTESIAN_POINT('',(13.,26.,5.5));
#4015 = DIRECTION('',(0.,0.,1.));
#4016 = DIRECTION('',(1.,0.,-0.));
#4017 = PCURVE('',#150,#4018);
#4018 = DEFINITIONAL_REPRESENTATION('',(#4019),#4027);
#4019 = ( BOUNDED_CURVE() B_SPLINE_CURVE(2,(#4020,#4021,#4022,#4023,
#4024,#4025,#4026),.UNSPECIFIED.,.T.,.F.) B_SPLINE_CURVE_WITH_KNOTS((1,2
    ,2,2,2,1),(-2.094395102393,0.,2.094395102393,4.188790204786,
6.28318530718,8.377580409573),.UNSPECIFIED.) CURVE() 
GEOMETRIC_REPRESENTATION_ITEM() RATIONAL_B_SPLINE_CURVE((1.,0.5,1.,0.5,
1.,0.5,1.)) REPRESENTATION_ITEM('') );
#4020 = CARTESIAN_POINT('',(-14.5,34.472131540219));
#4021 = CARTESIAN_POINT('',(-14.5,37.070207751572));
#4022 = CARTESIAN_POINT('',(-12.25,35.771169645896));
#4023 = CARTESIAN_POINT('',(-10.,34.472131540219));
#4024 = CARTESIAN_POINT('',(-12.25,33.173093434542));
#4025 = CARTESIAN_POINT('',(-14.5,31.874055328866));
#4026 = CARTESIAN_POINT('',(-14.5,34.472131540219));
#4027 = ( GEOMETRIC_REPRESENTATION_CONTEXT(2) 
PARAMETRIC_REPRESENTATION_CONTEXT() REPRESENTATION_CONTEXT('2D SPACE',''
  ) );
#4028 = PCURVE('',#4029,#4034);
#4029 = CYLINDRICAL_SURFACE('',#4030,1.5);
#4030 = AXIS2_PLACEMENT_3D('',#4031,#4032,#4033);
#4031 = CARTESIAN_POINT('',(13.,26.,4.5));
#4032 = DIRECTION('',(0.,0.,1.));
#4033 = DIRECTION('',(1.,0.,-0.));
#4034 = DEFINITIONAL_REPRESENTATION('',(#4035),#4039);
#4035 = LINE('',#4036,#4037);
#4036 = CARTESIAN_POINT('',(0.,1.));
#4037 = VECTOR('',#4038,1.);
#4038 = DIRECTION('',(1.,0.));
#4039 = ( GEOMETRIC_REPRESENTATION_CONTEXT(2) 
PARAMETRIC_REPRESENTATION_CONTEXT() REPRESENTATION_CONTEXT('2D SPACE',''
  ) );
#4040 = ORIENTED_EDGE('',*,*,#4041,.T.);
#4041 = EDGE_CURVE('',#4009,#4042,#4044,.T.);
#4042 = VERTEX_POINT('',#4043);
#4043 = CARTESIAN_POINT('',(14.5,25.,5.5));
#4044 = SURFACE_CURVE('',#4045,(#4050,#4061),.PCURVE_S1.);
#4045 = CIRCLE('',#4046,1.5);
#4046 = AXIS2_PLACEMENT_3D('',#4047,#4048,#4049);
#4047 = CARTESIAN_POINT('',(13.,25.,5.5));
#4048 = DIRECTION('',(0.,0.,1.));
#4049 = DIRECTION('',(1.,0.,-0.));
#4050 = PCURVE('',#150,#4051);
#4051 = DEFINITIONAL_REPRESENTATION('',(#4052),#4060);
#4052 = ( BOUNDED_CURVE() B_SPLINE_CURVE(2,(#4053,#4054,#4055,#4056,
#4057,#4058,#4059),.UNSPECIFIED.,.T.,.F.) B_SPLINE_CURVE_WITH_KNOTS((1,2
    ,2,2,2,1),(-2.094395102393,0.,2.094395102393,4.188790204786,
6.28318530718,8.377580409573),.UNSPECIFIED.) CURVE() 
GEOMETRIC_REPRESENTATION_ITEM() RATIONAL_B_SPLINE_CURVE((1.,0.5,1.,0.5,
1.,0.5,1.)) REPRESENTATION_ITEM('') );
#4053 = CARTESIAN_POINT('',(-14.5,33.472131540219));
#4054 = CARTESIAN_POINT('',(-14.5,36.070207751572));
#4055 = CARTESIAN_POINT('',(-12.25,34.771169645896));
#4056 = CARTESIAN_POINT('',(-10.,33.472131540219));
#4057 = CARTESIAN_POINT('',(-12.25,32.173093434542));
#4058 = CARTESIAN_POINT('',(-14.5,30.874055328866));
#4059 = CARTESIAN_POINT('',(-14.5,33.472131540219));
#4060 = ( GEOMETRIC_REPRESENTATION_CONTEXT(2) 
PARAMETRIC_REPRESENTATION_CONTEXT() REPRESENTATION_CONTEXT('2D SPACE',''
  ) );
#4061 = PCURVE('',#4062,#4067);
#4062 = CYLINDRICAL_SURFACE('',#4063,1.5);
#4063 = AXIS2_PLACEMENT_3D('',#4064,#4065,#4066);
#4064 = CARTESIAN_POINT('',(13.,25.,4.5));
#4065 = DIRECTION('',(0.,0.,1.));
#4066 = DIRECTION('',(1.,0.,-0.));
#4067 = DEFINITIONAL_REPRESENTATION('',(#4068),#4072);
#4068 = LINE('',#4069,#4070);
#4069 = CARTESIAN_POINT('',(0.,1.));
#4070 = VECTOR('',#4071,1.);
#4071 = DIRECTION('',(1.,0.));
#4072 = ( GEOMETRIC_REPRESENTATION_CONTEXT(2) 
PARAMETRIC_REPRESENTATION_CONTEXT() REPRESENTATION_CONTEXT('2D SPACE',''
  ) );
#4073 = ORIENTED_EDGE('',*,*,#4074,.T.);
#4074 = EDGE_CURVE('',#4042,#3974,#4075,.T.);
#4075 = SURFACE_CURVE('',#4076,(#4081,#4092),.PCURVE_S1.);
#4076 = CIRCLE('',#4077,1.5);
#4077 = AXIS2_PLACEMENT_3D('',#4078,#4079,#4080);
#4078 = CARTESIAN_POINT('',(13.,25.,5.5));
#4079 = DIRECTION('',(0.,0.,1.));
#4080 = DIRECTION('',(1.,0.,-0.));
#4081 = PCURVE('',#150,#4082);
#4082 = DEFINITIONAL_REPRESENTATION('',(#4083),#4091);
#4083 = ( BOUNDED_CURVE() B_SPLINE_CURVE(2,(#4084,#4085,#4086,#4087,
#4088,#4089,#4090),.UNSPECIFIED.,.T.,.F.) B_SPLINE_CURVE_WITH_KNOTS((1,2
    ,2,2,2,1),(-2.094395102393,0.,2.094395102393,4.188790204786,
6.28318530718,8.377580409573),.UNSPECIFIED.) CURVE() 
GEOMETRIC_REPRESENTATION_ITEM() RATIONAL_B_SPLINE_CURVE((1.,0.5,1.,0.5,
1.,0.5,1.)) REPRESENTATION_ITEM('') );
#4084 = CARTESIAN_POINT('',(-14.5,33.472131540219));
#4085 = CARTESIAN_POINT('',(-14.5,36.070207751572));
#4086 = CARTESIAN_POINT('',(-12.25,34.771169645896));
#4087 = CARTESIAN_POINT('',(-10.,33.472131540219));
#4088 = CARTESIAN_POINT('',(-12.25,32.173093434542));
#4089 = CARTESIAN_POINT('',(-14.5,30.874055328866));
#4090 = CARTESIAN_POINT('',(-14.5,33.472131540219));
#4091 = ( GEOMETRIC_REPRESENTATION_CONTEXT(2) 
PARAMETRIC_REPRESENTATION_CONTEXT() REPRESENTATION_CONTEXT('2D SPACE',''
  ) );
#4092 = PCURVE('',#4093,#4098);
#4093 = CYLINDRICAL_SURFACE('',#4094,1.5);
#4094 = AXIS2_PLACEMENT_3D('',#4095,#4096,#4097);
#4095 = CARTESIAN_POINT('',(13.,25.,4.5));
#4096 = DIRECTION('',(0.,0.,1.));
#4097 = DIRECTION('',(1.,0.,-0.));
#4098 = DEFINITIONAL_REPRESENTATION('',(#4099),#4103);
#4099 = LINE('',#4100,#4101);
#4100 = CARTESIAN_POINT('',(0.,1.));
#4101 = VECTOR('',#4102,1.);
#4102 = DIRECTION('',(1.,0.));
#4103 = ( GEOMETRIC_REPRESENTATION_CONTEXT(2) 
PARAMETRIC_REPRESENTATION_CONTEXT() REPRESENTATION_CONTEXT('2D SPACE',''
  ) );
#4104 = FACE_BOUND('',#4105,.T.);
#4105 = EDGE_LOOP('',(#4106,#4134,#4167,#4193,#4226,#4252,#4285,#4311));
#4106 = ORIENTED_EDGE('',*,*,#4107,.T.);
#4107 = EDGE_CURVE('',#4108,#4110,#4112,.T.);
#4108 = VERTEX_POINT('',#4109);
#4109 = CARTESIAN_POINT('',(-8.5,6.5,5.5));
#4110 = VERTEX_POINT('',#4111);
#4111 = CARTESIAN_POINT('',(-8.5,-6.5,5.5));
#4112 = SURFACE_CURVE('',#4113,(#4117,#4123),.PCURVE_S1.);
#4113 = LINE('',#4114,#4115);
#4114 = CARTESIAN_POINT('',(-8.5,-7.48606577011,5.5));
#4115 = VECTOR('',#4116,1.);
#4116 = DIRECTION('',(0.,-1.,0.));
#4117 = PCURVE('',#150,#4118);
#4118 = DEFINITIONAL_REPRESENTATION('',(#4119),#4122);
#4119 = B_SPLINE_CURVE_WITH_KNOTS('',1,(#4120,#4121),.UNSPECIFIED.,.F.,
  .F.,(2,2),(-13.98606577011,-0.98606577011),.PIECEWISE_BEZIER_KNOTS.);
#4120 = CARTESIAN_POINT('',(8.5,14.972131540219));
#4121 = CARTESIAN_POINT('',(8.5,1.972131540219));
#4122 = ( GEOMETRIC_REPRESENTATION_CONTEXT(2) 
PARAMETRIC_REPRESENTATION_CONTEXT() REPRESENTATION_CONTEXT('2D SPACE',''
  ) );
#4123 = PCURVE('',#4124,#4129);
#4124 = PLANE('',#4125);
#4125 = AXIS2_PLACEMENT_3D('',#4126,#4127,#4128);
#4126 = CARTESIAN_POINT('',(-8.5,-6.5,4.5));
#4127 = DIRECTION('',(1.,0.,-0.));
#4128 = DIRECTION('',(0.,0.,1.));
#4129 = DEFINITIONAL_REPRESENTATION('',(#4130),#4133);
#4130 = B_SPLINE_CURVE_WITH_KNOTS('',1,(#4131,#4132),.UNSPECIFIED.,.F.,
  .F.,(2,2),(-13.98606577011,-0.98606577011),.PIECEWISE_BEZIER_KNOTS.);
#4131 = CARTESIAN_POINT('',(1.,-13.));
#4132 = CARTESIAN_POINT('',(1.,0.));
#4133 = ( GEOMETRIC_REPRESENTATION_CONTEXT(2) 
PARAMETRIC_REPRESENTATION_CONTEXT() REPRESENTATION_CONTEXT('2D SPACE',''
  ) );
#4134 = ORIENTED_EDGE('',*,*,#4135,.T.);
#4135 = EDGE_CURVE('',#4110,#4136,#4138,.T.);
#4136 = VERTEX_POINT('',#4137);
#4137 = CARTESIAN_POINT('',(-6.5,-8.5,5.5));
#4138 = SURFACE_CURVE('',#4139,(#4144,#4155),.PCURVE_S1.);
#4139 = CIRCLE('',#4140,2.);
#4140 = AXIS2_PLACEMENT_3D('',#4141,#4142,#4143);
#4141 = CARTESIAN_POINT('',(-6.5,-6.5,5.5));
#4142 = DIRECTION('',(0.,0.,1.));
#4143 = DIRECTION('',(1.,0.,-0.));
#4144 = PCURVE('',#150,#4145);
#4145 = DEFINITIONAL_REPRESENTATION('',(#4146),#4154);
#4146 = ( BOUNDED_CURVE() B_SPLINE_CURVE(2,(#4147,#4148,#4149,#4150,
#4151,#4152,#4153),.UNSPECIFIED.,.T.,.F.) B_SPLINE_CURVE_WITH_KNOTS((1,2
    ,2,2,2,1),(-2.094395102393,0.,2.094395102393,4.188790204786,
6.28318530718,8.377580409573),.UNSPECIFIED.) CURVE() 
GEOMETRIC_REPRESENTATION_ITEM() RATIONAL_B_SPLINE_CURVE((1.,0.5,1.,0.5,
1.,0.5,1.)) REPRESENTATION_ITEM('') );
#4147 = CARTESIAN_POINT('',(4.5,1.972131540219));
#4148 = CARTESIAN_POINT('',(4.5,5.436233155357));
#4149 = CARTESIAN_POINT('',(7.5,3.704182347788));
#4150 = CARTESIAN_POINT('',(10.5,1.972131540219));
#4151 = CARTESIAN_POINT('',(7.5,0.24008073265));
#4152 = CARTESIAN_POINT('',(4.5,-1.491970074919));
#4153 = CARTESIAN_POINT('',(4.5,1.972131540219));
#4154 = ( GEOMETRIC_REPRESENTATION_CONTEXT(2) 
PARAMETRIC_REPRESENTATION_CONTEXT() REPRESENTATION_CONTEXT('2D SPACE',''
  ) );
#4155 = PCURVE('',#4156,#4161);
#4156 = CYLINDRICAL_SURFACE('',#4157,2.);
#4157 = AXIS2_PLACEMENT_3D('',#4158,#4159,#4160);
#4158 = CARTESIAN_POINT('',(-6.5,-6.5,4.5));
#4159 = DIRECTION('',(0.,0.,1.));
#4160 = DIRECTION('',(1.,0.,-0.));
#4161 = DEFINITIONAL_REPRESENTATION('',(#4162),#4166);
#4162 = LINE('',#4163,#4164);
#4163 = CARTESIAN_POINT('',(0.,1.));
#4164 = VECTOR('',#4165,1.);
#4165 = DIRECTION('',(1.,0.));
#4166 = ( GEOMETRIC_REPRESENTATION_CONTEXT(2) 
PARAMETRIC_REPRESENTATION_CONTEXT() REPRESENTATION_CONTEXT('2D SPACE',''
  ) );
#4167 = ORIENTED_EDGE('',*,*,#4168,.T.);
#4168 = EDGE_CURVE('',#4136,#4169,#4171,.T.);
#4169 = VERTEX_POINT('',#4170);
#4170 = CARTESIAN_POINT('',(6.5,-8.5,5.5));
#4171 = SURFACE_CURVE('',#4172,(#4176,#4182),.PCURVE_S1.);
#4172 = LINE('',#4173,#4174);
#4173 = CARTESIAN_POINT('',(-3.25,-8.5,5.5));
#4174 = VECTOR('',#4175,1.);
#4175 = DIRECTION('',(1.,0.,-0.));
#4176 = PCURVE('',#150,#4177);
#4177 = DEFINITIONAL_REPRESENTATION('',(#4178),#4181);
#4178 = B_SPLINE_CURVE_WITH_KNOTS('',1,(#4179,#4180),.UNSPECIFIED.,.F.,
  .F.,(2,2),(-3.25,9.75),.PIECEWISE_BEZIER_KNOTS.);
#4179 = CARTESIAN_POINT('',(6.5,-2.786845978086E-02));
#4180 = CARTESIAN_POINT('',(-6.5,-2.786845978086E-02));
#4181 = ( GEOMETRIC_REPRESENTATION_CONTEXT(2) 
PARAMETRIC_REPRESENTATION_CONTEXT() REPRESENTATION_CONTEXT('2D SPACE',''
  ) );
#4182 = PCURVE('',#4183,#4188);
#4183 = PLANE('',#4184);
#4184 = AXIS2_PLACEMENT_3D('',#4185,#4186,#4187);
#4185 = CARTESIAN_POINT('',(-6.5,-8.5,4.5));
#4186 = DIRECTION('',(-0.,1.,0.));
#4187 = DIRECTION('',(0.,0.,1.));
#4188 = DEFINITIONAL_REPRESENTATION('',(#4189),#4192);
#4189 = B_SPLINE_CURVE_WITH_KNOTS('',1,(#4190,#4191),.UNSPECIFIED.,.F.,
  .F.,(2,2),(-3.25,9.75),.PIECEWISE_BEZIER_KNOTS.);
#4190 = CARTESIAN_POINT('',(1.,0.));
#4191 = CARTESIAN_POINT('',(1.,13.));
#4192 = ( GEOMETRIC_REPRESENTATION_CONTEXT(2) 
PARAMETRIC_REPRESENTATION_CONTEXT() REPRESENTATION_CONTEXT('2D SPACE',''
  ) );
#4193 = ORIENTED_EDGE('',*,*,#4194,.T.);
#4194 = EDGE_CURVE('',#4169,#4195,#4197,.T.);
#4195 = VERTEX_POINT('',#4196);
#4196 = CARTESIAN_POINT('',(8.5,-6.5,5.5));
#4197 = SURFACE_CURVE('',#4198,(#4203,#4214),.PCURVE_S1.);
#4198 = CIRCLE('',#4199,2.);
#4199 = AXIS2_PLACEMENT_3D('',#4200,#4201,#4202);
#4200 = CARTESIAN_POINT('',(6.5,-6.5,5.5));
#4201 = DIRECTION('',(0.,0.,1.));
#4202 = DIRECTION('',(1.,0.,-0.));
#4203 = PCURVE('',#150,#4204);
#4204 = DEFINITIONAL_REPRESENTATION('',(#4205),#4213);
#4205 = ( BOUNDED_CURVE() B_SPLINE_CURVE(2,(#4206,#4207,#4208,#4209,
#4210,#4211,#4212),.UNSPECIFIED.,.T.,.F.) B_SPLINE_CURVE_WITH_KNOTS((1,2
    ,2,2,2,1),(-2.094395102393,0.,2.094395102393,4.188790204786,
6.28318530718,8.377580409573),.UNSPECIFIED.) CURVE() 
GEOMETRIC_REPRESENTATION_ITEM() RATIONAL_B_SPLINE_CURVE((1.,0.5,1.,0.5,
1.,0.5,1.)) REPRESENTATION_ITEM('') );
#4206 = CARTESIAN_POINT('',(-8.5,1.972131540219));
#4207 = CARTESIAN_POINT('',(-8.5,5.436233155357));
#4208 = CARTESIAN_POINT('',(-5.5,3.704182347788));
#4209 = CARTESIAN_POINT('',(-2.5,1.972131540219));
#4210 = CARTESIAN_POINT('',(-5.5,0.24008073265));
#4211 = CARTESIAN_POINT('',(-8.5,-1.491970074919));
#4212 = CARTESIAN_POINT('',(-8.5,1.972131540219));
#4213 = ( GEOMETRIC_REPRESENTATION_CONTEXT(2) 
PARAMETRIC_REPRESENTATION_CONTEXT() REPRESENTATION_CONTEXT('2D SPACE',''
  ) );
#4214 = PCURVE('',#4215,#4220);
#4215 = CYLINDRICAL_SURFACE('',#4216,2.);
#4216 = AXIS2_PLACEMENT_3D('',#4217,#4218,#4219);
#4217 = CARTESIAN_POINT('',(6.5,-6.5,4.5));
#4218 = DIRECTION('',(0.,0.,1.));
#4219 = DIRECTION('',(1.,0.,-0.));
#4220 = DEFINITIONAL_REPRESENTATION('',(#4221),#4225);
#4221 = LINE('',#4222,#4223);
#4222 = CARTESIAN_POINT('',(0.,1.));
#4223 = VECTOR('',#4224,1.);
#4224 = DIRECTION('',(1.,0.));
#4225 = ( GEOMETRIC_REPRESENTATION_CONTEXT(2) 
PARAMETRIC_REPRESENTATION_CONTEXT() REPRESENTATION_CONTEXT('2D SPACE',''
  ) );
#4226 = ORIENTED_EDGE('',*,*,#4227,.F.);
#4227 = EDGE_CURVE('',#4228,#4195,#4230,.T.);
#4228 = VERTEX_POINT('',#4229);
#4229 = CARTESIAN_POINT('',(8.5,6.5,5.5));
#4230 = SURFACE_CURVE('',#4231,(#4235,#4241),.PCURVE_S1.);
#4231 = LINE('',#4232,#4233);
#4232 = CARTESIAN_POINT('',(8.5,-7.48606577011,5.5));
#4233 = VECTOR('',#4234,1.);
#4234 = DIRECTION('',(0.,-1.,0.));
#4235 = PCURVE('',#150,#4236);
#4236 = DEFINITIONAL_REPRESENTATION('',(#4237),#4240);
#4237 = B_SPLINE_CURVE_WITH_KNOTS('',1,(#4238,#4239),.UNSPECIFIED.,.F.,
  .F.,(2,2),(-13.98606577011,-0.98606577011),.PIECEWISE_BEZIER_KNOTS.);
#4238 = CARTESIAN_POINT('',(-8.5,14.972131540219));
#4239 = CARTESIAN_POINT('',(-8.5,1.972131540219));
#4240 = ( GEOMETRIC_REPRESENTATION_CONTEXT(2) 
PARAMETRIC_REPRESENTATION_CONTEXT() REPRESENTATION_CONTEXT('2D SPACE',''
  ) );
#4241 = PCURVE('',#4242,#4247);
#4242 = PLANE('',#4243);
#4243 = AXIS2_PLACEMENT_3D('',#4244,#4245,#4246);
#4244 = CARTESIAN_POINT('',(8.5,-6.5,4.5));
#4245 = DIRECTION('',(1.,0.,-0.));
#4246 = DIRECTION('',(0.,0.,1.));
#4247 = DEFINITIONAL_REPRESENTATION('',(#4248),#4251);
#4248 = B_SPLINE_CURVE_WITH_KNOTS('',1,(#4249,#4250),.UNSPECIFIED.,.F.,
  .F.,(2,2),(-13.98606577011,-0.98606577011),.PIECEWISE_BEZIER_KNOTS.);
#4249 = CARTESIAN_POINT('',(1.,-13.));
#4250 = CARTESIAN_POINT('',(1.,0.));
#4251 = ( GEOMETRIC_REPRESENTATION_CONTEXT(2) 
PARAMETRIC_REPRESENTATION_CONTEXT() REPRESENTATION_CONTEXT('2D SPACE',''
  ) );
#4252 = ORIENTED_EDGE('',*,*,#4253,.T.);
#4253 = EDGE_CURVE('',#4228,#4254,#4256,.T.);
#4254 = VERTEX_POINT('',#4255);
#4255 = CARTESIAN_POINT('',(6.5,8.5,5.5));
#4256 = SURFACE_CURVE('',#4257,(#4262,#4273),.PCURVE_S1.);
#4257 = CIRCLE('',#4258,2.);
#4258 = AXIS2_PLACEMENT_3D('',#4259,#4260,#4261);
#4259 = CARTESIAN_POINT('',(6.5,6.5,5.5));
#4260 = DIRECTION('',(0.,0.,1.));
#4261 = DIRECTION('',(1.,0.,-0.));
#4262 = PCURVE('',#150,#4263);
#4263 = DEFINITIONAL_REPRESENTATION('',(#4264),#4272);
#4264 = ( BOUNDED_CURVE() B_SPLINE_CURVE(2,(#4265,#4266,#4267,#4268,
#4269,#4270,#4271),.UNSPECIFIED.,.T.,.F.) B_SPLINE_CURVE_WITH_KNOTS((1,2
    ,2,2,2,1),(-2.094395102393,0.,2.094395102393,4.188790204786,
6.28318530718,8.377580409573),.UNSPECIFIED.) CURVE() 
GEOMETRIC_REPRESENTATION_ITEM() RATIONAL_B_SPLINE_CURVE((1.,0.5,1.,0.5,
1.,0.5,1.)) REPRESENTATION_ITEM('') );
#4265 = CARTESIAN_POINT('',(-8.5,14.972131540219));
#4266 = CARTESIAN_POINT('',(-8.5,18.436233155357));
#4267 = CARTESIAN_POINT('',(-5.5,16.704182347788));
#4268 = CARTESIAN_POINT('',(-2.5,14.972131540219));
#4269 = CARTESIAN_POINT('',(-5.5,13.24008073265));
#4270 = CARTESIAN_POINT('',(-8.5,11.508029925081));
#4271 = CARTESIAN_POINT('',(-8.5,14.972131540219));
#4272 = ( GEOMETRIC_REPRESENTATION_CONTEXT(2) 
PARAMETRIC_REPRESENTATION_CONTEXT() REPRESENTATION_CONTEXT('2D SPACE',''
  ) );
#4273 = PCURVE('',#4274,#4279);
#4274 = CYLINDRICAL_SURFACE('',#4275,2.);
#4275 = AXIS2_PLACEMENT_3D('',#4276,#4277,#4278);
#4276 = CARTESIAN_POINT('',(6.5,6.5,4.5));
#4277 = DIRECTION('',(0.,0.,1.));
#4278 = DIRECTION('',(1.,0.,-0.));
#4279 = DEFINITIONAL_REPRESENTATION('',(#4280),#4284);
#4280 = LINE('',#4281,#4282);
#4281 = CARTESIAN_POINT('',(0.,1.));
#4282 = VECTOR('',#4283,1.);
#4283 = DIRECTION('',(1.,0.));
#4284 = ( GEOMETRIC_REPRESENTATION_CONTEXT(2) 
PARAMETRIC_REPRESENTATION_CONTEXT() REPRESENTATION_CONTEXT('2D SPACE',''
  ) );
#4285 = ORIENTED_EDGE('',*,*,#4286,.F.);
#4286 = EDGE_CURVE('',#4287,#4254,#4289,.T.);
#4287 = VERTEX_POINT('',#4288);
#4288 = CARTESIAN_POINT('',(-6.5,8.5,5.5));
#4289 = SURFACE_CURVE('',#4290,(#4294,#4300),.PCURVE_S1.);
#4290 = LINE('',#4291,#4292);
#4291 = CARTESIAN_POINT('',(-3.25,8.5,5.5));
#4292 = VECTOR('',#4293,1.);
#4293 = DIRECTION('',(1.,0.,-0.));
#4294 = PCURVE('',#150,#4295);
#4295 = DEFINITIONAL_REPRESENTATION('',(#4296),#4299);
#4296 = B_SPLINE_CURVE_WITH_KNOTS('',1,(#4297,#4298),.UNSPECIFIED.,.F.,
  .F.,(2,2),(-3.25,9.75),.PIECEWISE_BEZIER_KNOTS.);
#4297 = CARTESIAN_POINT('',(6.5,16.972131540219));
#4298 = CARTESIAN_POINT('',(-6.5,16.972131540219));
#4299 = ( GEOMETRIC_REPRESENTATION_CONTEXT(2) 
PARAMETRIC_REPRESENTATION_CONTEXT() REPRESENTATION_CONTEXT('2D SPACE',''
  ) );
#4300 = PCURVE('',#4301,#4306);
#4301 = PLANE('',#4302);
#4302 = AXIS2_PLACEMENT_3D('',#4303,#4304,#4305);
#4303 = CARTESIAN_POINT('',(-6.5,8.5,4.5));
#4304 = DIRECTION('',(-0.,1.,0.));
#4305 = DIRECTION('',(0.,0.,1.));
#4306 = DEFINITIONAL_REPRESENTATION('',(#4307),#4310);
#4307 = B_SPLINE_CURVE_WITH_KNOTS('',1,(#4308,#4309),.UNSPECIFIED.,.F.,
  .F.,(2,2),(-3.25,9.75),.PIECEWISE_BEZIER_KNOTS.);
#4308 = CARTESIAN_POINT('',(1.,0.));
#4309 = CARTESIAN_POINT('',(1.,13.));
#4310 = ( GEOMETRIC_REPRESENTATION_CONTEXT(2) 
PARAMETRIC_REPRESENTATION_CONTEXT() REPRESENTATION_CONTEXT('2D SPACE',''
  ) );
#4311 = ORIENTED_EDGE('',*,*,#4312,.T.);
#4312 = EDGE_CURVE('',#4287,#4108,#4313,.T.);
#4313 = SURFACE_CURVE('',#4314,(#4319,#4330),.PCURVE_S1.);
#4314 = CIRCLE('',#4315,2.);
#4315 = AXIS2_PLACEMENT_3D('',#4316,#4317,#4318);
#4316 = CARTESIAN_POINT('',(-6.5,6.5,5.5));
#4317 = DIRECTION('',(0.,0.,1.));
#4318 = DIRECTION('',(1.,0.,-0.));
#4319 = PCURVE('',#150,#4320);
#4320 = DEFINITIONAL_REPRESENTATION('',(#4321),#4329);
#4321 = ( BOUNDED_CURVE() B_SPLINE_CURVE(2,(#4322,#4323,#4324,#4325,
#4326,#4327,#4328),.UNSPECIFIED.,.T.,.F.) B_SPLINE_CURVE_WITH_KNOTS((1,2
    ,2,2,2,1),(-2.094395102393,0.,2.094395102393,4.188790204786,
6.28318530718,8.377580409573),.UNSPECIFIED.) CURVE() 
GEOMETRIC_REPRESENTATION_ITEM() RATIONAL_B_SPLINE_CURVE((1.,0.5,1.,0.5,
1.,0.5,1.)) REPRESENTATION_ITEM('') );
#4322 = CARTESIAN_POINT('',(4.5,14.972131540219));
#4323 = CARTESIAN_POINT('',(4.5,18.436233155357));
#4324 = CARTESIAN_POINT('',(7.5,16.704182347788));
#4325 = CARTESIAN_POINT('',(10.5,14.972131540219));
#4326 = CARTESIAN_POINT('',(7.5,13.24008073265));
#4327 = CARTESIAN_POINT('',(4.5,11.508029925081));
#4328 = CARTESIAN_POINT('',(4.5,14.972131540219));
#4329 = ( GEOMETRIC_REPRESENTATION_CONTEXT(2) 
PARAMETRIC_REPRESENTATION_CONTEXT() REPRESENTATION_CONTEXT('2D SPACE',''
  ) );
#4330 = PCURVE('',#4331,#4336);
#4331 = CYLINDRICAL_SURFACE('',#4332,2.);
#4332 = AXIS2_PLACEMENT_3D('',#4333,#4334,#4335);
#4333 = CARTESIAN_POINT('',(-6.5,6.5,4.5));
#4334 = DIRECTION('',(0.,0.,1.));
#4335 = DIRECTION('',(1.,0.,-0.));
#4336 = DEFINITIONAL_REPRESENTATION('',(#4337),#4341);
#4337 = LINE('',#4338,#4339);
#4338 = CARTESIAN_POINT('',(0.,1.));
#4339 = VECTOR('',#4340,1.);
#4340 = DIRECTION('',(1.,0.));
#4341 = ( GEOMETRIC_REPRESENTATION_CONTEXT(2) 
PARAMETRIC_REPRESENTATION_CONTEXT() REPRESENTATION_CONTEXT('2D SPACE',''
  ) );
#4342 = FACE_BOUND('',#4343,.T.);
#4343 = EDGE_LOOP('',(#4344,#4379,#4405,#4438,#4464,#4497,#4530,#4563,
    #4589,#4622,#4648,#4681));
#4344 = ORIENTED_EDGE('',*,*,#4345,.T.);
#4345 = EDGE_CURVE('',#4346,#4348,#4350,.T.);
#4346 = VERTEX_POINT('',#4347);
#4347 = CARTESIAN_POINT('',(-17.,11.445454211041,5.5));
#4348 = VERTEX_POINT('',#4349);
#4349 = CARTESIAN_POINT('',(-17.,9.559836127877,5.5));
#4350 = SURFACE_CURVE('',#4351,(#4356,#4367),.PCURVE_S1.);
#4351 = CIRCLE('',#4352,1.5);
#4352 = AXIS2_PLACEMENT_3D('',#4353,#4354,#4355);
#4353 = CARTESIAN_POINT('',(-15.83333333333,10.502645169459,5.5));
#4354 = DIRECTION('',(0.,0.,1.));
#4355 = DIRECTION('',(1.,0.,-0.));
#4356 = PCURVE('',#150,#4357);
#4357 = DEFINITIONAL_REPRESENTATION('',(#4358),#4366);
#4358 = ( BOUNDED_CURVE() B_SPLINE_CURVE(2,(#4359,#4360,#4361,#4362,
#4363,#4364,#4365),.UNSPECIFIED.,.T.,.F.) B_SPLINE_CURVE_WITH_KNOTS((1,2
    ,2,2,2,1),(-2.094395102393,0.,2.094395102393,4.188790204786,
6.28318530718,8.377580409573),.UNSPECIFIED.) CURVE() 
GEOMETRIC_REPRESENTATION_ITEM() RATIONAL_B_SPLINE_CURVE((1.,0.5,1.,0.5,
1.,0.5,1.)) REPRESENTATION_ITEM('') );
#4359 = CARTESIAN_POINT('',(14.333333333333,18.974776709678));
#4360 = CARTESIAN_POINT('',(14.333333333333,21.572852921031));
#4361 = CARTESIAN_POINT('',(16.583333333333,20.273814815355));
#4362 = CARTESIAN_POINT('',(18.833333333333,18.974776709678));
#4363 = CARTESIAN_POINT('',(16.583333333333,17.675738604001));
#4364 = CARTESIAN_POINT('',(14.333333333333,16.376700498325));
#4365 = CARTESIAN_POINT('',(14.333333333333,18.974776709678));
#4366 = ( GEOMETRIC_REPRESENTATION_CONTEXT(2) 
PARAMETRIC_REPRESENTATION_CONTEXT() REPRESENTATION_CONTEXT('2D SPACE',''
  ) );
#4367 = PCURVE('',#4368,#4373);
#4368 = CYLINDRICAL_SURFACE('',#4369,1.5);
#4369 = AXIS2_PLACEMENT_3D('',#4370,#4371,#4372);
#4370 = CARTESIAN_POINT('',(-15.83333333333,10.502645169459,4.5));
#4371 = DIRECTION('',(0.,0.,1.));
#4372 = DIRECTION('',(1.,0.,-0.));
#4373 = DEFINITIONAL_REPRESENTATION('',(#4374),#4378);
#4374 = LINE('',#4375,#4376);
#4375 = CARTESIAN_POINT('',(0.,1.));
#4376 = VECTOR('',#4377,1.);
#4377 = DIRECTION('',(1.,0.));
#4378 = ( GEOMETRIC_REPRESENTATION_CONTEXT(2) 
PARAMETRIC_REPRESENTATION_CONTEXT() REPRESENTATION_CONTEXT('2D SPACE',''
  ) );
#4379 = ORIENTED_EDGE('',*,*,#4380,.T.);
#4380 = EDGE_CURVE('',#4348,#4381,#4383,.T.);
#4381 = VERTEX_POINT('',#4382);
#4382 = CARTESIAN_POINT('',(-17.,9.499999,5.5));
#4383 = SURFACE_CURVE('',#4384,(#4388,#4394),.PCURVE_S1.);
#4384 = LINE('',#4385,#4386);
#4385 = CARTESIAN_POINT('',(-17.,0.51393372989,5.5));
#4386 = VECTOR('',#4387,1.);
#4387 = DIRECTION('',(0.,-1.,0.));
#4388 = PCURVE('',#150,#4389);
#4389 = DEFINITIONAL_REPRESENTATION('',(#4390),#4393);
#4390 = B_SPLINE_CURVE_WITH_KNOTS('',1,(#4391,#4392),.UNSPECIFIED.,.F.,
  .F.,(2,2),(-17.98606727011,-8.98606527011),.PIECEWISE_BEZIER_KNOTS.);
#4391 = CARTESIAN_POINT('',(17.,26.972132540219));
#4392 = CARTESIAN_POINT('',(17.,17.972130540219));
#4393 = ( GEOMETRIC_REPRESENTATION_CONTEXT(2) 
PARAMETRIC_REPRESENTATION_CONTEXT() REPRESENTATION_CONTEXT('2D SPACE',''
  ) );
#4394 = PCURVE('',#4395,#4400);
#4395 = PLANE('',#4396);
#4396 = AXIS2_PLACEMENT_3D('',#4397,#4398,#4399);
#4397 = CARTESIAN_POINT('',(-17.,9.499999,4.5));
#4398 = DIRECTION('',(1.,0.,-0.));
#4399 = DIRECTION('',(0.,0.,1.));
#4400 = DEFINITIONAL_REPRESENTATION('',(#4401),#4404);
#4401 = B_SPLINE_CURVE_WITH_KNOTS('',1,(#4402,#4403),.UNSPECIFIED.,.F.,
  .F.,(2,2),(-17.98606727011,-8.98606527011),.PIECEWISE_BEZIER_KNOTS.);
#4402 = CARTESIAN_POINT('',(1.,-9.000002));
#4403 = CARTESIAN_POINT('',(1.,0.));
#4404 = ( GEOMETRIC_REPRESENTATION_CONTEXT(2) 
PARAMETRIC_REPRESENTATION_CONTEXT() REPRESENTATION_CONTEXT('2D SPACE',''
  ) );
#4405 = ORIENTED_EDGE('',*,*,#4406,.T.);
#4406 = EDGE_CURVE('',#4381,#4407,#4409,.T.);
#4407 = VERTEX_POINT('',#4408);
#4408 = CARTESIAN_POINT('',(-14.000001,6.5,5.5));
#4409 = SURFACE_CURVE('',#4410,(#4415,#4426),.PCURVE_S1.);
#4410 = CIRCLE('',#4411,2.999999);
#4411 = AXIS2_PLACEMENT_3D('',#4412,#4413,#4414);
#4412 = CARTESIAN_POINT('',(-14.000001,9.499999,5.5));
#4413 = DIRECTION('',(0.,0.,1.));
#4414 = DIRECTION('',(1.,0.,-0.));
#4415 = PCURVE('',#150,#4416);
#4416 = DEFINITIONAL_REPRESENTATION('',(#4417),#4425);
#4417 = ( BOUNDED_CURVE() B_SPLINE_CURVE(2,(#4418,#4419,#4420,#4421,
#4422,#4423,#4424),.UNSPECIFIED.,.T.,.F.) B_SPLINE_CURVE_WITH_KNOTS((1,2
    ,2,2,2,1),(-2.094395102393,0.,2.094395102393,4.188790204786,
6.28318530718,8.377580409573),.UNSPECIFIED.) CURVE() 
GEOMETRIC_REPRESENTATION_ITEM() RATIONAL_B_SPLINE_CURVE((1.,0.5,1.,0.5,
1.,0.5,1.)) REPRESENTATION_ITEM('') );
#4418 = CARTESIAN_POINT('',(11.000002,17.972130540219));
#4419 = CARTESIAN_POINT('',(11.000002,23.168281230875));
#4420 = CARTESIAN_POINT('',(15.5000005,20.570205885547));
#4421 = CARTESIAN_POINT('',(19.999999,17.972130540219));
#4422 = CARTESIAN_POINT('',(15.5000005,15.374055194891));
#4423 = CARTESIAN_POINT('',(11.000002,12.775979849563));
#4424 = CARTESIAN_POINT('',(11.000002,17.972130540219));
#4425 = ( GEOMETRIC_REPRESENTATION_CONTEXT(2) 
PARAMETRIC_REPRESENTATION_CONTEXT() REPRESENTATION_CONTEXT('2D SPACE',''
  ) );
#4426 = PCURVE('',#4427,#4432);
#4427 = CYLINDRICAL_SURFACE('',#4428,2.999999);
#4428 = AXIS2_PLACEMENT_3D('',#4429,#4430,#4431);
#4429 = CARTESIAN_POINT('',(-14.000001,9.499999,4.5));
#4430 = DIRECTION('',(0.,0.,1.));
#4431 = DIRECTION('',(1.,0.,-0.));
#4432 = DEFINITIONAL_REPRESENTATION('',(#4433),#4437);
#4433 = LINE('',#4434,#4435);
#4434 = CARTESIAN_POINT('',(0.,1.));
#4435 = VECTOR('',#4436,1.);
#4436 = DIRECTION('',(1.,0.));
#4437 = ( GEOMETRIC_REPRESENTATION_CONTEXT(2) 
PARAMETRIC_REPRESENTATION_CONTEXT() REPRESENTATION_CONTEXT('2D SPACE',''
  ) );
#4438 = ORIENTED_EDGE('',*,*,#4439,.T.);
#4439 = EDGE_CURVE('',#4407,#4440,#4442,.T.);
#4440 = VERTEX_POINT('',#4441);
#4441 = CARTESIAN_POINT('',(-13.999999,6.5,5.5));
#4442 = SURFACE_CURVE('',#4443,(#4447,#4453),.PCURVE_S1.);
#4443 = LINE('',#4444,#4445);
#4444 = CARTESIAN_POINT('',(-7.0000005,6.5,5.5));
#4445 = VECTOR('',#4446,1.);
#4446 = DIRECTION('',(1.,0.,-0.));
#4447 = PCURVE('',#150,#4448);
#4448 = DEFINITIONAL_REPRESENTATION('',(#4449),#4452);
#4449 = B_SPLINE_CURVE_WITH_KNOTS('',1,(#4450,#4451),.UNSPECIFIED.,.F.,
  .F.,(2,2),(-7.0000005,-6.9999985),.PIECEWISE_BEZIER_KNOTS.);
#4450 = CARTESIAN_POINT('',(14.000001,14.972131540219));
#4451 = CARTESIAN_POINT('',(13.999999,14.972131540219));
#4452 = ( GEOMETRIC_REPRESENTATION_CONTEXT(2) 
PARAMETRIC_REPRESENTATION_CONTEXT() REPRESENTATION_CONTEXT('2D SPACE',''
  ) );
#4453 = PCURVE('',#4454,#4459);
#4454 = PLANE('',#4455);
#4455 = AXIS2_PLACEMENT_3D('',#4456,#4457,#4458);
#4456 = CARTESIAN_POINT('',(-14.000001,6.5,4.5));
#4457 = DIRECTION('',(-0.,1.,0.));
#4458 = DIRECTION('',(0.,0.,1.));
#4459 = DEFINITIONAL_REPRESENTATION('',(#4460),#4463);
#4460 = B_SPLINE_CURVE_WITH_KNOTS('',1,(#4461,#4462),.UNSPECIFIED.,.F.,
  .F.,(2,2),(-7.0000005,-6.9999985),.PIECEWISE_BEZIER_KNOTS.);
#4461 = CARTESIAN_POINT('',(1.,0.));
#4462 = CARTESIAN_POINT('',(1.,2.00000000028E-06));
#4463 = ( GEOMETRIC_REPRESENTATION_CONTEXT(2) 
PARAMETRIC_REPRESENTATION_CONTEXT() REPRESENTATION_CONTEXT('2D SPACE',''
  ) );
#4464 = ORIENTED_EDGE('',*,*,#4465,.T.);
#4465 = EDGE_CURVE('',#4440,#4466,#4468,.T.);
#4466 = VERTEX_POINT('',#4467);
#4467 = CARTESIAN_POINT('',(-11.0541027033,8.932822652558,5.5));
#4468 = SURFACE_CURVE('',#4469,(#4474,#4485),.PCURVE_S1.);
#4469 = CIRCLE('',#4470,2.999999);
#4470 = AXIS2_PLACEMENT_3D('',#4471,#4472,#4473);
#4471 = CARTESIAN_POINT('',(-13.999999,9.499999,5.5));
#4472 = DIRECTION('',(0.,0.,1.));
#4473 = DIRECTION('',(1.,0.,-0.));
#4474 = PCURVE('',#150,#4475);
#4475 = DEFINITIONAL_REPRESENTATION('',(#4476),#4484);
#4476 = ( BOUNDED_CURVE() B_SPLINE_CURVE(2,(#4477,#4478,#4479,#4480,
#4481,#4482,#4483),.UNSPECIFIED.,.T.,.F.) B_SPLINE_CURVE_WITH_KNOTS((1,2
    ,2,2,2,1),(-2.094395102393,0.,2.094395102393,4.188790204786,
6.28318530718,8.377580409573),.UNSPECIFIED.) CURVE() 
GEOMETRIC_REPRESENTATION_ITEM() RATIONAL_B_SPLINE_CURVE((1.,0.5,1.,0.5,
1.,0.5,1.)) REPRESENTATION_ITEM('') );
#4477 = CARTESIAN_POINT('',(11.,17.972130540219));
#4478 = CARTESIAN_POINT('',(11.,23.168281230875));
#4479 = CARTESIAN_POINT('',(15.4999985,20.570205885547));
#4480 = CARTESIAN_POINT('',(19.999997,17.972130540219));
#4481 = CARTESIAN_POINT('',(15.4999985,15.374055194891));
#4482 = CARTESIAN_POINT('',(11.,12.775979849563));
#4483 = CARTESIAN_POINT('',(11.,17.972130540219));
#4484 = ( GEOMETRIC_REPRESENTATION_CONTEXT(2) 
PARAMETRIC_REPRESENTATION_CONTEXT() REPRESENTATION_CONTEXT('2D SPACE',''
  ) );
#4485 = PCURVE('',#4486,#4491);
#4486 = CYLINDRICAL_SURFACE('',#4487,2.999999);
#4487 = AXIS2_PLACEMENT_3D('',#4488,#4489,#4490);
#4488 = CARTESIAN_POINT('',(-13.999999,9.499999,4.5));
#4489 = DIRECTION('',(0.,0.,1.));
#4490 = DIRECTION('',(1.,0.,-0.));
#4491 = DEFINITIONAL_REPRESENTATION('',(#4492),#4496);
#4492 = LINE('',#4493,#4494);
#4493 = CARTESIAN_POINT('',(0.,1.));
#4494 = VECTOR('',#4495,1.);
#4495 = DIRECTION('',(1.,0.));
#4496 = ( GEOMETRIC_REPRESENTATION_CONTEXT(2) 
PARAMETRIC_REPRESENTATION_CONTEXT() REPRESENTATION_CONTEXT('2D SPACE',''
  ) );
#4497 = ORIENTED_EDGE('',*,*,#4498,.T.);
#4498 = EDGE_CURVE('',#4466,#4499,#4501,.T.);
#4499 = VERTEX_POINT('',#4500);
#4500 = CARTESIAN_POINT('',(-8.5,10.,5.5));
#4501 = SURFACE_CURVE('',#4502,(#4507,#4518),.PCURVE_S1.);
#4502 = CIRCLE('',#4503,1.5);
#4503 = AXIS2_PLACEMENT_3D('',#4504,#4505,#4506);
#4504 = CARTESIAN_POINT('',(-10.,10.,5.5));
#4505 = DIRECTION('',(0.,0.,1.));
#4506 = DIRECTION('',(1.,0.,-0.));
#4507 = PCURVE('',#150,#4508);
#4508 = DEFINITIONAL_REPRESENTATION('',(#4509),#4517);
#4509 = ( BOUNDED_CURVE() B_SPLINE_CURVE(2,(#4510,#4511,#4512,#4513,
#4514,#4515,#4516),.UNSPECIFIED.,.T.,.F.) B_SPLINE_CURVE_WITH_KNOTS((1,2
    ,2,2,2,1),(-2.094395102393,0.,2.094395102393,4.188790204786,
6.28318530718,8.377580409573),.UNSPECIFIED.) CURVE() 
GEOMETRIC_REPRESENTATION_ITEM() RATIONAL_B_SPLINE_CURVE((1.,0.5,1.,0.5,
1.,0.5,1.)) REPRESENTATION_ITEM('') );
#4510 = CARTESIAN_POINT('',(8.5,18.472131540219));
#4511 = CARTESIAN_POINT('',(8.5,21.070207751572));
#4512 = CARTESIAN_POINT('',(10.75,19.771169645896));
#4513 = CARTESIAN_POINT('',(13.,18.472131540219));
#4514 = CARTESIAN_POINT('',(10.75,17.173093434542));
#4515 = CARTESIAN_POINT('',(8.5,15.874055328866));
#4516 = CARTESIAN_POINT('',(8.5,18.472131540219));
#4517 = ( GEOMETRIC_REPRESENTATION_CONTEXT(2) 
PARAMETRIC_REPRESENTATION_CONTEXT() REPRESENTATION_CONTEXT('2D SPACE',''
  ) );
#4518 = PCURVE('',#4519,#4524);
#4519 = CYLINDRICAL_SURFACE('',#4520,1.5);
#4520 = AXIS2_PLACEMENT_3D('',#4521,#4522,#4523);
#4521 = CARTESIAN_POINT('',(-10.,10.,4.5));
#4522 = DIRECTION('',(0.,0.,1.));
#4523 = DIRECTION('',(1.,0.,-0.));
#4524 = DEFINITIONAL_REPRESENTATION('',(#4525),#4529);
#4525 = LINE('',#4526,#4527);
#4526 = CARTESIAN_POINT('',(0.,1.));
#4527 = VECTOR('',#4528,1.);
#4528 = DIRECTION('',(1.,0.));
#4529 = ( GEOMETRIC_REPRESENTATION_CONTEXT(2) 
PARAMETRIC_REPRESENTATION_CONTEXT() REPRESENTATION_CONTEXT('2D SPACE',''
  ) );
#4530 = ORIENTED_EDGE('',*,*,#4531,.T.);
#4531 = EDGE_CURVE('',#4499,#4532,#4534,.T.);
#4532 = VERTEX_POINT('',#4533);
#4533 = CARTESIAN_POINT('',(-11.,11.11803398875,5.5));
#4534 = SURFACE_CURVE('',#4535,(#4540,#4551),.PCURVE_S1.);
#4535 = CIRCLE('',#4536,1.5);
#4536 = AXIS2_PLACEMENT_3D('',#4537,#4538,#4539);
#4537 = CARTESIAN_POINT('',(-10.,10.,5.5));
#4538 = DIRECTION('',(0.,0.,1.));
#4539 = DIRECTION('',(1.,0.,-0.));
#4540 = PCURVE('',#150,#4541);
#4541 = DEFINITIONAL_REPRESENTATION('',(#4542),#4550);
#4542 = ( BOUNDED_CURVE() B_SPLINE_CURVE(2,(#4543,#4544,#4545,#4546,
#4547,#4548,#4549),.UNSPECIFIED.,.T.,.F.) B_SPLINE_CURVE_WITH_KNOTS((1,2
    ,2,2,2,1),(-2.094395102393,0.,2.094395102393,4.188790204786,
6.28318530718,8.377580409573),.UNSPECIFIED.) CURVE() 
GEOMETRIC_REPRESENTATION_ITEM() RATIONAL_B_SPLINE_CURVE((1.,0.5,1.,0.5,
1.,0.5,1.)) REPRESENTATION_ITEM('') );
#4543 = CARTESIAN_POINT('',(8.5,18.472131540219));
#4544 = CARTESIAN_POINT('',(8.5,21.070207751572));
#4545 = CARTESIAN_POINT('',(10.75,19.771169645896));
#4546 = CARTESIAN_POINT('',(13.,18.472131540219));
#4547 = CARTESIAN_POINT('',(10.75,17.173093434542));
#4548 = CARTESIAN_POINT('',(8.5,15.874055328866));
#4549 = CARTESIAN_POINT('',(8.5,18.472131540219));
#4550 = ( GEOMETRIC_REPRESENTATION_CONTEXT(2) 
PARAMETRIC_REPRESENTATION_CONTEXT() REPRESENTATION_CONTEXT('2D SPACE',''
  ) );
#4551 = PCURVE('',#4552,#4557);
#4552 = CYLINDRICAL_SURFACE('',#4553,1.5);
#4553 = AXIS2_PLACEMENT_3D('',#4554,#4555,#4556);
#4554 = CARTESIAN_POINT('',(-10.,10.,4.5));
#4555 = DIRECTION('',(0.,0.,1.));
#4556 = DIRECTION('',(1.,0.,-0.));
#4557 = DEFINITIONAL_REPRESENTATION('',(#4558),#4562);
#4558 = LINE('',#4559,#4560);
#4559 = CARTESIAN_POINT('',(0.,1.));
#4560 = VECTOR('',#4561,1.);
#4561 = DIRECTION('',(1.,0.));
#4562 = ( GEOMETRIC_REPRESENTATION_CONTEXT(2) 
PARAMETRIC_REPRESENTATION_CONTEXT() REPRESENTATION_CONTEXT('2D SPACE',''
  ) );
#4563 = ORIENTED_EDGE('',*,*,#4564,.F.);
#4564 = EDGE_CURVE('',#4565,#4532,#4567,.T.);
#4565 = VERTEX_POINT('',#4566);
#4566 = CARTESIAN_POINT('',(-11.,18.500001,5.5));
#4567 = SURFACE_CURVE('',#4568,(#4572,#4578),.PCURVE_S1.);
#4568 = LINE('',#4569,#4570);
#4569 = CARTESIAN_POINT('',(-11.,0.51393372989,5.5));
#4570 = VECTOR('',#4571,1.);
#4571 = DIRECTION('',(0.,-1.,0.));
#4572 = PCURVE('',#150,#4573);
#4573 = DEFINITIONAL_REPRESENTATION('',(#4574),#4577);
#4574 = B_SPLINE_CURVE_WITH_KNOTS('',1,(#4575,#4576),.UNSPECIFIED.,.F.,
  .F.,(2,2),(-17.98606727011,-8.98606527011),.PIECEWISE_BEZIER_KNOTS.);
#4575 = CARTESIAN_POINT('',(11.,26.972132540219));
#4576 = CARTESIAN_POINT('',(11.,17.972130540219));
#4577 = ( GEOMETRIC_REPRESENTATION_CONTEXT(2) 
PARAMETRIC_REPRESENTATION_CONTEXT() REPRESENTATION_CONTEXT('2D SPACE',''
  ) );
#4578 = PCURVE('',#4579,#4584);
#4579 = PLANE('',#4580);
#4580 = AXIS2_PLACEMENT_3D('',#4581,#4582,#4583);
#4581 = CARTESIAN_POINT('',(-11.,9.499999,4.5));
#4582 = DIRECTION('',(1.,0.,-0.));
#4583 = DIRECTION('',(0.,0.,1.));
#4584 = DEFINITIONAL_REPRESENTATION('',(#4585),#4588);
#4585 = B_SPLINE_CURVE_WITH_KNOTS('',1,(#4586,#4587),.UNSPECIFIED.,.F.,
  .F.,(2,2),(-17.98606727011,-8.98606527011),.PIECEWISE_BEZIER_KNOTS.);
#4586 = CARTESIAN_POINT('',(1.,-9.000002));
#4587 = CARTESIAN_POINT('',(1.,0.));
#4588 = ( GEOMETRIC_REPRESENTATION_CONTEXT(2) 
PARAMETRIC_REPRESENTATION_CONTEXT() REPRESENTATION_CONTEXT('2D SPACE',''
  ) );
#4589 = ORIENTED_EDGE('',*,*,#4590,.T.);
#4590 = EDGE_CURVE('',#4565,#4591,#4593,.T.);
#4591 = VERTEX_POINT('',#4592);
#4592 = CARTESIAN_POINT('',(-13.999999,21.5,5.5));
#4593 = SURFACE_CURVE('',#4594,(#4599,#4610),.PCURVE_S1.);
#4594 = CIRCLE('',#4595,2.999999);
#4595 = AXIS2_PLACEMENT_3D('',#4596,#4597,#4598);
#4596 = CARTESIAN_POINT('',(-13.999999,18.500001,5.5));
#4597 = DIRECTION('',(0.,0.,1.));
#4598 = DIRECTION('',(1.,0.,-0.));
#4599 = PCURVE('',#150,#4600);
#4600 = DEFINITIONAL_REPRESENTATION('',(#4601),#4609);
#4601 = ( BOUNDED_CURVE() B_SPLINE_CURVE(2,(#4602,#4603,#4604,#4605,
#4606,#4607,#4608),.UNSPECIFIED.,.T.,.F.) B_SPLINE_CURVE_WITH_KNOTS((1,2
    ,2,2,2,1),(-2.094395102393,0.,2.094395102393,4.188790204786,
6.28318530718,8.377580409573),.UNSPECIFIED.) CURVE() 
GEOMETRIC_REPRESENTATION_ITEM() RATIONAL_B_SPLINE_CURVE((1.,0.5,1.,0.5,
1.,0.5,1.)) REPRESENTATION_ITEM('') );
#4602 = CARTESIAN_POINT('',(11.,26.972132540219));
#4603 = CARTESIAN_POINT('',(11.,32.168283230875));
#4604 = CARTESIAN_POINT('',(15.4999985,29.570207885547));
#4605 = CARTESIAN_POINT('',(19.999997,26.972132540219));
#4606 = CARTESIAN_POINT('',(15.4999985,24.374057194891));
#4607 = CARTESIAN_POINT('',(11.,21.775981849563));
#4608 = CARTESIAN_POINT('',(11.,26.972132540219));
#4609 = ( GEOMETRIC_REPRESENTATION_CONTEXT(2) 
PARAMETRIC_REPRESENTATION_CONTEXT() REPRESENTATION_CONTEXT('2D SPACE',''
  ) );
#4610 = PCURVE('',#4611,#4616);
#4611 = CYLINDRICAL_SURFACE('',#4612,2.999999);
#4612 = AXIS2_PLACEMENT_3D('',#4613,#4614,#4615);
#4613 = CARTESIAN_POINT('',(-13.999999,18.500001,4.5));
#4614 = DIRECTION('',(0.,0.,1.));
#4615 = DIRECTION('',(1.,0.,-0.));
#4616 = DEFINITIONAL_REPRESENTATION('',(#4617),#4621);
#4617 = LINE('',#4618,#4619);
#4618 = CARTESIAN_POINT('',(0.,1.));
#4619 = VECTOR('',#4620,1.);
#4620 = DIRECTION('',(1.,0.));
#4621 = ( GEOMETRIC_REPRESENTATION_CONTEXT(2) 
PARAMETRIC_REPRESENTATION_CONTEXT() REPRESENTATION_CONTEXT('2D SPACE',''
  ) );
#4622 = ORIENTED_EDGE('',*,*,#4623,.F.);
#4623 = EDGE_CURVE('',#4624,#4591,#4626,.T.);
#4624 = VERTEX_POINT('',#4625);
#4625 = CARTESIAN_POINT('',(-14.000001,21.5,5.5));
#4626 = SURFACE_CURVE('',#4627,(#4631,#4637),.PCURVE_S1.);
#4627 = LINE('',#4628,#4629);
#4628 = CARTESIAN_POINT('',(-7.0000005,21.5,5.5));
#4629 = VECTOR('',#4630,1.);
#4630 = DIRECTION('',(1.,0.,-0.));
#4631 = PCURVE('',#150,#4632);
#4632 = DEFINITIONAL_REPRESENTATION('',(#4633),#4636);
#4633 = B_SPLINE_CURVE_WITH_KNOTS('',1,(#4634,#4635),.UNSPECIFIED.,.F.,
  .F.,(2,2),(-7.0000005,-6.9999985),.PIECEWISE_BEZIER_KNOTS.);
#4634 = CARTESIAN_POINT('',(14.000001,29.972131540219));
#4635 = CARTESIAN_POINT('',(13.999999,29.972131540219));
#4636 = ( GEOMETRIC_REPRESENTATION_CONTEXT(2) 
PARAMETRIC_REPRESENTATION_CONTEXT() REPRESENTATION_CONTEXT('2D SPACE',''
  ) );
#4637 = PCURVE('',#4638,#4643);
#4638 = PLANE('',#4639);
#4639 = AXIS2_PLACEMENT_3D('',#4640,#4641,#4642);
#4640 = CARTESIAN_POINT('',(-14.000001,21.5,4.5));
#4641 = DIRECTION('',(-0.,1.,0.));
#4642 = DIRECTION('',(0.,0.,1.));
#4643 = DEFINITIONAL_REPRESENTATION('',(#4644),#4647);
#4644 = B_SPLINE_CURVE_WITH_KNOTS('',1,(#4645,#4646),.UNSPECIFIED.,.F.,
  .F.,(2,2),(-7.0000005,-6.9999985),.PIECEWISE_BEZIER_KNOTS.);
#4645 = CARTESIAN_POINT('',(1.,0.));
#4646 = CARTESIAN_POINT('',(1.,2.00000000028E-06));
#4647 = ( GEOMETRIC_REPRESENTATION_CONTEXT(2) 
PARAMETRIC_REPRESENTATION_CONTEXT() REPRESENTATION_CONTEXT('2D SPACE',''
  ) );
#4648 = ORIENTED_EDGE('',*,*,#4649,.T.);
#4649 = EDGE_CURVE('',#4624,#4650,#4652,.T.);
#4650 = VERTEX_POINT('',#4651);
#4651 = CARTESIAN_POINT('',(-17.,18.500001,5.5));
#4652 = SURFACE_CURVE('',#4653,(#4658,#4669),.PCURVE_S1.);
#4653 = CIRCLE('',#4654,2.999999);
#4654 = AXIS2_PLACEMENT_3D('',#4655,#4656,#4657);
#4655 = CARTESIAN_POINT('',(-14.000001,18.500001,5.5));
#4656 = DIRECTION('',(0.,0.,1.));
#4657 = DIRECTION('',(1.,0.,-0.));
#4658 = PCURVE('',#150,#4659);
#4659 = DEFINITIONAL_REPRESENTATION('',(#4660),#4668);
#4660 = ( BOUNDED_CURVE() B_SPLINE_CURVE(2,(#4661,#4662,#4663,#4664,
#4665,#4666,#4667),.UNSPECIFIED.,.T.,.F.) B_SPLINE_CURVE_WITH_KNOTS((1,2
    ,2,2,2,1),(-2.094395102393,0.,2.094395102393,4.188790204786,
6.28318530718,8.377580409573),.UNSPECIFIED.) CURVE() 
GEOMETRIC_REPRESENTATION_ITEM() RATIONAL_B_SPLINE_CURVE((1.,0.5,1.,0.5,
1.,0.5,1.)) REPRESENTATION_ITEM('') );
#4661 = CARTESIAN_POINT('',(11.000002,26.972132540219));
#4662 = CARTESIAN_POINT('',(11.000002,32.168283230875));
#4663 = CARTESIAN_POINT('',(15.5000005,29.570207885547));
#4664 = CARTESIAN_POINT('',(19.999999,26.972132540219));
#4665 = CARTESIAN_POINT('',(15.5000005,24.374057194891));
#4666 = CARTESIAN_POINT('',(11.000002,21.775981849563));
#4667 = CARTESIAN_POINT('',(11.000002,26.972132540219));
#4668 = ( GEOMETRIC_REPRESENTATION_CONTEXT(2) 
PARAMETRIC_REPRESENTATION_CONTEXT() REPRESENTATION_CONTEXT('2D SPACE',''
  ) );
#4669 = PCURVE('',#4670,#4675);
#4670 = CYLINDRICAL_SURFACE('',#4671,2.999999);
#4671 = AXIS2_PLACEMENT_3D('',#4672,#4673,#4674);
#4672 = CARTESIAN_POINT('',(-14.000001,18.500001,4.5));
#4673 = DIRECTION('',(0.,0.,1.));
#4674 = DIRECTION('',(1.,0.,-0.));
#4675 = DEFINITIONAL_REPRESENTATION('',(#4676),#4680);
#4676 = LINE('',#4677,#4678);
#4677 = CARTESIAN_POINT('',(0.,1.));
#4678 = VECTOR('',#4679,1.);
#4679 = DIRECTION('',(1.,0.));
#4680 = ( GEOMETRIC_REPRESENTATION_CONTEXT(2) 
PARAMETRIC_REPRESENTATION_CONTEXT() REPRESENTATION_CONTEXT('2D SPACE',''
  ) );
#4681 = ORIENTED_EDGE('',*,*,#4682,.T.);
#4682 = EDGE_CURVE('',#4650,#4346,#4683,.T.);
#4683 = SURFACE_CURVE('',#4684,(#4688,#4694),.PCURVE_S1.);
#4684 = LINE('',#4685,#4686);
#4685 = CARTESIAN_POINT('',(-17.,0.51393372989,5.5));
#4686 = VECTOR('',#4687,1.);
#4687 = DIRECTION('',(0.,-1.,0.));
#4688 = PCURVE('',#150,#4689);
#4689 = DEFINITIONAL_REPRESENTATION('',(#4690),#4693);
#4690 = B_SPLINE_CURVE_WITH_KNOTS('',1,(#4691,#4692),.UNSPECIFIED.,.F.,
  .F.,(2,2),(-17.98606727011,-8.98606527011),.PIECEWISE_BEZIER_KNOTS.);
#4691 = CARTESIAN_POINT('',(17.,26.972132540219));
#4692 = CARTESIAN_POINT('',(17.,17.972130540219));
#4693 = ( GEOMETRIC_REPRESENTATION_CONTEXT(2) 
PARAMETRIC_REPRESENTATION_CONTEXT() REPRESENTATION_CONTEXT('2D SPACE',''
  ) );
#4694 = PCURVE('',#4695,#4700);
#4695 = PLANE('',#4696);
#4696 = AXIS2_PLACEMENT_3D('',#4697,#4698,#4699);
#4697 = CARTESIAN_POINT('',(-17.,9.499999,4.5));
#4698 = DIRECTION('',(1.,0.,-0.));
#4699 = DIRECTION('',(0.,0.,1.));
#4700 = DEFINITIONAL_REPRESENTATION('',(#4701),#4704);
#4701 = B_SPLINE_CURVE_WITH_KNOTS('',1,(#4702,#4703),.UNSPECIFIED.,.F.,
  .F.,(2,2),(-17.98606727011,-8.98606527011),.PIECEWISE_BEZIER_KNOTS.);
#4702 = CARTESIAN_POINT('',(1.,-9.000002));
#4703 = CARTESIAN_POINT('',(1.,0.));
#4704 = ( GEOMETRIC_REPRESENTATION_CONTEXT(2) 
PARAMETRIC_REPRESENTATION_CONTEXT() REPRESENTATION_CONTEXT('2D SPACE',''
  ) );
#4705 = FACE_BOUND('',#4706,.T.);
#4706 = EDGE_LOOP('',(#4707));
#4707 = ORIENTED_EDGE('',*,*,#4708,.T.);
#4708 = EDGE_CURVE('',#4709,#4709,#4711,.T.);
#4709 = VERTEX_POINT('',#4710);
#4710 = CARTESIAN_POINT('',(-19.33333333333,13.819269959814,5.5));
#4711 = SURFACE_CURVE('',#4712,(#4717,#4728),.PCURVE_S1.);
#4712 = CIRCLE('',#4713,1.5);
#4713 = AXIS2_PLACEMENT_3D('',#4714,#4715,#4716);
#4714 = CARTESIAN_POINT('',(-20.83333333333,13.819269959814,5.5));
#4715 = DIRECTION('',(0.,0.,1.));
#4716 = DIRECTION('',(1.,0.,-0.));
#4717 = PCURVE('',#150,#4718);
#4718 = DEFINITIONAL_REPRESENTATION('',(#4719),#4727);
#4719 = ( BOUNDED_CURVE() B_SPLINE_CURVE(2,(#4720,#4721,#4722,#4723,
#4724,#4725,#4726),.UNSPECIFIED.,.T.,.F.) B_SPLINE_CURVE_WITH_KNOTS((1,2
    ,2,2,2,1),(-2.094395102393,0.,2.094395102393,4.188790204786,
6.28318530718,8.377580409573),.UNSPECIFIED.) CURVE() 
GEOMETRIC_REPRESENTATION_ITEM() RATIONAL_B_SPLINE_CURVE((1.,0.5,1.,0.5,
1.,0.5,1.)) REPRESENTATION_ITEM('') );
#4720 = CARTESIAN_POINT('',(19.333333333333,22.291401500033));
#4721 = CARTESIAN_POINT('',(19.333333333333,24.889477711387));
#4722 = CARTESIAN_POINT('',(21.583333333333,23.59043960571));
#4723 = CARTESIAN_POINT('',(23.833333333333,22.291401500033));
#4724 = CARTESIAN_POINT('',(21.583333333333,20.992363394357));
#4725 = CARTESIAN_POINT('',(19.333333333333,19.69332528868));
#4726 = CARTESIAN_POINT('',(19.333333333333,22.291401500033));
#4727 = ( GEOMETRIC_REPRESENTATION_CONTEXT(2) 
PARAMETRIC_REPRESENTATION_CONTEXT() REPRESENTATION_CONTEXT('2D SPACE',''
  ) );
#4728 = PCURVE('',#4729,#4734);
#4729 = CYLINDRICAL_SURFACE('',#4730,1.5);
#4730 = AXIS2_PLACEMENT_3D('',#4731,#4732,#4733);
#4731 = CARTESIAN_POINT('',(-20.83333333333,13.819269959814,4.5));
#4732 = DIRECTION('',(0.,0.,1.));
#4733 = DIRECTION('',(1.,0.,-0.));
#4734 = DEFINITIONAL_REPRESENTATION('',(#4735),#4739);
#4735 = LINE('',#4736,#4737);
#4736 = CARTESIAN_POINT('',(0.,1.));
#4737 = VECTOR('',#4738,1.);
#4738 = DIRECTION('',(1.,0.));
#4739 = ( GEOMETRIC_REPRESENTATION_CONTEXT(2) 
PARAMETRIC_REPRESENTATION_CONTEXT() REPRESENTATION_CONTEXT('2D SPACE',''
  ) );
#4740 = FACE_BOUND('',#4741,.T.);
#4741 = EDGE_LOOP('',(#4742,#4770,#4803,#4829,#4862,#4888,#4921,#4947));
#4742 = ORIENTED_EDGE('',*,*,#4743,.T.);
#4743 = EDGE_CURVE('',#4744,#4746,#4748,.T.);
#4744 = VERTEX_POINT('',#4745);
#4745 = CARTESIAN_POINT('',(-4.5,30.,5.5));
#4746 = VERTEX_POINT('',#4747);
#4747 = CARTESIAN_POINT('',(-4.5,22.,5.5));
#4748 = SURFACE_CURVE('',#4749,(#4753,#4759),.PCURVE_S1.);
#4749 = LINE('',#4750,#4751);
#4750 = CARTESIAN_POINT('',(-4.5,6.76393422989,5.5));
#4751 = VECTOR('',#4752,1.);
#4752 = DIRECTION('',(0.,-1.,0.));
#4753 = PCURVE('',#150,#4754);
#4754 = DEFINITIONAL_REPRESENTATION('',(#4755),#4758);
#4755 = B_SPLINE_CURVE_WITH_KNOTS('',1,(#4756,#4757),.UNSPECIFIED.,.F.,
  .F.,(2,2),(-23.23606577011,-15.23606577011),.PIECEWISE_BEZIER_KNOTS.);
#4756 = CARTESIAN_POINT('',(4.5,38.472131540219));
#4757 = CARTESIAN_POINT('',(4.5,30.472131540219));
#4758 = ( GEOMETRIC_REPRESENTATION_CONTEXT(2) 
PARAMETRIC_REPRESENTATION_CONTEXT() REPRESENTATION_CONTEXT('2D SPACE',''
  ) );
#4759 = PCURVE('',#4760,#4765);
#4760 = PLANE('',#4761);
#4761 = AXIS2_PLACEMENT_3D('',#4762,#4763,#4764);
#4762 = CARTESIAN_POINT('',(-4.5,22.,4.5));
#4763 = DIRECTION('',(1.,0.,-0.));
#4764 = DIRECTION('',(0.,0.,1.));
#4765 = DEFINITIONAL_REPRESENTATION('',(#4766),#4769);
#4766 = B_SPLINE_CURVE_WITH_KNOTS('',1,(#4767,#4768),.UNSPECIFIED.,.F.,
  .F.,(2,2),(-23.23606577011,-15.23606577011),.PIECEWISE_BEZIER_KNOTS.);
#4767 = CARTESIAN_POINT('',(1.,-8.));
#4768 = CARTESIAN_POINT('',(1.,0.));
#4769 = ( GEOMETRIC_REPRESENTATION_CONTEXT(2) 
PARAMETRIC_REPRESENTATION_CONTEXT() REPRESENTATION_CONTEXT('2D SPACE',''
  ) );
#4770 = ORIENTED_EDGE('',*,*,#4771,.T.);
#4771 = EDGE_CURVE('',#4746,#4772,#4774,.T.);
#4772 = VERTEX_POINT('',#4773);
#4773 = CARTESIAN_POINT('',(-0.5,18.,5.5));
#4774 = SURFACE_CURVE('',#4775,(#4780,#4791),.PCURVE_S1.);
#4775 = CIRCLE('',#4776,4.);
#4776 = AXIS2_PLACEMENT_3D('',#4777,#4778,#4779);
#4777 = CARTESIAN_POINT('',(-0.5,22.,5.5));
#4778 = DIRECTION('',(0.,0.,1.));
#4779 = DIRECTION('',(1.,0.,-0.));
#4780 = PCURVE('',#150,#4781);
#4781 = DEFINITIONAL_REPRESENTATION('',(#4782),#4790);
#4782 = ( BOUNDED_CURVE() B_SPLINE_CURVE(2,(#4783,#4784,#4785,#4786,
#4787,#4788,#4789),.UNSPECIFIED.,.T.,.F.) B_SPLINE_CURVE_WITH_KNOTS((1,2
    ,2,2,2,1),(-2.094395102393,0.,2.094395102393,4.188790204786,
6.28318530718,8.377580409573),.UNSPECIFIED.) CURVE() 
GEOMETRIC_REPRESENTATION_ITEM() RATIONAL_B_SPLINE_CURVE((1.,0.5,1.,0.5,
1.,0.5,1.)) REPRESENTATION_ITEM('') );
#4783 = CARTESIAN_POINT('',(-3.5,30.472131540219));
#4784 = CARTESIAN_POINT('',(-3.5,37.400334770495));
#4785 = CARTESIAN_POINT('',(2.5,33.936233155357));
#4786 = CARTESIAN_POINT('',(8.5,30.472131540219));
#4787 = CARTESIAN_POINT('',(2.5,27.008029925081));
#4788 = CARTESIAN_POINT('',(-3.5,23.543928309944));
#4789 = CARTESIAN_POINT('',(-3.5,30.472131540219));
#4790 = ( GEOMETRIC_REPRESENTATION_CONTEXT(2) 
PARAMETRIC_REPRESENTATION_CONTEXT() REPRESENTATION_CONTEXT('2D SPACE',''
  ) );
#4791 = PCURVE('',#4792,#4797);
#4792 = CYLINDRICAL_SURFACE('',#4793,4.);
#4793 = AXIS2_PLACEMENT_3D('',#4794,#4795,#4796);
#4794 = CARTESIAN_POINT('',(-0.5,22.,4.5));
#4795 = DIRECTION('',(0.,0.,1.));
#4796 = DIRECTION('',(1.,0.,-0.));
#4797 = DEFINITIONAL_REPRESENTATION('',(#4798),#4802);
#4798 = LINE('',#4799,#4800);
#4799 = CARTESIAN_POINT('',(0.,1.));
#4800 = VECTOR('',#4801,1.);
#4801 = DIRECTION('',(1.,0.));
#4802 = ( GEOMETRIC_REPRESENTATION_CONTEXT(2) 
PARAMETRIC_REPRESENTATION_CONTEXT() REPRESENTATION_CONTEXT('2D SPACE',''
  ) );
#4803 = ORIENTED_EDGE('',*,*,#4804,.T.);
#4804 = EDGE_CURVE('',#4772,#4805,#4807,.T.);
#4805 = VERTEX_POINT('',#4806);
#4806 = CARTESIAN_POINT('',(0.5,18.,5.5));
#4807 = SURFACE_CURVE('',#4808,(#4812,#4818),.PCURVE_S1.);
#4808 = LINE('',#4809,#4810);
#4809 = CARTESIAN_POINT('',(-0.25,18.,5.5));
#4810 = VECTOR('',#4811,1.);
#4811 = DIRECTION('',(1.,0.,-0.));
#4812 = PCURVE('',#150,#4813);
#4813 = DEFINITIONAL_REPRESENTATION('',(#4814),#4817);
#4814 = B_SPLINE_CURVE_WITH_KNOTS('',1,(#4815,#4816),.UNSPECIFIED.,.F.,
  .F.,(2,2),(-0.25,0.75),.PIECEWISE_BEZIER_KNOTS.);
#4815 = CARTESIAN_POINT('',(0.5,26.472131540219));
#4816 = CARTESIAN_POINT('',(-0.5,26.472131540219));
#4817 = ( GEOMETRIC_REPRESENTATION_CONTEXT(2) 
PARAMETRIC_REPRESENTATION_CONTEXT() REPRESENTATION_CONTEXT('2D SPACE',''
  ) );
#4818 = PCURVE('',#4819,#4824);
#4819 = PLANE('',#4820);
#4820 = AXIS2_PLACEMENT_3D('',#4821,#4822,#4823);
#4821 = CARTESIAN_POINT('',(-0.5,18.,4.5));
#4822 = DIRECTION('',(-0.,1.,0.));
#4823 = DIRECTION('',(0.,0.,1.));
#4824 = DEFINITIONAL_REPRESENTATION('',(#4825),#4828);
#4825 = B_SPLINE_CURVE_WITH_KNOTS('',1,(#4826,#4827),.UNSPECIFIED.,.F.,
  .F.,(2,2),(-0.25,0.75),.PIECEWISE_BEZIER_KNOTS.);
#4826 = CARTESIAN_POINT('',(1.,0.));
#4827 = CARTESIAN_POINT('',(1.,1.));
#4828 = ( GEOMETRIC_REPRESENTATION_CONTEXT(2) 
PARAMETRIC_REPRESENTATION_CONTEXT() REPRESENTATION_CONTEXT('2D SPACE',''
  ) );
#4829 = ORIENTED_EDGE('',*,*,#4830,.T.);
#4830 = EDGE_CURVE('',#4805,#4831,#4833,.T.);
#4831 = VERTEX_POINT('',#4832);
#4832 = CARTESIAN_POINT('',(4.5,22.,5.5));
#4833 = SURFACE_CURVE('',#4834,(#4839,#4850),.PCURVE_S1.);
#4834 = CIRCLE('',#4835,4.);
#4835 = AXIS2_PLACEMENT_3D('',#4836,#4837,#4838);
#4836 = CARTESIAN_POINT('',(0.5,22.,5.5));
#4837 = DIRECTION('',(0.,0.,1.));
#4838 = DIRECTION('',(1.,0.,-0.));
#4839 = PCURVE('',#150,#4840);
#4840 = DEFINITIONAL_REPRESENTATION('',(#4841),#4849);
#4841 = ( BOUNDED_CURVE() B_SPLINE_CURVE(2,(#4842,#4843,#4844,#4845,
#4846,#4847,#4848),.UNSPECIFIED.,.T.,.F.) B_SPLINE_CURVE_WITH_KNOTS((1,2
    ,2,2,2,1),(-2.094395102393,0.,2.094395102393,4.188790204786,
6.28318530718,8.377580409573),.UNSPECIFIED.) CURVE() 
GEOMETRIC_REPRESENTATION_ITEM() RATIONAL_B_SPLINE_CURVE((1.,0.5,1.,0.5,
1.,0.5,1.)) REPRESENTATION_ITEM('') );
#4842 = CARTESIAN_POINT('',(-4.5,30.472131540219));
#4843 = CARTESIAN_POINT('',(-4.5,37.400334770495));
#4844 = CARTESIAN_POINT('',(1.5,33.936233155357));
#4845 = CARTESIAN_POINT('',(7.5,30.472131540219));
#4846 = CARTESIAN_POINT('',(1.5,27.008029925081));
#4847 = CARTESIAN_POINT('',(-4.5,23.543928309944));
#4848 = CARTESIAN_POINT('',(-4.5,30.472131540219));
#4849 = ( GEOMETRIC_REPRESENTATION_CONTEXT(2) 
PARAMETRIC_REPRESENTATION_CONTEXT() REPRESENTATION_CONTEXT('2D SPACE',''
  ) );
#4850 = PCURVE('',#4851,#4856);
#4851 = CYLINDRICAL_SURFACE('',#4852,4.);
#4852 = AXIS2_PLACEMENT_3D('',#4853,#4854,#4855);
#4853 = CARTESIAN_POINT('',(0.5,22.,4.5));
#4854 = DIRECTION('',(0.,0.,1.));
#4855 = DIRECTION('',(1.,0.,-0.));
#4856 = DEFINITIONAL_REPRESENTATION('',(#4857),#4861);
#4857 = LINE('',#4858,#4859);
#4858 = CARTESIAN_POINT('',(0.,1.));
#4859 = VECTOR('',#4860,1.);
#4860 = DIRECTION('',(1.,0.));
#4861 = ( GEOMETRIC_REPRESENTATION_CONTEXT(2) 
PARAMETRIC_REPRESENTATION_CONTEXT() REPRESENTATION_CONTEXT('2D SPACE',''
  ) );
#4862 = ORIENTED_EDGE('',*,*,#4863,.F.);
#4863 = EDGE_CURVE('',#4864,#4831,#4866,.T.);
#4864 = VERTEX_POINT('',#4865);
#4865 = CARTESIAN_POINT('',(4.5,30.,5.5));
#4866 = SURFACE_CURVE('',#4867,(#4871,#4877),.PCURVE_S1.);
#4867 = LINE('',#4868,#4869);
#4868 = CARTESIAN_POINT('',(4.5,6.76393422989,5.5));
#4869 = VECTOR('',#4870,1.);
#4870 = DIRECTION('',(0.,-1.,0.));
#4871 = PCURVE('',#150,#4872);
#4872 = DEFINITIONAL_REPRESENTATION('',(#4873),#4876);
#4873 = B_SPLINE_CURVE_WITH_KNOTS('',1,(#4874,#4875),.UNSPECIFIED.,.F.,
  .F.,(2,2),(-23.23606577011,-15.23606577011),.PIECEWISE_BEZIER_KNOTS.);
#4874 = CARTESIAN_POINT('',(-4.5,38.472131540219));
#4875 = CARTESIAN_POINT('',(-4.5,30.472131540219));
#4876 = ( GEOMETRIC_REPRESENTATION_CONTEXT(2) 
PARAMETRIC_REPRESENTATION_CONTEXT() REPRESENTATION_CONTEXT('2D SPACE',''
  ) );
#4877 = PCURVE('',#4878,#4883);
#4878 = PLANE('',#4879);
#4879 = AXIS2_PLACEMENT_3D('',#4880,#4881,#4882);
#4880 = CARTESIAN_POINT('',(4.5,22.,4.5));
#4881 = DIRECTION('',(1.,0.,-0.));
#4882 = DIRECTION('',(0.,0.,1.));
#4883 = DEFINITIONAL_REPRESENTATION('',(#4884),#4887);
#4884 = B_SPLINE_CURVE_WITH_KNOTS('',1,(#4885,#4886),.UNSPECIFIED.,.F.,
  .F.,(2,2),(-23.23606577011,-15.23606577011),.PIECEWISE_BEZIER_KNOTS.);
#4885 = CARTESIAN_POINT('',(1.,-8.));
#4886 = CARTESIAN_POINT('',(1.,0.));
#4887 = ( GEOMETRIC_REPRESENTATION_CONTEXT(2) 
PARAMETRIC_REPRESENTATION_CONTEXT() REPRESENTATION_CONTEXT('2D SPACE',''
  ) );
#4888 = ORIENTED_EDGE('',*,*,#4889,.T.);
#4889 = EDGE_CURVE('',#4864,#4890,#4892,.T.);
#4890 = VERTEX_POINT('',#4891);
#4891 = CARTESIAN_POINT('',(0.5,34.,5.5));
#4892 = SURFACE_CURVE('',#4893,(#4898,#4909),.PCURVE_S1.);
#4893 = CIRCLE('',#4894,4.);
#4894 = AXIS2_PLACEMENT_3D('',#4895,#4896,#4897);
#4895 = CARTESIAN_POINT('',(0.5,30.,5.5));
#4896 = DIRECTION('',(0.,0.,1.));
#4897 = DIRECTION('',(1.,0.,-0.));
#4898 = PCURVE('',#150,#4899);
#4899 = DEFINITIONAL_REPRESENTATION('',(#4900),#4908);
#4900 = ( BOUNDED_CURVE() B_SPLINE_CURVE(2,(#4901,#4902,#4903,#4904,
#4905,#4906,#4907),.UNSPECIFIED.,.T.,.F.) B_SPLINE_CURVE_WITH_KNOTS((1,2
    ,2,2,2,1),(-2.094395102393,0.,2.094395102393,4.188790204786,
6.28318530718,8.377580409573),.UNSPECIFIED.) CURVE() 
GEOMETRIC_REPRESENTATION_ITEM() RATIONAL_B_SPLINE_CURVE((1.,0.5,1.,0.5,
1.,0.5,1.)) REPRESENTATION_ITEM('') );
#4901 = CARTESIAN_POINT('',(-4.5,38.472131540219));
#4902 = CARTESIAN_POINT('',(-4.5,45.400334770495));
#4903 = CARTESIAN_POINT('',(1.5,41.936233155357));
#4904 = CARTESIAN_POINT('',(7.5,38.472131540219));
#4905 = CARTESIAN_POINT('',(1.5,35.008029925081));
#4906 = CARTESIAN_POINT('',(-4.5,31.543928309944));
#4907 = CARTESIAN_POINT('',(-4.5,38.472131540219));
#4908 = ( GEOMETRIC_REPRESENTATION_CONTEXT(2) 
PARAMETRIC_REPRESENTATION_CONTEXT() REPRESENTATION_CONTEXT('2D SPACE',''
  ) );
#4909 = PCURVE('',#4910,#4915);
#4910 = CYLINDRICAL_SURFACE('',#4911,4.);
#4911 = AXIS2_PLACEMENT_3D('',#4912,#4913,#4914);
#4912 = CARTESIAN_POINT('',(0.5,30.,4.5));
#4913 = DIRECTION('',(0.,0.,1.));
#4914 = DIRECTION('',(1.,0.,-0.));
#4915 = DEFINITIONAL_REPRESENTATION('',(#4916),#4920);
#4916 = LINE('',#4917,#4918);
#4917 = CARTESIAN_POINT('',(0.,1.));
#4918 = VECTOR('',#4919,1.);
#4919 = DIRECTION('',(1.,0.));
#4920 = ( GEOMETRIC_REPRESENTATION_CONTEXT(2) 
PARAMETRIC_REPRESENTATION_CONTEXT() REPRESENTATION_CONTEXT('2D SPACE',''
  ) );
#4921 = ORIENTED_EDGE('',*,*,#4922,.F.);
#4922 = EDGE_CURVE('',#4923,#4890,#4925,.T.);
#4923 = VERTEX_POINT('',#4924);
#4924 = CARTESIAN_POINT('',(-0.5,34.,5.5));
#4925 = SURFACE_CURVE('',#4926,(#4930,#4936),.PCURVE_S1.);
#4926 = LINE('',#4927,#4928);
#4927 = CARTESIAN_POINT('',(-0.25,34.,5.5));
#4928 = VECTOR('',#4929,1.);
#4929 = DIRECTION('',(1.,0.,-0.));
#4930 = PCURVE('',#150,#4931);
#4931 = DEFINITIONAL_REPRESENTATION('',(#4932),#4935);
#4932 = B_SPLINE_CURVE_WITH_KNOTS('',1,(#4933,#4934),.UNSPECIFIED.,.F.,
  .F.,(2,2),(-0.25,0.75),.PIECEWISE_BEZIER_KNOTS.);
#4933 = CARTESIAN_POINT('',(0.5,42.472131540219));
#4934 = CARTESIAN_POINT('',(-0.5,42.472131540219));
#4935 = ( GEOMETRIC_REPRESENTATION_CONTEXT(2) 
PARAMETRIC_REPRESENTATION_CONTEXT() REPRESENTATION_CONTEXT('2D SPACE',''
  ) );
#4936 = PCURVE('',#4937,#4942);
#4937 = PLANE('',#4938);
#4938 = AXIS2_PLACEMENT_3D('',#4939,#4940,#4941);
#4939 = CARTESIAN_POINT('',(-0.5,34.,4.5));
#4940 = DIRECTION('',(-0.,1.,0.));
#4941 = DIRECTION('',(0.,0.,1.));
#4942 = DEFINITIONAL_REPRESENTATION('',(#4943),#4946);
#4943 = B_SPLINE_CURVE_WITH_KNOTS('',1,(#4944,#4945),.UNSPECIFIED.,.F.,
  .F.,(2,2),(-0.25,0.75),.PIECEWISE_BEZIER_KNOTS.);
#4944 = CARTESIAN_POINT('',(1.,0.));
#4945 = CARTESIAN_POINT('',(1.,1.));
#4946 = ( GEOMETRIC_REPRESENTATION_CONTEXT(2) 
PARAMETRIC_REPRESENTATION_CONTEXT() REPRESENTATION_CONTEXT('2D SPACE',''
  ) );
#4947 = ORIENTED_EDGE('',*,*,#4948,.T.);
#4948 = EDGE_CURVE('',#4923,#4744,#4949,.T.);
#4949 = SURFACE_CURVE('',#4950,(#4955,#4966),.PCURVE_S1.);
#4950 = CIRCLE('',#4951,4.);
#4951 = AXIS2_PLACEMENT_3D('',#4952,#4953,#4954);
#4952 = CARTESIAN_POINT('',(-0.5,30.,5.5));
#4953 = DIRECTION('',(0.,0.,1.));
#4954 = DIRECTION('',(1.,0.,-0.));
#4955 = PCURVE('',#150,#4956);
#4956 = DEFINITIONAL_REPRESENTATION('',(#4957),#4965);
#4957 = ( BOUNDED_CURVE() B_SPLINE_CURVE(2,(#4958,#4959,#4960,#4961,
#4962,#4963,#4964),.UNSPECIFIED.,.T.,.F.) B_SPLINE_CURVE_WITH_KNOTS((1,2
    ,2,2,2,1),(-2.094395102393,0.,2.094395102393,4.188790204786,
6.28318530718,8.377580409573),.UNSPECIFIED.) CURVE() 
GEOMETRIC_REPRESENTATION_ITEM() RATIONAL_B_SPLINE_CURVE((1.,0.5,1.,0.5,
1.,0.5,1.)) REPRESENTATION_ITEM('') );
#4958 = CARTESIAN_POINT('',(-3.5,38.472131540219));
#4959 = CARTESIAN_POINT('',(-3.5,45.400334770495));
#4960 = CARTESIAN_POINT('',(2.5,41.936233155357));
#4961 = CARTESIAN_POINT('',(8.5,38.472131540219));
#4962 = CARTESIAN_POINT('',(2.5,35.008029925081));
#4963 = CARTESIAN_POINT('',(-3.5,31.543928309944));
#4964 = CARTESIAN_POINT('',(-3.5,38.472131540219));
#4965 = ( GEOMETRIC_REPRESENTATION_CONTEXT(2) 
PARAMETRIC_REPRESENTATION_CONTEXT() REPRESENTATION_CONTEXT('2D SPACE',''
  ) );
#4966 = PCURVE('',#4967,#4972);
#4967 = CYLINDRICAL_SURFACE('',#4968,4.);
#4968 = AXIS2_PLACEMENT_3D('',#4969,#4970,#4971);
#4969 = CARTESIAN_POINT('',(-0.5,30.,4.5));
#4970 = DIRECTION('',(0.,0.,1.));
#4971 = DIRECTION('',(1.,0.,-0.));
#4972 = DEFINITIONAL_REPRESENTATION('',(#4973),#4977);
#4973 = LINE('',#4974,#4975);
#4974 = CARTESIAN_POINT('',(0.,1.));
#4975 = VECTOR('',#4976,1.);
#4976 = DIRECTION('',(1.,0.));
#4977 = ( GEOMETRIC_REPRESENTATION_CONTEXT(2) 
PARAMETRIC_REPRESENTATION_CONTEXT() REPRESENTATION_CONTEXT('2D SPACE',''
  ) );
#4978 = FACE_BOUND('',#4979,.T.);
#4979 = EDGE_LOOP('',(#4980,#5015,#5048,#5081));
#4980 = ORIENTED_EDGE('',*,*,#4981,.T.);
#4981 = EDGE_CURVE('',#4982,#4984,#4986,.T.);
#4982 = VERTEX_POINT('',#4983);
#4983 = CARTESIAN_POINT('',(-11.58578643762,25.5,5.5));
#4984 = VERTEX_POINT('',#4985);
#4985 = CARTESIAN_POINT('',(-11.5,26.,5.5));
#4986 = SURFACE_CURVE('',#4987,(#4992,#5003),.PCURVE_S1.);
#4987 = CIRCLE('',#4988,1.5);
#4988 = AXIS2_PLACEMENT_3D('',#4989,#4990,#4991);
#4989 = CARTESIAN_POINT('',(-13.,26.,5.5));
#4990 = DIRECTION('',(0.,0.,1.));
#4991 = DIRECTION('',(1.,0.,-0.));
#4992 = PCURVE('',#150,#4993);
#4993 = DEFINITIONAL_REPRESENTATION('',(#4994),#5002);
#4994 = ( BOUNDED_CURVE() B_SPLINE_CURVE(2,(#4995,#4996,#4997,#4998,
#4999,#5000,#5001),.UNSPECIFIED.,.T.,.F.) B_SPLINE_CURVE_WITH_KNOTS((1,2
    ,2,2,2,1),(-2.094395102393,0.,2.094395102393,4.188790204786,
6.28318530718,8.377580409573),.UNSPECIFIED.) CURVE() 
GEOMETRIC_REPRESENTATION_ITEM() RATIONAL_B_SPLINE_CURVE((1.,0.5,1.,0.5,
1.,0.5,1.)) REPRESENTATION_ITEM('') );
#4995 = CARTESIAN_POINT('',(11.5,34.472131540219));
#4996 = CARTESIAN_POINT('',(11.5,37.070207751572));
#4997 = CARTESIAN_POINT('',(13.75,35.771169645896));
#4998 = CARTESIAN_POINT('',(16.,34.472131540219));
#4999 = CARTESIAN_POINT('',(13.75,33.173093434542));
#5000 = CARTESIAN_POINT('',(11.5,31.874055328866));
#5001 = CARTESIAN_POINT('',(11.5,34.472131540219));
#5002 = ( GEOMETRIC_REPRESENTATION_CONTEXT(2) 
PARAMETRIC_REPRESENTATION_CONTEXT() REPRESENTATION_CONTEXT('2D SPACE',''
  ) );
#5003 = PCURVE('',#5004,#5009);
#5004 = CYLINDRICAL_SURFACE('',#5005,1.5);
#5005 = AXIS2_PLACEMENT_3D('',#5006,#5007,#5008);
#5006 = CARTESIAN_POINT('',(-13.,26.,4.5));
#5007 = DIRECTION('',(0.,0.,1.));
#5008 = DIRECTION('',(1.,0.,-0.));
#5009 = DEFINITIONAL_REPRESENTATION('',(#5010),#5014);
#5010 = LINE('',#5011,#5012);
#5011 = CARTESIAN_POINT('',(0.,1.));
#5012 = VECTOR('',#5013,1.);
#5013 = DIRECTION('',(1.,0.));
#5014 = ( GEOMETRIC_REPRESENTATION_CONTEXT(2) 
PARAMETRIC_REPRESENTATION_CONTEXT() REPRESENTATION_CONTEXT('2D SPACE',''
  ) );
#5015 = ORIENTED_EDGE('',*,*,#5016,.T.);
#5016 = EDGE_CURVE('',#4984,#5017,#5019,.T.);
#5017 = VERTEX_POINT('',#5018);
#5018 = CARTESIAN_POINT('',(-14.41421356237,25.5,5.5));
#5019 = SURFACE_CURVE('',#5020,(#5025,#5036),.PCURVE_S1.);
#5020 = CIRCLE('',#5021,1.5);
#5021 = AXIS2_PLACEMENT_3D('',#5022,#5023,#5024);
#5022 = CARTESIAN_POINT('',(-13.,26.,5.5));
#5023 = DIRECTION('',(0.,0.,1.));
#5024 = DIRECTION('',(1.,0.,-0.));
#5025 = PCURVE('',#150,#5026);
#5026 = DEFINITIONAL_REPRESENTATION('',(#5027),#5035);
#5027 = ( BOUNDED_CURVE() B_SPLINE_CURVE(2,(#5028,#5029,#5030,#5031,
#5032,#5033,#5034),.UNSPECIFIED.,.T.,.F.) B_SPLINE_CURVE_WITH_KNOTS((1,2
    ,2,2,2,1),(-2.094395102393,0.,2.094395102393,4.188790204786,
6.28318530718,8.377580409573),.UNSPECIFIED.) CURVE() 
GEOMETRIC_REPRESENTATION_ITEM() RATIONAL_B_SPLINE_CURVE((1.,0.5,1.,0.5,
1.,0.5,1.)) REPRESENTATION_ITEM('') );
#5028 = CARTESIAN_POINT('',(11.5,34.472131540219));
#5029 = CARTESIAN_POINT('',(11.5,37.070207751572));
#5030 = CARTESIAN_POINT('',(13.75,35.771169645896));
#5031 = CARTESIAN_POINT('',(16.,34.472131540219));
#5032 = CARTESIAN_POINT('',(13.75,33.173093434542));
#5033 = CARTESIAN_POINT('',(11.5,31.874055328866));
#5034 = CARTESIAN_POINT('',(11.5,34.472131540219));
#5035 = ( GEOMETRIC_REPRESENTATION_CONTEXT(2) 
PARAMETRIC_REPRESENTATION_CONTEXT() REPRESENTATION_CONTEXT('2D SPACE',''
  ) );
#5036 = PCURVE('',#5037,#5042);
#5037 = CYLINDRICAL_SURFACE('',#5038,1.5);
#5038 = AXIS2_PLACEMENT_3D('',#5039,#5040,#5041);
#5039 = CARTESIAN_POINT('',(-13.,26.,4.5));
#5040 = DIRECTION('',(0.,0.,1.));
#5041 = DIRECTION('',(1.,0.,-0.));
#5042 = DEFINITIONAL_REPRESENTATION('',(#5043),#5047);
#5043 = LINE('',#5044,#5045);
#5044 = CARTESIAN_POINT('',(0.,1.));
#5045 = VECTOR('',#5046,1.);
#5046 = DIRECTION('',(1.,0.));
#5047 = ( GEOMETRIC_REPRESENTATION_CONTEXT(2) 
PARAMETRIC_REPRESENTATION_CONTEXT() REPRESENTATION_CONTEXT('2D SPACE',''
  ) );
#5048 = ORIENTED_EDGE('',*,*,#5049,.T.);
#5049 = EDGE_CURVE('',#5017,#5050,#5052,.T.);
#5050 = VERTEX_POINT('',#5051);
#5051 = CARTESIAN_POINT('',(-11.5,25.,5.5));
#5052 = SURFACE_CURVE('',#5053,(#5058,#5069),.PCURVE_S1.);
#5053 = CIRCLE('',#5054,1.5);
#5054 = AXIS2_PLACEMENT_3D('',#5055,#5056,#5057);
#5055 = CARTESIAN_POINT('',(-13.,25.,5.5));
#5056 = DIRECTION('',(0.,0.,1.));
#5057 = DIRECTION('',(1.,0.,-0.));
#5058 = PCURVE('',#150,#5059);
#5059 = DEFINITIONAL_REPRESENTATION('',(#5060),#5068);
#5060 = ( BOUNDED_CURVE() B_SPLINE_CURVE(2,(#5061,#5062,#5063,#5064,
#5065,#5066,#5067),.UNSPECIFIED.,.T.,.F.) B_SPLINE_CURVE_WITH_KNOTS((1,2
    ,2,2,2,1),(-2.094395102393,0.,2.094395102393,4.188790204786,
6.28318530718,8.377580409573),.UNSPECIFIED.) CURVE() 
GEOMETRIC_REPRESENTATION_ITEM() RATIONAL_B_SPLINE_CURVE((1.,0.5,1.,0.5,
1.,0.5,1.)) REPRESENTATION_ITEM('') );
#5061 = CARTESIAN_POINT('',(11.5,33.472131540219));
#5062 = CARTESIAN_POINT('',(11.5,36.070207751572));
#5063 = CARTESIAN_POINT('',(13.75,34.771169645896));
#5064 = CARTESIAN_POINT('',(16.,33.472131540219));
#5065 = CARTESIAN_POINT('',(13.75,32.173093434542));
#5066 = CARTESIAN_POINT('',(11.5,30.874055328866));
#5067 = CARTESIAN_POINT('',(11.5,33.472131540219));
#5068 = ( GEOMETRIC_REPRESENTATION_CONTEXT(2) 
PARAMETRIC_REPRESENTATION_CONTEXT() REPRESENTATION_CONTEXT('2D SPACE',''
  ) );
#5069 = PCURVE('',#5070,#5075);
#5070 = CYLINDRICAL_SURFACE('',#5071,1.5);
#5071 = AXIS2_PLACEMENT_3D('',#5072,#5073,#5074);
#5072 = CARTESIAN_POINT('',(-13.,25.,4.5));
#5073 = DIRECTION('',(0.,0.,1.));
#5074 = DIRECTION('',(1.,0.,-0.));
#5075 = DEFINITIONAL_REPRESENTATION('',(#5076),#5080);
#5076 = LINE('',#5077,#5078);
#5077 = CARTESIAN_POINT('',(0.,1.));
#5078 = VECTOR('',#5079,1.);
#5079 = DIRECTION('',(1.,0.));
#5080 = ( GEOMETRIC_REPRESENTATION_CONTEXT(2) 
PARAMETRIC_REPRESENTATION_CONTEXT() REPRESENTATION_CONTEXT('2D SPACE',''
  ) );
#5081 = ORIENTED_EDGE('',*,*,#5082,.T.);
#5082 = EDGE_CURVE('',#5050,#4982,#5083,.T.);
#5083 = SURFACE_CURVE('',#5084,(#5089,#5100),.PCURVE_S1.);
#5084 = CIRCLE('',#5085,1.5);
#5085 = AXIS2_PLACEMENT_3D('',#5086,#5087,#5088);
#5086 = CARTESIAN_POINT('',(-13.,25.,5.5));
#5087 = DIRECTION('',(0.,0.,1.));
#5088 = DIRECTION('',(1.,0.,-0.));
#5089 = PCURVE('',#150,#5090);
#5090 = DEFINITIONAL_REPRESENTATION('',(#5091),#5099);
#5091 = ( BOUNDED_CURVE() B_SPLINE_CURVE(2,(#5092,#5093,#5094,#5095,
#5096,#5097,#5098),.UNSPECIFIED.,.T.,.F.) B_SPLINE_CURVE_WITH_KNOTS((1,2
    ,2,2,2,1),(-2.094395102393,0.,2.094395102393,4.188790204786,
6.28318530718,8.377580409573),.UNSPECIFIED.) CURVE() 
GEOMETRIC_REPRESENTATION_ITEM() RATIONAL_B_SPLINE_CURVE((1.,0.5,1.,0.5,
1.,0.5,1.)) REPRESENTATION_ITEM('') );
#5092 = CARTESIAN_POINT('',(11.5,33.472131540219));
#5093 = CARTESIAN_POINT('',(11.5,36.070207751572));
#5094 = CARTESIAN_POINT('',(13.75,34.771169645896));
#5095 = CARTESIAN_POINT('',(16.,33.472131540219));
#5096 = CARTESIAN_POINT('',(13.75,32.173093434542));
#5097 = CARTESIAN_POINT('',(11.5,30.874055328866));
#5098 = CARTESIAN_POINT('',(11.5,33.472131540219));
#5099 = ( GEOMETRIC_REPRESENTATION_CONTEXT(2) 
PARAMETRIC_REPRESENTATION_CONTEXT() REPRESENTATION_CONTEXT('2D SPACE',''
  ) );
#5100 = PCURVE('',#5101,#5106);
#5101 = CYLINDRICAL_SURFACE('',#5102,1.5);
#5102 = AXIS2_PLACEMENT_3D('',#5103,#5104,#5105);
#5103 = CARTESIAN_POINT('',(-13.,25.,4.5));
#5104 = DIRECTION('',(0.,0.,1.));
#5105 = DIRECTION('',(1.,0.,-0.));
#5106 = DEFINITIONAL_REPRESENTATION('',(#5107),#5111);
#5107 = LINE('',#5108,#5109);
#5108 = CARTESIAN_POINT('',(0.,1.));
#5109 = VECTOR('',#5110,1.);
#5110 = DIRECTION('',(1.,0.));
#5111 = ( GEOMETRIC_REPRESENTATION_CONTEXT(2) 
PARAMETRIC_REPRESENTATION_CONTEXT() REPRESENTATION_CONTEXT('2D SPACE',''
  ) );
#5112 = ADVANCED_FACE('',(#5113,#6912,#6942,#6972,#7275,#7305,#7503,
    #7806,#7836,#7866,#8169,#8283,#8481,#8784,#8814,#9012),#95,.F.);
#5113 = FACE_BOUND('',#5114,.F.);
#5114 = EDGE_LOOP('',(#5115,#5116,#5117,#5145,#5168,#5196,#5219,#5243,
    #5266,#5294,#5317,#5341,#5364,#5388,#5411,#5439,#5462,#5490,#5513,
    #5541,#5564,#5588,#5611,#5635,#5658,#5686,#5709,#5737,#5760,#5788,
    #5811,#5839,#5862,#5886,#5909,#5933,#5956,#5980,#6003,#6027,#6050,
    #6074,#6097,#6121,#6144,#6172,#6195,#6223,#6246,#6274,#6297,#6325,
    #6348,#6372,#6395,#6419,#6442,#6470,#6493,#6521,#6544,#6572,#6595,
    #6619,#6642,#6666,#6689,#6717,#6740,#6764,#6787,#6815,#6838,#6866,
    #6889,#6911));
#5115 = ORIENTED_EDGE('',*,*,#78,.T.);
#5116 = ORIENTED_EDGE('',*,*,#242,.T.);
#5117 = ORIENTED_EDGE('',*,*,#5118,.T.);
#5118 = EDGE_CURVE('',#243,#5119,#5121,.T.);
#5119 = VERTEX_POINT('',#5120);
#5120 = CARTESIAN_POINT('',(12.507062338763,41.983857511398,8.));
#5121 = SURFACE_CURVE('',#5122,(#5127,#5138),.PCURVE_S1.);
#5122 = CIRCLE('',#5123,2.);
#5123 = AXIS2_PLACEMENT_3D('',#5124,#5125,#5126);
#5124 = CARTESIAN_POINT('',(14.339377008568,42.785495179438,8.));
#5125 = DIRECTION('',(0.,-0.,1.));
#5126 = DIRECTION('',(-1.,0.,0.));
#5127 = PCURVE('',#95,#5128);
#5128 = DEFINITIONAL_REPRESENTATION('',(#5129),#5137);
#5129 = ( BOUNDED_CURVE() B_SPLINE_CURVE(2,(#5130,#5131,#5132,#5133,
#5134,#5135,#5136),.UNSPECIFIED.,.T.,.F.) B_SPLINE_CURVE_WITH_KNOTS((1,2
    ,2,2,2,1),(-2.094395102393,0.,2.094395102393,4.188790204786,
6.28318530718,8.377580409573),.UNSPECIFIED.) CURVE() 
GEOMETRIC_REPRESENTATION_ITEM() RATIONAL_B_SPLINE_CURVE((1.,0.5,1.,0.5,
1.,0.5,1.)) REPRESENTATION_ITEM('') );
#5130 = CARTESIAN_POINT('',(-12.33937700856,51.257626719657));
#5131 = CARTESIAN_POINT('',(-12.33937700856,47.793525104519));
#5132 = CARTESIAN_POINT('',(-15.33937700856,49.525575912088));
#5133 = CARTESIAN_POINT('',(-18.33937700856,51.257626719657));
#5134 = CARTESIAN_POINT('',(-15.33937700856,52.989677527226));
#5135 = CARTESIAN_POINT('',(-12.33937700856,54.721728334795));
#5136 = CARTESIAN_POINT('',(-12.33937700856,51.257626719657));
#5137 = ( GEOMETRIC_REPRESENTATION_CONTEXT(2) 
PARAMETRIC_REPRESENTATION_CONTEXT() REPRESENTATION_CONTEXT('2D SPACE',''
  ) );
#5138 = PCURVE('',#281,#5139);
#5139 = DEFINITIONAL_REPRESENTATION('',(#5140),#5144);
#5140 = LINE('',#5141,#5142);
#5141 = CARTESIAN_POINT('',(-0.,-2.5));
#5142 = VECTOR('',#5143,1.);
#5143 = DIRECTION('',(-1.,0.));
#5144 = ( GEOMETRIC_REPRESENTATION_CONTEXT(2) 
PARAMETRIC_REPRESENTATION_CONTEXT() REPRESENTATION_CONTEXT('2D SPACE',''
  ) );
#5145 = ORIENTED_EDGE('',*,*,#5146,.T.);
#5146 = EDGE_CURVE('',#5119,#5147,#5149,.T.);
#5147 = VERTEX_POINT('',#5148);
#5148 = CARTESIAN_POINT('',(15.97945868427,34.046951578811,8.));
#5149 = SURFACE_CURVE('',#5150,(#5154,#5161),.PCURVE_S1.);
#5150 = LINE('',#5151,#5152);
#5151 = CARTESIAN_POINT('',(12.507062338763,41.983857511398,8.));
#5152 = VECTOR('',#5153,1.);
#5153 = DIRECTION('',(0.40081883402,-0.916157334902,0.));
#5154 = PCURVE('',#95,#5155);
#5155 = DEFINITIONAL_REPRESENTATION('',(#5156),#5160);
#5156 = LINE('',#5157,#5158);
#5157 = CARTESIAN_POINT('',(-12.50706233876,50.455989051618));
#5158 = VECTOR('',#5159,1.);
#5159 = DIRECTION('',(-0.40081883402,-0.916157334902));
#5160 = ( GEOMETRIC_REPRESENTATION_CONTEXT(2) 
PARAMETRIC_REPRESENTATION_CONTEXT() REPRESENTATION_CONTEXT('2D SPACE',''
  ) );
#5161 = PCURVE('',#363,#5162);
#5162 = DEFINITIONAL_REPRESENTATION('',(#5163),#5167);
#5163 = LINE('',#5164,#5165);
#5164 = CARTESIAN_POINT('',(0.,-2.5));
#5165 = VECTOR('',#5166,1.);
#5166 = DIRECTION('',(1.,0.));
#5167 = ( GEOMETRIC_REPRESENTATION_CONTEXT(2) 
PARAMETRIC_REPRESENTATION_CONTEXT() REPRESENTATION_CONTEXT('2D SPACE',''
  ) );
#5168 = ORIENTED_EDGE('',*,*,#5169,.T.);
#5169 = EDGE_CURVE('',#5147,#5170,#5172,.T.);
#5170 = VERTEX_POINT('',#5171);
#5171 = CARTESIAN_POINT('',(16.022918972075,33.954162055851,8.));
#5172 = SURFACE_CURVE('',#5173,(#5178,#5189),.PCURVE_S1.);
#5173 = CIRCLE('',#5174,2.);
#5174 = AXIS2_PLACEMENT_3D('',#5175,#5176,#5177);
#5175 = CARTESIAN_POINT('',(17.811773354074,34.848589246851,8.));
#5176 = DIRECTION('',(0.,-0.,1.));
#5177 = DIRECTION('',(-1.,0.,0.));
#5178 = PCURVE('',#95,#5179);
#5179 = DEFINITIONAL_REPRESENTATION('',(#5180),#5188);
#5180 = ( BOUNDED_CURVE() B_SPLINE_CURVE(2,(#5181,#5182,#5183,#5184,
#5185,#5186,#5187),.UNSPECIFIED.,.T.,.F.) B_SPLINE_CURVE_WITH_KNOTS((1,2
    ,2,2,2,1),(-2.094395102393,0.,2.094395102393,4.188790204786,
6.28318530718,8.377580409573),.UNSPECIFIED.) CURVE() 
GEOMETRIC_REPRESENTATION_ITEM() RATIONAL_B_SPLINE_CURVE((1.,0.5,1.,0.5,
1.,0.5,1.)) REPRESENTATION_ITEM('') );
#5181 = CARTESIAN_POINT('',(-15.81177335407,43.32072078707));
#5182 = CARTESIAN_POINT('',(-15.81177335407,39.856619171932));
#5183 = CARTESIAN_POINT('',(-18.81177335407,41.588669979501));
#5184 = CARTESIAN_POINT('',(-21.81177335407,43.32072078707));
#5185 = CARTESIAN_POINT('',(-18.81177335407,45.052771594639));
#5186 = CARTESIAN_POINT('',(-15.81177335407,46.784822402208));
#5187 = CARTESIAN_POINT('',(-15.81177335407,43.32072078707));
#5188 = ( GEOMETRIC_REPRESENTATION_CONTEXT(2) 
PARAMETRIC_REPRESENTATION_CONTEXT() REPRESENTATION_CONTEXT('2D SPACE',''
  ) );
#5189 = PCURVE('',#396,#5190);
#5190 = DEFINITIONAL_REPRESENTATION('',(#5191),#5195);
#5191 = LINE('',#5192,#5193);
#5192 = CARTESIAN_POINT('',(-0.,-2.5));
#5193 = VECTOR('',#5194,1.);
#5194 = DIRECTION('',(-1.,0.));
#5195 = ( GEOMETRIC_REPRESENTATION_CONTEXT(2) 
PARAMETRIC_REPRESENTATION_CONTEXT() REPRESENTATION_CONTEXT('2D SPACE',''
  ) );
#5196 = ORIENTED_EDGE('',*,*,#5197,.T.);
#5197 = EDGE_CURVE('',#5170,#5198,#5200,.T.);
#5198 = VERTEX_POINT('',#5199);
#5199 = CARTESIAN_POINT('',(18.901816733882,28.196366532236,8.));
#5200 = SURFACE_CURVE('',#5201,(#5205,#5212),.PCURVE_S1.);
#5201 = LINE('',#5202,#5203);
#5202 = CARTESIAN_POINT('',(16.022918972075,33.954162055851,8.));
#5203 = VECTOR('',#5204,1.);
#5204 = DIRECTION('',(0.4472135955,-0.894427191,0.));
#5205 = PCURVE('',#95,#5206);
#5206 = DEFINITIONAL_REPRESENTATION('',(#5207),#5211);
#5207 = LINE('',#5208,#5209);
#5208 = CARTESIAN_POINT('',(-16.02291897207,42.42629359607));
#5209 = VECTOR('',#5210,1.);
#5210 = DIRECTION('',(-0.4472135955,-0.894427191));
#5211 = ( GEOMETRIC_REPRESENTATION_CONTEXT(2) 
PARAMETRIC_REPRESENTATION_CONTEXT() REPRESENTATION_CONTEXT('2D SPACE',''
  ) );
#5212 = PCURVE('',#424,#5213);
#5213 = DEFINITIONAL_REPRESENTATION('',(#5214),#5218);
#5214 = LINE('',#5215,#5216);
#5215 = CARTESIAN_POINT('',(0.,-2.5));
#5216 = VECTOR('',#5217,1.);
#5217 = DIRECTION('',(1.,0.));
#5218 = ( GEOMETRIC_REPRESENTATION_CONTEXT(2) 
PARAMETRIC_REPRESENTATION_CONTEXT() REPRESENTATION_CONTEXT('2D SPACE',''
  ) );
#5219 = ORIENTED_EDGE('',*,*,#5220,.T.);
#5220 = EDGE_CURVE('',#5198,#5221,#5223,.T.);
#5221 = VERTEX_POINT('',#5222);
#5222 = CARTESIAN_POINT('',(19.053247352173,27.787010591309,8.));
#5223 = SURFACE_CURVE('',#5224,(#5229,#5236),.PCURVE_S1.);
#5224 = CIRCLE('',#5225,2.);
#5225 = AXIS2_PLACEMENT_3D('',#5226,#5227,#5228);
#5226 = CARTESIAN_POINT('',(17.112962351882,27.301939341236,8.));
#5227 = DIRECTION('',(0.,-0.,-1.));
#5228 = DIRECTION('',(1.,0.,-0.));
#5229 = PCURVE('',#95,#5230);
#5230 = DEFINITIONAL_REPRESENTATION('',(#5231),#5235);
#5231 = CIRCLE('',#5232,2.);
#5232 = AXIS2_PLACEMENT_2D('',#5233,#5234);
#5233 = CARTESIAN_POINT('',(-17.11296235188,35.774070881455));
#5234 = DIRECTION('',(-1.,0.));
#5235 = ( GEOMETRIC_REPRESENTATION_CONTEXT(2) 
PARAMETRIC_REPRESENTATION_CONTEXT() REPRESENTATION_CONTEXT('2D SPACE',''
  ) );
#5236 = PCURVE('',#453,#5237);
#5237 = DEFINITIONAL_REPRESENTATION('',(#5238),#5242);
#5238 = LINE('',#5239,#5240);
#5239 = CARTESIAN_POINT('',(0.,-2.5));
#5240 = VECTOR('',#5241,1.);
#5241 = DIRECTION('',(1.,0.));
#5242 = ( GEOMETRIC_REPRESENTATION_CONTEXT(2) 
PARAMETRIC_REPRESENTATION_CONTEXT() REPRESENTATION_CONTEXT('2D SPACE',''
  ) );
#5243 = ORIENTED_EDGE('',*,*,#5244,.T.);
#5244 = EDGE_CURVE('',#5221,#5245,#5247,.T.);
#5245 = VERTEX_POINT('',#5246);
#5246 = CARTESIAN_POINT('',(20.89413286608,20.423468535681,8.));
#5247 = SURFACE_CURVE('',#5248,(#5252,#5259),.PCURVE_S1.);
#5248 = LINE('',#5249,#5250);
#5249 = CARTESIAN_POINT('',(19.053247352173,27.787010591309,8.));
#5250 = VECTOR('',#5251,1.);
#5251 = DIRECTION('',(0.242535625036,-0.970142500145,0.));
#5252 = PCURVE('',#95,#5253);
#5253 = DEFINITIONAL_REPRESENTATION('',(#5254),#5258);
#5254 = LINE('',#5255,#5256);
#5255 = CARTESIAN_POINT('',(-19.05324735217,36.259142131528));
#5256 = VECTOR('',#5257,1.);
#5257 = DIRECTION('',(-0.242535625036,-0.970142500145));
#5258 = ( GEOMETRIC_REPRESENTATION_CONTEXT(2) 
PARAMETRIC_REPRESENTATION_CONTEXT() REPRESENTATION_CONTEXT('2D SPACE',''
  ) );
#5259 = PCURVE('',#481,#5260);
#5260 = DEFINITIONAL_REPRESENTATION('',(#5261),#5265);
#5261 = LINE('',#5262,#5263);
#5262 = CARTESIAN_POINT('',(0.,-2.5));
#5263 = VECTOR('',#5264,1.);
#5264 = DIRECTION('',(1.,0.));
#5265 = ( GEOMETRIC_REPRESENTATION_CONTEXT(2) 
PARAMETRIC_REPRESENTATION_CONTEXT() REPRESENTATION_CONTEXT('2D SPACE',''
  ) );
#5266 = ORIENTED_EDGE('',*,*,#5267,.T.);
#5267 = EDGE_CURVE('',#5245,#5268,#5270,.T.);
#5268 = VERTEX_POINT('',#5269);
#5269 = CARTESIAN_POINT('',(21.272680247484,19.659149690644,8.));
#5270 = SURFACE_CURVE('',#5271,(#5276,#5287),.PCURVE_S1.);
#5271 = CIRCLE('',#5272,2.);
#5272 = AXIS2_PLACEMENT_3D('',#5273,#5274,#5275);
#5273 = CARTESIAN_POINT('',(22.834417866371,20.908539785753,8.));
#5274 = DIRECTION('',(0.,-0.,1.));
#5275 = DIRECTION('',(-1.,0.,0.));
#5276 = PCURVE('',#95,#5277);
#5277 = DEFINITIONAL_REPRESENTATION('',(#5278),#5286);
#5278 = ( BOUNDED_CURVE() B_SPLINE_CURVE(2,(#5279,#5280,#5281,#5282,
#5283,#5284,#5285),.UNSPECIFIED.,.T.,.F.) B_SPLINE_CURVE_WITH_KNOTS((1,2
    ,2,2,2,1),(-2.094395102393,0.,2.094395102393,4.188790204786,
6.28318530718,8.377580409573),.UNSPECIFIED.) CURVE() 
GEOMETRIC_REPRESENTATION_ITEM() RATIONAL_B_SPLINE_CURVE((1.,0.5,1.,0.5,
1.,0.5,1.)) REPRESENTATION_ITEM('') );
#5279 = CARTESIAN_POINT('',(-20.83441786637,29.380671325972));
#5280 = CARTESIAN_POINT('',(-20.83441786637,25.916569710835));
#5281 = CARTESIAN_POINT('',(-23.83441786637,27.648620518404));
#5282 = CARTESIAN_POINT('',(-26.83441786637,29.380671325972));
#5283 = CARTESIAN_POINT('',(-23.83441786637,31.112722133541));
#5284 = CARTESIAN_POINT('',(-20.83441786637,32.84477294111));
#5285 = CARTESIAN_POINT('',(-20.83441786637,29.380671325972));
#5286 = ( GEOMETRIC_REPRESENTATION_CONTEXT(2) 
PARAMETRIC_REPRESENTATION_CONTEXT() REPRESENTATION_CONTEXT('2D SPACE',''
  ) );
#5287 = PCURVE('',#514,#5288);
#5288 = DEFINITIONAL_REPRESENTATION('',(#5289),#5293);
#5289 = LINE('',#5290,#5291);
#5290 = CARTESIAN_POINT('',(-0.,-2.5));
#5291 = VECTOR('',#5292,1.);
#5292 = DIRECTION('',(-1.,0.));
#5293 = ( GEOMETRIC_REPRESENTATION_CONTEXT(2) 
PARAMETRIC_REPRESENTATION_CONTEXT() REPRESENTATION_CONTEXT('2D SPACE',''
  ) );
#5294 = ORIENTED_EDGE('',*,*,#5295,.T.);
#5295 = EDGE_CURVE('',#5268,#5296,#5298,.T.);
#5296 = VERTEX_POINT('',#5297);
#5297 = CARTESIAN_POINT('',(24.561737618886,15.547827976392,8.));
#5298 = SURFACE_CURVE('',#5299,(#5303,#5310),.PCURVE_S1.);
#5299 = LINE('',#5300,#5301);
#5300 = CARTESIAN_POINT('',(21.272680247484,19.659149690644,8.));
#5301 = VECTOR('',#5302,1.);
#5302 = DIRECTION('',(0.624695047554,-0.780868809443,0.));
#5303 = PCURVE('',#95,#5304);
#5304 = DEFINITIONAL_REPRESENTATION('',(#5305),#5309);
#5305 = LINE('',#5306,#5307);
#5306 = CARTESIAN_POINT('',(-21.27268024748,28.131281230864));
#5307 = VECTOR('',#5308,1.);
#5308 = DIRECTION('',(-0.624695047554,-0.780868809443));
#5309 = ( GEOMETRIC_REPRESENTATION_CONTEXT(2) 
PARAMETRIC_REPRESENTATION_CONTEXT() REPRESENTATION_CONTEXT('2D SPACE',''
  ) );
#5310 = PCURVE('',#542,#5311);
#5311 = DEFINITIONAL_REPRESENTATION('',(#5312),#5316);
#5312 = LINE('',#5313,#5314);
#5313 = CARTESIAN_POINT('',(0.,-2.5));
#5314 = VECTOR('',#5315,1.);
#5315 = DIRECTION('',(1.,0.));
#5316 = ( GEOMETRIC_REPRESENTATION_CONTEXT(2) 
PARAMETRIC_REPRESENTATION_CONTEXT() REPRESENTATION_CONTEXT('2D SPACE',''
  ) );
#5317 = ORIENTED_EDGE('',*,*,#5318,.T.);
#5318 = EDGE_CURVE('',#5296,#5319,#5321,.T.);
#5319 = VERTEX_POINT('',#5320);
#5320 = CARTESIAN_POINT('',(25.,14.298437881284,8.));
#5321 = SURFACE_CURVE('',#5322,(#5327,#5334),.PCURVE_S1.);
#5322 = CIRCLE('',#5323,2.);
#5323 = AXIS2_PLACEMENT_3D('',#5324,#5325,#5326);
#5324 = CARTESIAN_POINT('',(23.,14.298437881284,8.));
#5325 = DIRECTION('',(0.,-0.,-1.));
#5326 = DIRECTION('',(1.,0.,-0.));
#5327 = PCURVE('',#95,#5328);
#5328 = DEFINITIONAL_REPRESENTATION('',(#5329),#5333);
#5329 = CIRCLE('',#5330,2.);
#5330 = AXIS2_PLACEMENT_2D('',#5331,#5332);
#5331 = CARTESIAN_POINT('',(-23.,22.770569421503));
#5332 = DIRECTION('',(-1.,0.));
#5333 = ( GEOMETRIC_REPRESENTATION_CONTEXT(2) 
PARAMETRIC_REPRESENTATION_CONTEXT() REPRESENTATION_CONTEXT('2D SPACE',''
  ) );
#5334 = PCURVE('',#571,#5335);
#5335 = DEFINITIONAL_REPRESENTATION('',(#5336),#5340);
#5336 = LINE('',#5337,#5338);
#5337 = CARTESIAN_POINT('',(0.,-2.5));
#5338 = VECTOR('',#5339,1.);
#5339 = DIRECTION('',(1.,0.));
#5340 = ( GEOMETRIC_REPRESENTATION_CONTEXT(2) 
PARAMETRIC_REPRESENTATION_CONTEXT() REPRESENTATION_CONTEXT('2D SPACE',''
  ) );
#5341 = ORIENTED_EDGE('',*,*,#5342,.T.);
#5342 = EDGE_CURVE('',#5319,#5343,#5345,.T.);
#5343 = VERTEX_POINT('',#5344);
#5344 = CARTESIAN_POINT('',(25.,9.701562118716,8.));
#5345 = SURFACE_CURVE('',#5346,(#5350,#5357),.PCURVE_S1.);
#5346 = LINE('',#5347,#5348);
#5347 = CARTESIAN_POINT('',(25.,14.298437881284,8.));
#5348 = VECTOR('',#5349,1.);
#5349 = DIRECTION('',(0.,-1.,0.));
#5350 = PCURVE('',#95,#5351);
#5351 = DEFINITIONAL_REPRESENTATION('',(#5352),#5356);
#5352 = LINE('',#5353,#5354);
#5353 = CARTESIAN_POINT('',(-25.,22.770569421503));
#5354 = VECTOR('',#5355,1.);
#5355 = DIRECTION('',(0.,-1.));
#5356 = ( GEOMETRIC_REPRESENTATION_CONTEXT(2) 
PARAMETRIC_REPRESENTATION_CONTEXT() REPRESENTATION_CONTEXT('2D SPACE',''
  ) );
#5357 = PCURVE('',#599,#5358);
#5358 = DEFINITIONAL_REPRESENTATION('',(#5359),#5363);
#5359 = LINE('',#5360,#5361);
#5360 = CARTESIAN_POINT('',(0.,-2.5));
#5361 = VECTOR('',#5362,1.);
#5362 = DIRECTION('',(1.,0.));
#5363 = ( GEOMETRIC_REPRESENTATION_CONTEXT(2) 
PARAMETRIC_REPRESENTATION_CONTEXT() REPRESENTATION_CONTEXT('2D SPACE',''
  ) );
#5364 = ORIENTED_EDGE('',*,*,#5365,.T.);
#5365 = EDGE_CURVE('',#5343,#5366,#5368,.T.);
#5366 = VERTEX_POINT('',#5367);
#5367 = CARTESIAN_POINT('',(24.561737618886,8.452172023608,8.));
#5368 = SURFACE_CURVE('',#5369,(#5374,#5381),.PCURVE_S1.);
#5369 = CIRCLE('',#5370,2.);
#5370 = AXIS2_PLACEMENT_3D('',#5371,#5372,#5373);
#5371 = CARTESIAN_POINT('',(23.,9.701562118716,8.));
#5372 = DIRECTION('',(0.,-0.,-1.));
#5373 = DIRECTION('',(1.,0.,-0.));
#5374 = PCURVE('',#95,#5375);
#5375 = DEFINITIONAL_REPRESENTATION('',(#5376),#5380);
#5376 = CIRCLE('',#5377,2.);
#5377 = AXIS2_PLACEMENT_2D('',#5378,#5379);
#5378 = CARTESIAN_POINT('',(-23.,18.173693658936));
#5379 = DIRECTION('',(-1.,0.));
#5380 = ( GEOMETRIC_REPRESENTATION_CONTEXT(2) 
PARAMETRIC_REPRESENTATION_CONTEXT() REPRESENTATION_CONTEXT('2D SPACE',''
  ) );
#5381 = PCURVE('',#628,#5382);
#5382 = DEFINITIONAL_REPRESENTATION('',(#5383),#5387);
#5383 = LINE('',#5384,#5385);
#5384 = CARTESIAN_POINT('',(0.,-2.5));
#5385 = VECTOR('',#5386,1.);
#5386 = DIRECTION('',(1.,0.));
#5387 = ( GEOMETRIC_REPRESENTATION_CONTEXT(2) 
PARAMETRIC_REPRESENTATION_CONTEXT() REPRESENTATION_CONTEXT('2D SPACE',''
  ) );
#5388 = ORIENTED_EDGE('',*,*,#5389,.T.);
#5389 = EDGE_CURVE('',#5366,#5390,#5392,.T.);
#5390 = VERTEX_POINT('',#5391);
#5391 = CARTESIAN_POINT('',(21.352773992652,4.440967490815,8.));
#5392 = SURFACE_CURVE('',#5393,(#5397,#5404),.PCURVE_S1.);
#5393 = LINE('',#5394,#5395);
#5394 = CARTESIAN_POINT('',(24.561737618886,8.452172023608,8.));
#5395 = VECTOR('',#5396,1.);
#5396 = DIRECTION('',(-0.624695047554,-0.780868809443,0.));
#5397 = PCURVE('',#95,#5398);
#5398 = DEFINITIONAL_REPRESENTATION('',(#5399),#5403);
#5399 = LINE('',#5400,#5401);
#5400 = CARTESIAN_POINT('',(-24.56173761888,16.924303563827));
#5401 = VECTOR('',#5402,1.);
#5402 = DIRECTION('',(0.624695047554,-0.780868809443));
#5403 = ( GEOMETRIC_REPRESENTATION_CONTEXT(2) 
PARAMETRIC_REPRESENTATION_CONTEXT() REPRESENTATION_CONTEXT('2D SPACE',''
  ) );
#5404 = PCURVE('',#656,#5405);
#5405 = DEFINITIONAL_REPRESENTATION('',(#5406),#5410);
#5406 = LINE('',#5407,#5408);
#5407 = CARTESIAN_POINT('',(0.,-2.5));
#5408 = VECTOR('',#5409,1.);
#5409 = DIRECTION('',(1.,0.));
#5410 = ( GEOMETRIC_REPRESENTATION_CONTEXT(2) 
PARAMETRIC_REPRESENTATION_CONTEXT() REPRESENTATION_CONTEXT('2D SPACE',''
  ) );
#5411 = ORIENTED_EDGE('',*,*,#5412,.T.);
#5412 = EDGE_CURVE('',#5390,#5413,#5415,.T.);
#5413 = VERTEX_POINT('',#5414);
#5414 = CARTESIAN_POINT('',(20.929955858111,3.439646864884,8.));
#5415 = SURFACE_CURVE('',#5416,(#5421,#5432),.PCURVE_S1.);
#5416 = CIRCLE('',#5417,2.);
#5417 = AXIS2_PLACEMENT_3D('',#5418,#5419,#5420);
#5418 = CARTESIAN_POINT('',(22.914511611538,3.191577395706,8.));
#5419 = DIRECTION('',(0.,0.,1.));
#5420 = DIRECTION('',(-1.,0.,-0.));
#5421 = PCURVE('',#95,#5422);
#5422 = DEFINITIONAL_REPRESENTATION('',(#5423),#5431);
#5423 = ( BOUNDED_CURVE() B_SPLINE_CURVE(2,(#5424,#5425,#5426,#5427,
#5428,#5429,#5430),.UNSPECIFIED.,.T.,.F.) B_SPLINE_CURVE_WITH_KNOTS((1,2
    ,2,2,2,1),(-2.094395102393,0.,2.094395102393,4.188790204786,
6.28318530718,8.377580409573),.UNSPECIFIED.) CURVE() 
GEOMETRIC_REPRESENTATION_ITEM() RATIONAL_B_SPLINE_CURVE((1.,0.5,1.,0.5,
1.,0.5,1.)) REPRESENTATION_ITEM('') );
#5424 = CARTESIAN_POINT('',(-20.91451161153,11.663708935925));
#5425 = CARTESIAN_POINT('',(-20.91451161153,8.199607320787));
#5426 = CARTESIAN_POINT('',(-23.91451161153,9.931658128356));
#5427 = CARTESIAN_POINT('',(-26.91451161153,11.663708935925));
#5428 = CARTESIAN_POINT('',(-23.91451161153,13.395759743494));
#5429 = CARTESIAN_POINT('',(-20.91451161153,15.127810551063));
#5430 = CARTESIAN_POINT('',(-20.91451161153,11.663708935925));
#5431 = ( GEOMETRIC_REPRESENTATION_CONTEXT(2) 
PARAMETRIC_REPRESENTATION_CONTEXT() REPRESENTATION_CONTEXT('2D SPACE',''
  ) );
#5432 = PCURVE('',#689,#5433);
#5433 = DEFINITIONAL_REPRESENTATION('',(#5434),#5438);
#5434 = LINE('',#5435,#5436);
#5435 = CARTESIAN_POINT('',(-0.,-2.5));
#5436 = VECTOR('',#5437,1.);
#5437 = DIRECTION('',(-1.,0.));
#5438 = ( GEOMETRIC_REPRESENTATION_CONTEXT(2) 
PARAMETRIC_REPRESENTATION_CONTEXT() REPRESENTATION_CONTEXT('2D SPACE',''
  ) );
#5439 = ORIENTED_EDGE('',*,*,#5440,.T.);
#5440 = EDGE_CURVE('',#5413,#5441,#5443,.T.);
#5441 = VERTEX_POINT('',#5442);
#5442 = CARTESIAN_POINT('',(20.531008683647,0.248069469178,8.));
#5443 = SURFACE_CURVE('',#5444,(#5448,#5455),.PCURVE_S1.);
#5444 = LINE('',#5445,#5446);
#5445 = CARTESIAN_POINT('',(20.929955858111,3.439646864884,8.));
#5446 = VECTOR('',#5447,1.);
#5447 = DIRECTION('',(-0.124034734589,-0.992277876714,0.));
#5448 = PCURVE('',#95,#5449);
#5449 = DEFINITIONAL_REPRESENTATION('',(#5450),#5454);
#5450 = LINE('',#5451,#5452);
#5451 = CARTESIAN_POINT('',(-20.92995585811,11.911778405103));
#5452 = VECTOR('',#5453,1.);
#5453 = DIRECTION('',(0.124034734589,-0.992277876714));
#5454 = ( GEOMETRIC_REPRESENTATION_CONTEXT(2) 
PARAMETRIC_REPRESENTATION_CONTEXT() REPRESENTATION_CONTEXT('2D SPACE',''
  ) );
#5455 = PCURVE('',#717,#5456);
#5456 = DEFINITIONAL_REPRESENTATION('',(#5457),#5461);
#5457 = LINE('',#5458,#5459);
#5458 = CARTESIAN_POINT('',(0.,-2.5));
#5459 = VECTOR('',#5460,1.);
#5460 = DIRECTION('',(1.,0.));
#5461 = ( GEOMETRIC_REPRESENTATION_CONTEXT(2) 
PARAMETRIC_REPRESENTATION_CONTEXT() REPRESENTATION_CONTEXT('2D SPACE',''
  ) );
#5462 = ORIENTED_EDGE('',*,*,#5463,.T.);
#5463 = EDGE_CURVE('',#5441,#5464,#5466,.T.);
#5464 = VERTEX_POINT('',#5465);
#5465 = CARTESIAN_POINT('',(20.531008683647,-0.248069469178,8.));
#5466 = SURFACE_CURVE('',#5467,(#5472,#5483),.PCURVE_S1.);
#5467 = CIRCLE('',#5468,2.);
#5468 = AXIS2_PLACEMENT_3D('',#5469,#5470,#5471);
#5469 = CARTESIAN_POINT('',(22.515564437075,0.,8.));
#5470 = DIRECTION('',(0.,-0.,1.));
#5471 = DIRECTION('',(-1.,0.,0.));
#5472 = PCURVE('',#95,#5473);
#5473 = DEFINITIONAL_REPRESENTATION('',(#5474),#5482);
#5474 = ( BOUNDED_CURVE() B_SPLINE_CURVE(2,(#5475,#5476,#5477,#5478,
#5479,#5480,#5481),.UNSPECIFIED.,.T.,.F.) B_SPLINE_CURVE_WITH_KNOTS((1,2
    ,2,2,2,1),(-2.094395102393,0.,2.094395102393,4.188790204786,
6.28318530718,8.377580409573),.UNSPECIFIED.) CURVE() 
GEOMETRIC_REPRESENTATION_ITEM() RATIONAL_B_SPLINE_CURVE((1.,0.5,1.,0.5,
1.,0.5,1.)) REPRESENTATION_ITEM('') );
#5475 = CARTESIAN_POINT('',(-20.51556443707,8.472131540219));
#5476 = CARTESIAN_POINT('',(-20.51556443707,5.008029925081));
#5477 = CARTESIAN_POINT('',(-23.51556443707,6.74008073265));
#5478 = CARTESIAN_POINT('',(-26.51556443707,8.472131540219));
#5479 = CARTESIAN_POINT('',(-23.51556443707,10.204182347788));
#5480 = CARTESIAN_POINT('',(-20.51556443707,11.936233155357));
#5481 = CARTESIAN_POINT('',(-20.51556443707,8.472131540219));
#5482 = ( GEOMETRIC_REPRESENTATION_CONTEXT(2) 
PARAMETRIC_REPRESENTATION_CONTEXT() REPRESENTATION_CONTEXT('2D SPACE',''
  ) );
#5483 = PCURVE('',#750,#5484);
#5484 = DEFINITIONAL_REPRESENTATION('',(#5485),#5489);
#5485 = LINE('',#5486,#5487);
#5486 = CARTESIAN_POINT('',(-0.,-2.5));
#5487 = VECTOR('',#5488,1.);
#5488 = DIRECTION('',(-1.,0.));
#5489 = ( GEOMETRIC_REPRESENTATION_CONTEXT(2) 
PARAMETRIC_REPRESENTATION_CONTEXT() REPRESENTATION_CONTEXT('2D SPACE',''
  ) );
#5490 = ORIENTED_EDGE('',*,*,#5491,.T.);
#5491 = EDGE_CURVE('',#5464,#5492,#5494,.T.);
#5492 = VERTEX_POINT('',#5493);
#5493 = CARTESIAN_POINT('',(20.929955858111,-3.439646864884,8.));
#5494 = SURFACE_CURVE('',#5495,(#5499,#5506),.PCURVE_S1.);
#5495 = LINE('',#5496,#5497);
#5496 = CARTESIAN_POINT('',(20.531008683647,-0.248069469178,8.));
#5497 = VECTOR('',#5498,1.);
#5498 = DIRECTION('',(0.124034734589,-0.992277876714,0.));
#5499 = PCURVE('',#95,#5500);
#5500 = DEFINITIONAL_REPRESENTATION('',(#5501),#5505);
#5501 = LINE('',#5502,#5503);
#5502 = CARTESIAN_POINT('',(-20.53100868364,8.224062071041));
#5503 = VECTOR('',#5504,1.);
#5504 = DIRECTION('',(-0.124034734589,-0.992277876714));
#5505 = ( GEOMETRIC_REPRESENTATION_CONTEXT(2) 
PARAMETRIC_REPRESENTATION_CONTEXT() REPRESENTATION_CONTEXT('2D SPACE',''
  ) );
#5506 = PCURVE('',#778,#5507);
#5507 = DEFINITIONAL_REPRESENTATION('',(#5508),#5512);
#5508 = LINE('',#5509,#5510);
#5509 = CARTESIAN_POINT('',(0.,-2.5));
#5510 = VECTOR('',#5511,1.);
#5511 = DIRECTION('',(1.,0.));
#5512 = ( GEOMETRIC_REPRESENTATION_CONTEXT(2) 
PARAMETRIC_REPRESENTATION_CONTEXT() REPRESENTATION_CONTEXT('2D SPACE',''
  ) );
#5513 = ORIENTED_EDGE('',*,*,#5514,.T.);
#5514 = EDGE_CURVE('',#5492,#5515,#5517,.T.);
#5515 = VERTEX_POINT('',#5516);
#5516 = CARTESIAN_POINT('',(21.352773992652,-4.440967490815,8.));
#5517 = SURFACE_CURVE('',#5518,(#5523,#5534),.PCURVE_S1.);
#5518 = CIRCLE('',#5519,2.);
#5519 = AXIS2_PLACEMENT_3D('',#5520,#5521,#5522);
#5520 = CARTESIAN_POINT('',(22.914511611538,-3.191577395706,8.));
#5521 = DIRECTION('',(0.,-0.,1.));
#5522 = DIRECTION('',(-1.,0.,0.));
#5523 = PCURVE('',#95,#5524);
#5524 = DEFINITIONAL_REPRESENTATION('',(#5525),#5533);
#5525 = ( BOUNDED_CURVE() B_SPLINE_CURVE(2,(#5526,#5527,#5528,#5529,
#5530,#5531,#5532),.UNSPECIFIED.,.T.,.F.) B_SPLINE_CURVE_WITH_KNOTS((1,2
    ,2,2,2,1),(-2.094395102393,0.,2.094395102393,4.188790204786,
6.28318530718,8.377580409573),.UNSPECIFIED.) CURVE() 
GEOMETRIC_REPRESENTATION_ITEM() RATIONAL_B_SPLINE_CURVE((1.,0.5,1.,0.5,
1.,0.5,1.)) REPRESENTATION_ITEM('') );
#5526 = CARTESIAN_POINT('',(-20.91451161153,5.280554144513));
#5527 = CARTESIAN_POINT('',(-20.91451161153,1.816452529375));
#5528 = CARTESIAN_POINT('',(-23.91451161153,3.548503336944));
#5529 = CARTESIAN_POINT('',(-26.91451161153,5.280554144513));
#5530 = CARTESIAN_POINT('',(-23.91451161153,7.012604952082));
#5531 = CARTESIAN_POINT('',(-20.91451161153,8.744655759651));
#5532 = CARTESIAN_POINT('',(-20.91451161153,5.280554144513));
#5533 = ( GEOMETRIC_REPRESENTATION_CONTEXT(2) 
PARAMETRIC_REPRESENTATION_CONTEXT() REPRESENTATION_CONTEXT('2D SPACE',''
  ) );
#5534 = PCURVE('',#811,#5535);
#5535 = DEFINITIONAL_REPRESENTATION('',(#5536),#5540);
#5536 = LINE('',#5537,#5538);
#5537 = CARTESIAN_POINT('',(-0.,-2.5));
#5538 = VECTOR('',#5539,1.);
#5539 = DIRECTION('',(-1.,0.));
#5540 = ( GEOMETRIC_REPRESENTATION_CONTEXT(2) 
PARAMETRIC_REPRESENTATION_CONTEXT() REPRESENTATION_CONTEXT('2D SPACE',''
  ) );
#5541 = ORIENTED_EDGE('',*,*,#5542,.T.);
#5542 = EDGE_CURVE('',#5515,#5543,#5545,.T.);
#5543 = VERTEX_POINT('',#5544);
#5544 = CARTESIAN_POINT('',(24.561737618886,-8.452172023608,8.));
#5545 = SURFACE_CURVE('',#5546,(#5550,#5557),.PCURVE_S1.);
#5546 = LINE('',#5547,#5548);
#5547 = CARTESIAN_POINT('',(21.352773992652,-4.440967490815,8.));
#5548 = VECTOR('',#5549,1.);
#5549 = DIRECTION('',(0.624695047554,-0.780868809443,0.));
#5550 = PCURVE('',#95,#5551);
#5551 = DEFINITIONAL_REPRESENTATION('',(#5552),#5556);
#5552 = LINE('',#5553,#5554);
#5553 = CARTESIAN_POINT('',(-21.35277399265,4.031164049404));
#5554 = VECTOR('',#5555,1.);
#5555 = DIRECTION('',(-0.624695047554,-0.780868809443));
#5556 = ( GEOMETRIC_REPRESENTATION_CONTEXT(2) 
PARAMETRIC_REPRESENTATION_CONTEXT() REPRESENTATION_CONTEXT('2D SPACE',''
  ) );
#5557 = PCURVE('',#839,#5558);
#5558 = DEFINITIONAL_REPRESENTATION('',(#5559),#5563);
#5559 = LINE('',#5560,#5561);
#5560 = CARTESIAN_POINT('',(0.,-2.5));
#5561 = VECTOR('',#5562,1.);
#5562 = DIRECTION('',(1.,0.));
#5563 = ( GEOMETRIC_REPRESENTATION_CONTEXT(2) 
PARAMETRIC_REPRESENTATION_CONTEXT() REPRESENTATION_CONTEXT('2D SPACE',''
  ) );
#5564 = ORIENTED_EDGE('',*,*,#5565,.T.);
#5565 = EDGE_CURVE('',#5543,#5566,#5568,.T.);
#5566 = VERTEX_POINT('',#5567);
#5567 = CARTESIAN_POINT('',(25.,-9.701562118716,8.));
#5568 = SURFACE_CURVE('',#5569,(#5574,#5581),.PCURVE_S1.);
#5569 = CIRCLE('',#5570,2.);
#5570 = AXIS2_PLACEMENT_3D('',#5571,#5572,#5573);
#5571 = CARTESIAN_POINT('',(23.,-9.701562118716,8.));
#5572 = DIRECTION('',(0.,-0.,-1.));
#5573 = DIRECTION('',(1.,0.,-0.));
#5574 = PCURVE('',#95,#5575);
#5575 = DEFINITIONAL_REPRESENTATION('',(#5576),#5580);
#5576 = CIRCLE('',#5577,2.);
#5577 = AXIS2_PLACEMENT_2D('',#5578,#5579);
#5578 = CARTESIAN_POINT('',(-23.,-1.229430578497));
#5579 = DIRECTION('',(-1.,0.));
#5580 = ( GEOMETRIC_REPRESENTATION_CONTEXT(2) 
PARAMETRIC_REPRESENTATION_CONTEXT() REPRESENTATION_CONTEXT('2D SPACE',''
  ) );
#5581 = PCURVE('',#868,#5582);
#5582 = DEFINITIONAL_REPRESENTATION('',(#5583),#5587);
#5583 = LINE('',#5584,#5585);
#5584 = CARTESIAN_POINT('',(0.,-2.5));
#5585 = VECTOR('',#5586,1.);
#5586 = DIRECTION('',(1.,0.));
#5587 = ( GEOMETRIC_REPRESENTATION_CONTEXT(2) 
PARAMETRIC_REPRESENTATION_CONTEXT() REPRESENTATION_CONTEXT('2D SPACE',''
  ) );
#5588 = ORIENTED_EDGE('',*,*,#5589,.T.);
#5589 = EDGE_CURVE('',#5566,#5590,#5592,.T.);
#5590 = VERTEX_POINT('',#5591);
#5591 = CARTESIAN_POINT('',(25.,-14.23252798953,8.));
#5592 = SURFACE_CURVE('',#5593,(#5597,#5604),.PCURVE_S1.);
#5593 = LINE('',#5594,#5595);
#5594 = CARTESIAN_POINT('',(25.,-9.701562118716,8.));
#5595 = VECTOR('',#5596,1.);
#5596 = DIRECTION('',(0.,-1.,0.));
#5597 = PCURVE('',#95,#5598);
#5598 = DEFINITIONAL_REPRESENTATION('',(#5599),#5603);
#5599 = LINE('',#5600,#5601);
#5600 = CARTESIAN_POINT('',(-25.,-1.229430578497));
#5601 = VECTOR('',#5602,1.);
#5602 = DIRECTION('',(0.,-1.));
#5603 = ( GEOMETRIC_REPRESENTATION_CONTEXT(2) 
PARAMETRIC_REPRESENTATION_CONTEXT() REPRESENTATION_CONTEXT('2D SPACE',''
  ) );
#5604 = PCURVE('',#896,#5605);
#5605 = DEFINITIONAL_REPRESENTATION('',(#5606),#5610);
#5606 = LINE('',#5607,#5608);
#5607 = CARTESIAN_POINT('',(0.,-2.5));
#5608 = VECTOR('',#5609,1.);
#5609 = DIRECTION('',(1.,0.));
#5610 = ( GEOMETRIC_REPRESENTATION_CONTEXT(2) 
PARAMETRIC_REPRESENTATION_CONTEXT() REPRESENTATION_CONTEXT('2D SPACE',''
  ) );
#5611 = ORIENTED_EDGE('',*,*,#5612,.T.);
#5612 = EDGE_CURVE('',#5590,#5613,#5615,.T.);
#5613 = VERTEX_POINT('',#5614);
#5614 = CARTESIAN_POINT('',(24.486588292494,-15.57045745278,8.));
#5615 = SURFACE_CURVE('',#5616,(#5621,#5628),.PCURVE_S1.);
#5616 = CIRCLE('',#5617,2.);
#5617 = AXIS2_PLACEMENT_3D('',#5618,#5619,#5620);
#5618 = CARTESIAN_POINT('',(23.,-14.23252798953,8.));
#5619 = DIRECTION('',(0.,-0.,-1.));
#5620 = DIRECTION('',(1.,0.,-0.));
#5621 = PCURVE('',#95,#5622);
#5622 = DEFINITIONAL_REPRESENTATION('',(#5623),#5627);
#5623 = CIRCLE('',#5624,2.);
#5624 = AXIS2_PLACEMENT_2D('',#5625,#5626);
#5625 = CARTESIAN_POINT('',(-23.,-5.76039644932));
#5626 = DIRECTION('',(-1.,0.));
#5627 = ( GEOMETRIC_REPRESENTATION_CONTEXT(2) 
PARAMETRIC_REPRESENTATION_CONTEXT() REPRESENTATION_CONTEXT('2D SPACE',''
  ) );
#5628 = PCURVE('',#925,#5629);
#5629 = DEFINITIONAL_REPRESENTATION('',(#5630),#5634);
#5630 = LINE('',#5631,#5632);
#5631 = CARTESIAN_POINT('',(0.,-2.5));
#5632 = VECTOR('',#5633,1.);
#5633 = DIRECTION('',(1.,0.));
#5634 = ( GEOMETRIC_REPRESENTATION_CONTEXT(2) 
PARAMETRIC_REPRESENTATION_CONTEXT() REPRESENTATION_CONTEXT('2D SPACE',''
  ) );
#5635 = ORIENTED_EDGE('',*,*,#5636,.T.);
#5636 = EDGE_CURVE('',#5613,#5637,#5639,.T.);
#5637 = VERTEX_POINT('',#5638);
#5638 = CARTESIAN_POINT('',(20.525475131401,-19.97169429844,8.));
#5639 = SURFACE_CURVE('',#5640,(#5644,#5651),.PCURVE_S1.);
#5640 = LINE('',#5641,#5642);
#5641 = CARTESIAN_POINT('',(24.486588292494,-15.57045745278,8.));
#5642 = VECTOR('',#5643,1.);
#5643 = DIRECTION('',(-0.668964731622,-0.743294146247,0.));
#5644 = PCURVE('',#95,#5645);
#5645 = DEFINITIONAL_REPRESENTATION('',(#5646),#5650);
#5646 = LINE('',#5647,#5648);
#5647 = CARTESIAN_POINT('',(-24.48658829249,-7.098325912565));
#5648 = VECTOR('',#5649,1.);
#5649 = DIRECTION('',(0.668964731622,-0.743294146247));
#5650 = ( GEOMETRIC_REPRESENTATION_CONTEXT(2) 
PARAMETRIC_REPRESENTATION_CONTEXT() REPRESENTATION_CONTEXT('2D SPACE',''
  ) );
#5651 = PCURVE('',#953,#5652);
#5652 = DEFINITIONAL_REPRESENTATION('',(#5653),#5657);
#5653 = LINE('',#5654,#5655);
#5654 = CARTESIAN_POINT('',(0.,-2.5));
#5655 = VECTOR('',#5656,1.);
#5656 = DIRECTION('',(1.,0.));
#5657 = ( GEOMETRIC_REPRESENTATION_CONTEXT(2) 
PARAMETRIC_REPRESENTATION_CONTEXT() REPRESENTATION_CONTEXT('2D SPACE',''
  ) );
#5658 = ORIENTED_EDGE('',*,*,#5659,.T.);
#5659 = EDGE_CURVE('',#5637,#5660,#5662,.T.);
#5660 = VERTEX_POINT('',#5661);
#5661 = CARTESIAN_POINT('',(20.475620864701,-20.02925496235,8.));
#5662 = SURFACE_CURVE('',#5663,(#5668,#5679),.PCURVE_S1.);
#5663 = CIRCLE('',#5664,2.);
#5664 = AXIS2_PLACEMENT_3D('',#5665,#5666,#5667);
#5665 = CARTESIAN_POINT('',(22.012063423896,-21.30962376168,8.));
#5666 = DIRECTION('',(0.,0.,1.));
#5667 = DIRECTION('',(-1.,0.,-0.));
#5668 = PCURVE('',#95,#5669);
#5669 = DEFINITIONAL_REPRESENTATION('',(#5670),#5678);
#5670 = ( BOUNDED_CURVE() B_SPLINE_CURVE(2,(#5671,#5672,#5673,#5674,
#5675,#5676,#5677),.UNSPECIFIED.,.T.,.F.) B_SPLINE_CURVE_WITH_KNOTS((1,2
    ,2,2,2,1),(-2.094395102393,0.,2.094395102393,4.188790204786,
6.28318530718,8.377580409573),.UNSPECIFIED.) CURVE() 
GEOMETRIC_REPRESENTATION_ITEM() RATIONAL_B_SPLINE_CURVE((1.,0.5,1.,0.5,
1.,0.5,1.)) REPRESENTATION_ITEM('') );
#5671 = CARTESIAN_POINT('',(-20.01206342389,-12.83749222146));
#5672 = CARTESIAN_POINT('',(-20.01206342389,-16.3015938366));
#5673 = CARTESIAN_POINT('',(-23.01206342389,-14.56954302903));
#5674 = CARTESIAN_POINT('',(-26.01206342389,-12.83749222146));
#5675 = CARTESIAN_POINT('',(-23.01206342389,-11.1054414139));
#5676 = CARTESIAN_POINT('',(-20.01206342389,-9.373390606331));
#5677 = CARTESIAN_POINT('',(-20.01206342389,-12.83749222146));
#5678 = ( GEOMETRIC_REPRESENTATION_CONTEXT(2) 
PARAMETRIC_REPRESENTATION_CONTEXT() REPRESENTATION_CONTEXT('2D SPACE',''
  ) );
#5679 = PCURVE('',#986,#5680);
#5680 = DEFINITIONAL_REPRESENTATION('',(#5681),#5685);
#5681 = LINE('',#5682,#5683);
#5682 = CARTESIAN_POINT('',(-0.,-2.5));
#5683 = VECTOR('',#5684,1.);
#5684 = DIRECTION('',(-1.,0.));
#5685 = ( GEOMETRIC_REPRESENTATION_CONTEXT(2) 
PARAMETRIC_REPRESENTATION_CONTEXT() REPRESENTATION_CONTEXT('2D SPACE',''
  ) );
#5686 = ORIENTED_EDGE('',*,*,#5687,.T.);
#5687 = EDGE_CURVE('',#5660,#5688,#5690,.T.);
#5688 = VERTEX_POINT('',#5689);
#5689 = CARTESIAN_POINT('',(15.668393586646,-25.79792769602,8.));
#5690 = SURFACE_CURVE('',#5691,(#5695,#5702),.PCURVE_S1.);
#5691 = LINE('',#5692,#5693);
#5692 = CARTESIAN_POINT('',(20.475620864701,-20.02925496235,8.));
#5693 = VECTOR('',#5694,1.);
#5694 = DIRECTION('',(-0.640184399664,-0.768221279597,0.));
#5695 = PCURVE('',#95,#5696);
#5696 = DEFINITIONAL_REPRESENTATION('',(#5697),#5701);
#5697 = LINE('',#5698,#5699);
#5698 = CARTESIAN_POINT('',(-20.4756208647,-11.55712342214));
#5699 = VECTOR('',#5700,1.);
#5700 = DIRECTION('',(0.640184399664,-0.768221279597));
#5701 = ( GEOMETRIC_REPRESENTATION_CONTEXT(2) 
PARAMETRIC_REPRESENTATION_CONTEXT() REPRESENTATION_CONTEXT('2D SPACE',''
  ) );
#5702 = PCURVE('',#1014,#5703);
#5703 = DEFINITIONAL_REPRESENTATION('',(#5704),#5708);
#5704 = LINE('',#5705,#5706);
#5705 = CARTESIAN_POINT('',(0.,-2.5));
#5706 = VECTOR('',#5707,1.);
#5707 = DIRECTION('',(1.,0.));
#5708 = ( GEOMETRIC_REPRESENTATION_CONTEXT(2) 
PARAMETRIC_REPRESENTATION_CONTEXT() REPRESENTATION_CONTEXT('2D SPACE',''
  ) );
#5709 = ORIENTED_EDGE('',*,*,#5710,.T.);
#5710 = EDGE_CURVE('',#5688,#5711,#5713,.T.);
#5711 = VERTEX_POINT('',#5712);
#5712 = CARTESIAN_POINT('',(15.389582064282,-26.23874148263,8.));
#5713 = SURFACE_CURVE('',#5714,(#5719,#5730),.PCURVE_S1.);
#5714 = CIRCLE('',#5715,2.);
#5715 = AXIS2_PLACEMENT_3D('',#5716,#5717,#5718);
#5716 = CARTESIAN_POINT('',(17.204836145841,-27.07829649535,8.));
#5717 = DIRECTION('',(0.,0.,1.));
#5718 = DIRECTION('',(-1.,0.,-0.));
#5719 = PCURVE('',#95,#5720);
#5720 = DEFINITIONAL_REPRESENTATION('',(#5721),#5729);
#5721 = ( BOUNDED_CURVE() B_SPLINE_CURVE(2,(#5722,#5723,#5724,#5725,
#5726,#5727,#5728),.UNSPECIFIED.,.T.,.F.) B_SPLINE_CURVE_WITH_KNOTS((1,2
    ,2,2,2,1),(-2.094395102393,0.,2.094395102393,4.188790204786,
6.28318530718,8.377580409573),.UNSPECIFIED.) CURVE() 
GEOMETRIC_REPRESENTATION_ITEM() RATIONAL_B_SPLINE_CURVE((1.,0.5,1.,0.5,
1.,0.5,1.)) REPRESENTATION_ITEM('') );
#5722 = CARTESIAN_POINT('',(-15.20483614584,-18.60616495513));
#5723 = CARTESIAN_POINT('',(-15.20483614584,-22.07026657027));
#5724 = CARTESIAN_POINT('',(-18.20483614584,-20.3382157627));
#5725 = CARTESIAN_POINT('',(-21.20483614584,-18.60616495513));
#5726 = CARTESIAN_POINT('',(-18.20483614584,-16.87411414756));
#5727 = CARTESIAN_POINT('',(-15.20483614584,-15.14206333999));
#5728 = CARTESIAN_POINT('',(-15.20483614584,-18.60616495513));
#5729 = ( GEOMETRIC_REPRESENTATION_CONTEXT(2) 
PARAMETRIC_REPRESENTATION_CONTEXT() REPRESENTATION_CONTEXT('2D SPACE',''
  ) );
#5730 = PCURVE('',#1047,#5731);
#5731 = DEFINITIONAL_REPRESENTATION('',(#5732),#5736);
#5732 = LINE('',#5733,#5734);
#5733 = CARTESIAN_POINT('',(-0.,-2.5));
#5734 = VECTOR('',#5735,1.);
#5735 = DIRECTION('',(-1.,0.));
#5736 = ( GEOMETRIC_REPRESENTATION_CONTEXT(2) 
PARAMETRIC_REPRESENTATION_CONTEXT() REPRESENTATION_CONTEXT('2D SPACE',''
  ) );
#5737 = ORIENTED_EDGE('',*,*,#5738,.T.);
#5738 = EDGE_CURVE('',#5711,#5739,#5741,.T.);
#5739 = VERTEX_POINT('',#5740);
#5740 = CARTESIAN_POINT('',(11.984745918441,-33.60054936553,8.));
#5741 = SURFACE_CURVE('',#5742,(#5746,#5753),.PCURVE_S1.);
#5742 = LINE('',#5743,#5744);
#5743 = CARTESIAN_POINT('',(15.389582064282,-26.23874148263,8.));
#5744 = VECTOR('',#5745,1.);
#5745 = DIRECTION('',(-0.41977750636,-0.907627040779,0.));
#5746 = PCURVE('',#95,#5747);
#5747 = DEFINITIONAL_REPRESENTATION('',(#5748),#5752);
#5748 = LINE('',#5749,#5750);
#5749 = CARTESIAN_POINT('',(-15.38958206428,-17.76660994241));
#5750 = VECTOR('',#5751,1.);
#5751 = DIRECTION('',(0.41977750636,-0.907627040779));
#5752 = ( GEOMETRIC_REPRESENTATION_CONTEXT(2) 
PARAMETRIC_REPRESENTATION_CONTEXT() REPRESENTATION_CONTEXT('2D SPACE',''
  ) );
#5753 = PCURVE('',#1075,#5754);
#5754 = DEFINITIONAL_REPRESENTATION('',(#5755),#5759);
#5755 = LINE('',#5756,#5757);
#5756 = CARTESIAN_POINT('',(0.,-2.5));
#5757 = VECTOR('',#5758,1.);
#5758 = DIRECTION('',(1.,0.));
#5759 = ( GEOMETRIC_REPRESENTATION_CONTEXT(2) 
PARAMETRIC_REPRESENTATION_CONTEXT() REPRESENTATION_CONTEXT('2D SPACE',''
  ) );
#5760 = ORIENTED_EDGE('',*,*,#5761,.T.);
#5761 = EDGE_CURVE('',#5739,#5762,#5764,.T.);
#5762 = VERTEX_POINT('',#5763);
#5763 = CARTESIAN_POINT('',(11.8,-34.44010437825,8.));
#5764 = SURFACE_CURVE('',#5765,(#5770,#5781),.PCURVE_S1.);
#5765 = CIRCLE('',#5766,2.);
#5766 = AXIS2_PLACEMENT_3D('',#5767,#5768,#5769);
#5767 = CARTESIAN_POINT('',(13.8,-34.44010437825,8.));
#5768 = DIRECTION('',(0.,0.,1.));
#5769 = DIRECTION('',(-1.,0.,-0.));
#5770 = PCURVE('',#95,#5771);
#5771 = DEFINITIONAL_REPRESENTATION('',(#5772),#5780);
#5772 = ( BOUNDED_CURVE() B_SPLINE_CURVE(2,(#5773,#5774,#5775,#5776,
#5777,#5778,#5779),.UNSPECIFIED.,.T.,.F.) B_SPLINE_CURVE_WITH_KNOTS((1,2
    ,2,2,2,1),(-2.094395102393,0.,2.094395102393,4.188790204786,
6.28318530718,8.377580409573),.UNSPECIFIED.) CURVE() 
GEOMETRIC_REPRESENTATION_ITEM() RATIONAL_B_SPLINE_CURVE((1.,0.5,1.,0.5,
1.,0.5,1.)) REPRESENTATION_ITEM('') );
#5773 = CARTESIAN_POINT('',(-11.8,-25.96797283803));
#5774 = CARTESIAN_POINT('',(-11.8,-29.43207445317));
#5775 = CARTESIAN_POINT('',(-14.8,-27.7000236456));
#5776 = CARTESIAN_POINT('',(-17.8,-25.96797283803));
#5777 = CARTESIAN_POINT('',(-14.8,-24.23592203046));
#5778 = CARTESIAN_POINT('',(-11.8,-22.50387122289));
#5779 = CARTESIAN_POINT('',(-11.8,-25.96797283803));
#5780 = ( GEOMETRIC_REPRESENTATION_CONTEXT(2) 
PARAMETRIC_REPRESENTATION_CONTEXT() REPRESENTATION_CONTEXT('2D SPACE',''
  ) );
#5781 = PCURVE('',#1108,#5782);
#5782 = DEFINITIONAL_REPRESENTATION('',(#5783),#5787);
#5783 = LINE('',#5784,#5785);
#5784 = CARTESIAN_POINT('',(-0.,-2.5));
#5785 = VECTOR('',#5786,1.);
#5786 = DIRECTION('',(-1.,0.));
#5787 = ( GEOMETRIC_REPRESENTATION_CONTEXT(2) 
PARAMETRIC_REPRESENTATION_CONTEXT() REPRESENTATION_CONTEXT('2D SPACE',''
  ) );
#5788 = ORIENTED_EDGE('',*,*,#5789,.T.);
#5789 = EDGE_CURVE('',#5762,#5790,#5792,.T.);
#5790 = VERTEX_POINT('',#5791);
#5791 = CARTESIAN_POINT('',(11.8,-45.8344749394,8.));
#5792 = SURFACE_CURVE('',#5793,(#5797,#5804),.PCURVE_S1.);
#5793 = LINE('',#5794,#5795);
#5794 = CARTESIAN_POINT('',(11.8,-34.44010437825,8.));
#5795 = VECTOR('',#5796,1.);
#5796 = DIRECTION('',(0.,-1.,0.));
#5797 = PCURVE('',#95,#5798);
#5798 = DEFINITIONAL_REPRESENTATION('',(#5799),#5803);
#5799 = LINE('',#5800,#5801);
#5800 = CARTESIAN_POINT('',(-11.8,-25.96797283803));
#5801 = VECTOR('',#5802,1.);
#5802 = DIRECTION('',(0.,-1.));
#5803 = ( GEOMETRIC_REPRESENTATION_CONTEXT(2) 
PARAMETRIC_REPRESENTATION_CONTEXT() REPRESENTATION_CONTEXT('2D SPACE',''
  ) );
#5804 = PCURVE('',#1136,#5805);
#5805 = DEFINITIONAL_REPRESENTATION('',(#5806),#5810);
#5806 = LINE('',#5807,#5808);
#5807 = CARTESIAN_POINT('',(0.,-2.5));
#5808 = VECTOR('',#5809,1.);
#5809 = DIRECTION('',(1.,0.));
#5810 = ( GEOMETRIC_REPRESENTATION_CONTEXT(2) 
PARAMETRIC_REPRESENTATION_CONTEXT() REPRESENTATION_CONTEXT('2D SPACE',''
  ) );
#5811 = ORIENTED_EDGE('',*,*,#5812,.T.);
#5812 = EDGE_CURVE('',#5790,#5813,#5815,.T.);
#5813 = VERTEX_POINT('',#5814);
#5814 = CARTESIAN_POINT('',(11.827212152336,-46.16327291401,8.));
#5815 = SURFACE_CURVE('',#5816,(#5821,#5832),.PCURVE_S1.);
#5816 = CIRCLE('',#5817,2.);
#5817 = AXIS2_PLACEMENT_3D('',#5818,#5819,#5820);
#5818 = CARTESIAN_POINT('',(13.8,-45.8344749394,8.));
#5819 = DIRECTION('',(0.,-0.,1.));
#5820 = DIRECTION('',(-1.,0.,0.));
#5821 = PCURVE('',#95,#5822);
#5822 = DEFINITIONAL_REPRESENTATION('',(#5823),#5831);
#5823 = ( BOUNDED_CURVE() B_SPLINE_CURVE(2,(#5824,#5825,#5826,#5827,
#5828,#5829,#5830),.UNSPECIFIED.,.T.,.F.) B_SPLINE_CURVE_WITH_KNOTS((1,2
    ,2,2,2,1),(-2.094395102393,0.,2.094395102393,4.188790204786,
6.28318530718,8.377580409573),.UNSPECIFIED.) CURVE() 
GEOMETRIC_REPRESENTATION_ITEM() RATIONAL_B_SPLINE_CURVE((1.,0.5,1.,0.5,
1.,0.5,1.)) REPRESENTATION_ITEM('') );
#5824 = CARTESIAN_POINT('',(-11.8,-37.36234339918));
#5825 = CARTESIAN_POINT('',(-11.8,-40.82644501432));
#5826 = CARTESIAN_POINT('',(-14.8,-39.09439420675));
#5827 = CARTESIAN_POINT('',(-17.8,-37.36234339918));
#5828 = CARTESIAN_POINT('',(-14.8,-35.63029259161));
#5829 = CARTESIAN_POINT('',(-11.8,-33.89824178404));
#5830 = CARTESIAN_POINT('',(-11.8,-37.36234339918));
#5831 = ( GEOMETRIC_REPRESENTATION_CONTEXT(2) 
PARAMETRIC_REPRESENTATION_CONTEXT() REPRESENTATION_CONTEXT('2D SPACE',''
  ) );
#5832 = PCURVE('',#1169,#5833);
#5833 = DEFINITIONAL_REPRESENTATION('',(#5834),#5838);
#5834 = LINE('',#5835,#5836);
#5835 = CARTESIAN_POINT('',(-0.,-2.5));
#5836 = VECTOR('',#5837,1.);
#5837 = DIRECTION('',(-1.,0.));
#5838 = ( GEOMETRIC_REPRESENTATION_CONTEXT(2) 
PARAMETRIC_REPRESENTATION_CONTEXT() REPRESENTATION_CONTEXT('2D SPACE',''
  ) );
#5839 = ORIENTED_EDGE('',*,*,#5840,.T.);
#5840 = EDGE_CURVE('',#5813,#5841,#5843,.T.);
#5841 = VERTEX_POINT('',#5842);
#5842 = CARTESIAN_POINT('',(13.67441215482,-57.24647292891,8.));
#5843 = SURFACE_CURVE('',#5844,(#5848,#5855),.PCURVE_S1.);
#5844 = LINE('',#5845,#5846);
#5845 = CARTESIAN_POINT('',(11.827212152336,-46.16327291401,8.));
#5846 = VECTOR('',#5847,1.);
#5847 = DIRECTION('',(0.164398987305,-0.986393923832,0.));
#5848 = PCURVE('',#95,#5849);
#5849 = DEFINITIONAL_REPRESENTATION('',(#5850),#5854);
#5850 = LINE('',#5851,#5852);
#5851 = CARTESIAN_POINT('',(-11.82721215233,-37.69114137379));
#5852 = VECTOR('',#5853,1.);
#5853 = DIRECTION('',(-0.164398987305,-0.986393923832));
#5854 = ( GEOMETRIC_REPRESENTATION_CONTEXT(2) 
PARAMETRIC_REPRESENTATION_CONTEXT() REPRESENTATION_CONTEXT('2D SPACE',''
  ) );
#5855 = PCURVE('',#1197,#5856);
#5856 = DEFINITIONAL_REPRESENTATION('',(#5857),#5861);
#5857 = LINE('',#5858,#5859);
#5858 = CARTESIAN_POINT('',(0.,-2.5));
#5859 = VECTOR('',#5860,1.);
#5860 = DIRECTION('',(1.,0.));
#5861 = ( GEOMETRIC_REPRESENTATION_CONTEXT(2) 
PARAMETRIC_REPRESENTATION_CONTEXT() REPRESENTATION_CONTEXT('2D SPACE',''
  ) );
#5862 = ORIENTED_EDGE('',*,*,#5863,.T.);
#5863 = EDGE_CURVE('',#5841,#5864,#5866,.T.);
#5864 = VERTEX_POINT('',#5865);
#5865 = CARTESIAN_POINT('',(13.391262458264,-58.64537506589,8.));
#5866 = SURFACE_CURVE('',#5867,(#5872,#5879),.PCURVE_S1.);
#5867 = CIRCLE('',#5868,2.);
#5868 = AXIS2_PLACEMENT_3D('',#5869,#5870,#5871);
#5869 = CARTESIAN_POINT('',(11.701624307156,-57.57527090353,8.));
#5870 = DIRECTION('',(0.,-0.,-1.));
#5871 = DIRECTION('',(1.,0.,-0.));
#5872 = PCURVE('',#95,#5873);
#5873 = DEFINITIONAL_REPRESENTATION('',(#5874),#5878);
#5874 = CIRCLE('',#5875,2.);
#5875 = AXIS2_PLACEMENT_2D('',#5876,#5877);
#5876 = CARTESIAN_POINT('',(-11.70162430715,-49.10313936331));
#5877 = DIRECTION('',(-1.,0.));
#5878 = ( GEOMETRIC_REPRESENTATION_CONTEXT(2) 
PARAMETRIC_REPRESENTATION_CONTEXT() REPRESENTATION_CONTEXT('2D SPACE',''
  ) );
#5879 = PCURVE('',#1226,#5880);
#5880 = DEFINITIONAL_REPRESENTATION('',(#5881),#5885);
#5881 = LINE('',#5882,#5883);
#5882 = CARTESIAN_POINT('',(0.,-2.5));
#5883 = VECTOR('',#5884,1.);
#5884 = DIRECTION('',(1.,0.));
#5885 = ( GEOMETRIC_REPRESENTATION_CONTEXT(2) 
PARAMETRIC_REPRESENTATION_CONTEXT() REPRESENTATION_CONTEXT('2D SPACE',''
  ) );
#5886 = ORIENTED_EDGE('',*,*,#5887,.T.);
#5887 = EDGE_CURVE('',#5864,#5888,#5890,.T.);
#5888 = VERTEX_POINT('',#5889);
#5889 = CARTESIAN_POINT('',(10.196233476933,-63.690157668,8.));
#5890 = SURFACE_CURVE('',#5891,(#5895,#5902),.PCURVE_S1.);
#5891 = LINE('',#5892,#5893);
#5892 = CARTESIAN_POINT('',(13.391262458264,-58.64537506589,8.));
#5893 = VECTOR('',#5894,1.);
#5894 = DIRECTION('',(-0.535052081184,-0.844819075554,0.));
#5895 = PCURVE('',#95,#5896);
#5896 = DEFINITIONAL_REPRESENTATION('',(#5897),#5901);
#5897 = LINE('',#5898,#5899);
#5898 = CARTESIAN_POINT('',(-13.39126245826,-50.17324352568));
#5899 = VECTOR('',#5900,1.);
#5900 = DIRECTION('',(0.535052081184,-0.844819075554));
#5901 = ( GEOMETRIC_REPRESENTATION_CONTEXT(2) 
PARAMETRIC_REPRESENTATION_CONTEXT() REPRESENTATION_CONTEXT('2D SPACE',''
  ) );
#5902 = PCURVE('',#1254,#5903);
#5903 = DEFINITIONAL_REPRESENTATION('',(#5904),#5908);
#5904 = LINE('',#5905,#5906);
#5905 = CARTESIAN_POINT('',(0.,-2.5));
#5906 = VECTOR('',#5907,1.);
#5907 = DIRECTION('',(1.,0.));
#5908 = ( GEOMETRIC_REPRESENTATION_CONTEXT(2) 
PARAMETRIC_REPRESENTATION_CONTEXT() REPRESENTATION_CONTEXT('2D SPACE',''
  ) );
#5909 = ORIENTED_EDGE('',*,*,#5910,.T.);
#5910 = EDGE_CURVE('',#5888,#5911,#5913,.T.);
#5911 = VERTEX_POINT('',#5912);
#5912 = CARTESIAN_POINT('',(9.706595325825,-64.22005350563,8.));
#5913 = SURFACE_CURVE('',#5914,(#5919,#5926),.PCURVE_S1.);
#5914 = CIRCLE('',#5915,2.);
#5915 = AXIS2_PLACEMENT_3D('',#5916,#5917,#5918);
#5916 = CARTESIAN_POINT('',(8.506595325825,-62.62005350563,8.));
#5917 = DIRECTION('',(0.,-0.,-1.));
#5918 = DIRECTION('',(1.,0.,-0.));
#5919 = PCURVE('',#95,#5920);
#5920 = DEFINITIONAL_REPRESENTATION('',(#5921),#5925);
#5921 = CIRCLE('',#5922,2.);
#5922 = AXIS2_PLACEMENT_2D('',#5923,#5924);
#5923 = CARTESIAN_POINT('',(-8.506595325825,-54.14792196541));
#5924 = DIRECTION('',(-1.,0.));
#5925 = ( GEOMETRIC_REPRESENTATION_CONTEXT(2) 
PARAMETRIC_REPRESENTATION_CONTEXT() REPRESENTATION_CONTEXT('2D SPACE',''
  ) );
#5926 = PCURVE('',#1283,#5927);
#5927 = DEFINITIONAL_REPRESENTATION('',(#5928),#5932);
#5928 = LINE('',#5929,#5930);
#5929 = CARTESIAN_POINT('',(0.,-2.5));
#5930 = VECTOR('',#5931,1.);
#5931 = DIRECTION('',(1.,0.));
#5932 = ( GEOMETRIC_REPRESENTATION_CONTEXT(2) 
PARAMETRIC_REPRESENTATION_CONTEXT() REPRESENTATION_CONTEXT('2D SPACE',''
  ) );
#5933 = ORIENTED_EDGE('',*,*,#5934,.T.);
#5934 = EDGE_CURVE('',#5911,#5935,#5937,.T.);
#5935 = VERTEX_POINT('',#5936);
#5936 = CARTESIAN_POINT('',(6.533333333333,-66.6,8.));
#5937 = SURFACE_CURVE('',#5938,(#5942,#5949),.PCURVE_S1.);
#5938 = LINE('',#5939,#5940);
#5939 = CARTESIAN_POINT('',(9.706595325825,-64.22005350563,8.));
#5940 = VECTOR('',#5941,1.);
#5941 = DIRECTION('',(-0.8,-0.6,0.));
#5942 = PCURVE('',#95,#5943);
#5943 = DEFINITIONAL_REPRESENTATION('',(#5944),#5948);
#5944 = LINE('',#5945,#5946);
#5945 = CARTESIAN_POINT('',(-9.706595325825,-55.74792196541));
#5946 = VECTOR('',#5947,1.);
#5947 = DIRECTION('',(0.8,-0.6));
#5948 = ( GEOMETRIC_REPRESENTATION_CONTEXT(2) 
PARAMETRIC_REPRESENTATION_CONTEXT() REPRESENTATION_CONTEXT('2D SPACE',''
  ) );
#5949 = PCURVE('',#1311,#5950);
#5950 = DEFINITIONAL_REPRESENTATION('',(#5951),#5955);
#5951 = LINE('',#5952,#5953);
#5952 = CARTESIAN_POINT('',(0.,-2.5));
#5953 = VECTOR('',#5954,1.);
#5954 = DIRECTION('',(1.,0.));
#5955 = ( GEOMETRIC_REPRESENTATION_CONTEXT(2) 
PARAMETRIC_REPRESENTATION_CONTEXT() REPRESENTATION_CONTEXT('2D SPACE',''
  ) );
#5956 = ORIENTED_EDGE('',*,*,#5957,.T.);
#5957 = EDGE_CURVE('',#5935,#5958,#5960,.T.);
#5958 = VERTEX_POINT('',#5959);
#5959 = CARTESIAN_POINT('',(5.333333333333,-67.,8.));
#5960 = SURFACE_CURVE('',#5961,(#5966,#5973),.PCURVE_S1.);
#5961 = CIRCLE('',#5962,2.);
#5962 = AXIS2_PLACEMENT_3D('',#5963,#5964,#5965);
#5963 = CARTESIAN_POINT('',(5.333333333333,-65.,8.));
#5964 = DIRECTION('',(0.,-0.,-1.));
#5965 = DIRECTION('',(1.,0.,-0.));
#5966 = PCURVE('',#95,#5967);
#5967 = DEFINITIONAL_REPRESENTATION('',(#5968),#5972);
#5968 = CIRCLE('',#5969,2.);
#5969 = AXIS2_PLACEMENT_2D('',#5970,#5971);
#5970 = CARTESIAN_POINT('',(-5.333333333333,-56.52786845978));
#5971 = DIRECTION('',(-1.,0.));
#5972 = ( GEOMETRIC_REPRESENTATION_CONTEXT(2) 
PARAMETRIC_REPRESENTATION_CONTEXT() REPRESENTATION_CONTEXT('2D SPACE',''
  ) );
#5973 = PCURVE('',#1340,#5974);
#5974 = DEFINITIONAL_REPRESENTATION('',(#5975),#5979);
#5975 = LINE('',#5976,#5977);
#5976 = CARTESIAN_POINT('',(0.,-2.5));
#5977 = VECTOR('',#5978,1.);
#5978 = DIRECTION('',(1.,0.));
#5979 = ( GEOMETRIC_REPRESENTATION_CONTEXT(2) 
PARAMETRIC_REPRESENTATION_CONTEXT() REPRESENTATION_CONTEXT('2D SPACE',''
  ) );
#5980 = ORIENTED_EDGE('',*,*,#5981,.T.);
#5981 = EDGE_CURVE('',#5958,#5982,#5984,.T.);
#5982 = VERTEX_POINT('',#5983);
#5983 = CARTESIAN_POINT('',(-5.333333333333,-67.,8.));
#5984 = SURFACE_CURVE('',#5985,(#5989,#5996),.PCURVE_S1.);
#5985 = LINE('',#5986,#5987);
#5986 = CARTESIAN_POINT('',(5.333333333333,-67.,8.));
#5987 = VECTOR('',#5988,1.);
#5988 = DIRECTION('',(-1.,0.,0.));
#5989 = PCURVE('',#95,#5990);
#5990 = DEFINITIONAL_REPRESENTATION('',(#5991),#5995);
#5991 = LINE('',#5992,#5993);
#5992 = CARTESIAN_POINT('',(-5.333333333333,-58.52786845978));
#5993 = VECTOR('',#5994,1.);
#5994 = DIRECTION('',(1.,0.));
#5995 = ( GEOMETRIC_REPRESENTATION_CONTEXT(2) 
PARAMETRIC_REPRESENTATION_CONTEXT() REPRESENTATION_CONTEXT('2D SPACE',''
  ) );
#5996 = PCURVE('',#1368,#5997);
#5997 = DEFINITIONAL_REPRESENTATION('',(#5998),#6002);
#5998 = LINE('',#5999,#6000);
#5999 = CARTESIAN_POINT('',(0.,-2.5));
#6000 = VECTOR('',#6001,1.);
#6001 = DIRECTION('',(1.,0.));
#6002 = ( GEOMETRIC_REPRESENTATION_CONTEXT(2) 
PARAMETRIC_REPRESENTATION_CONTEXT() REPRESENTATION_CONTEXT('2D SPACE',''
  ) );
#6003 = ORIENTED_EDGE('',*,*,#6004,.T.);
#6004 = EDGE_CURVE('',#5982,#6005,#6007,.T.);
#6005 = VERTEX_POINT('',#6006);
#6006 = CARTESIAN_POINT('',(-6.533333333333,-66.6,8.));
#6007 = SURFACE_CURVE('',#6008,(#6013,#6020),.PCURVE_S1.);
#6008 = CIRCLE('',#6009,2.);
#6009 = AXIS2_PLACEMENT_3D('',#6010,#6011,#6012);
#6010 = CARTESIAN_POINT('',(-5.333333333333,-65.,8.));
#6011 = DIRECTION('',(0.,-0.,-1.));
#6012 = DIRECTION('',(1.,0.,-0.));
#6013 = PCURVE('',#95,#6014);
#6014 = DEFINITIONAL_REPRESENTATION('',(#6015),#6019);
#6015 = CIRCLE('',#6016,2.);
#6016 = AXIS2_PLACEMENT_2D('',#6017,#6018);
#6017 = CARTESIAN_POINT('',(5.333333333333,-56.52786845978));
#6018 = DIRECTION('',(-1.,0.));
#6019 = ( GEOMETRIC_REPRESENTATION_CONTEXT(2) 
PARAMETRIC_REPRESENTATION_CONTEXT() REPRESENTATION_CONTEXT('2D SPACE',''
  ) );
#6020 = PCURVE('',#1397,#6021);
#6021 = DEFINITIONAL_REPRESENTATION('',(#6022),#6026);
#6022 = LINE('',#6023,#6024);
#6023 = CARTESIAN_POINT('',(0.,-2.5));
#6024 = VECTOR('',#6025,1.);
#6025 = DIRECTION('',(1.,0.));
#6026 = ( GEOMETRIC_REPRESENTATION_CONTEXT(2) 
PARAMETRIC_REPRESENTATION_CONTEXT() REPRESENTATION_CONTEXT('2D SPACE',''
  ) );
#6027 = ORIENTED_EDGE('',*,*,#6028,.T.);
#6028 = EDGE_CURVE('',#6005,#6029,#6031,.T.);
#6029 = VERTEX_POINT('',#6030);
#6030 = CARTESIAN_POINT('',(-9.706595325825,-64.22005350563,8.));
#6031 = SURFACE_CURVE('',#6032,(#6036,#6043),.PCURVE_S1.);
#6032 = LINE('',#6033,#6034);
#6033 = CARTESIAN_POINT('',(-6.533333333333,-66.6,8.));
#6034 = VECTOR('',#6035,1.);
#6035 = DIRECTION('',(-0.8,0.6,0.));
#6036 = PCURVE('',#95,#6037);
#6037 = DEFINITIONAL_REPRESENTATION('',(#6038),#6042);
#6038 = LINE('',#6039,#6040);
#6039 = CARTESIAN_POINT('',(6.533333333333,-58.12786845978));
#6040 = VECTOR('',#6041,1.);
#6041 = DIRECTION('',(0.8,0.6));
#6042 = ( GEOMETRIC_REPRESENTATION_CONTEXT(2) 
PARAMETRIC_REPRESENTATION_CONTEXT() REPRESENTATION_CONTEXT('2D SPACE',''
  ) );
#6043 = PCURVE('',#1425,#6044);
#6044 = DEFINITIONAL_REPRESENTATION('',(#6045),#6049);
#6045 = LINE('',#6046,#6047);
#6046 = CARTESIAN_POINT('',(0.,-2.5));
#6047 = VECTOR('',#6048,1.);
#6048 = DIRECTION('',(1.,0.));
#6049 = ( GEOMETRIC_REPRESENTATION_CONTEXT(2) 
PARAMETRIC_REPRESENTATION_CONTEXT() REPRESENTATION_CONTEXT('2D SPACE',''
  ) );
#6050 = ORIENTED_EDGE('',*,*,#6051,.T.);
#6051 = EDGE_CURVE('',#6029,#6052,#6054,.T.);
#6052 = VERTEX_POINT('',#6053);
#6053 = CARTESIAN_POINT('',(-10.19623347693,-63.690157668,8.));
#6054 = SURFACE_CURVE('',#6055,(#6060,#6067),.PCURVE_S1.);
#6055 = CIRCLE('',#6056,2.);
#6056 = AXIS2_PLACEMENT_3D('',#6057,#6058,#6059);
#6057 = CARTESIAN_POINT('',(-8.506595325825,-62.62005350563,8.));
#6058 = DIRECTION('',(0.,0.,-1.));
#6059 = DIRECTION('',(1.,0.,0.));
#6060 = PCURVE('',#95,#6061);
#6061 = DEFINITIONAL_REPRESENTATION('',(#6062),#6066);
#6062 = CIRCLE('',#6063,2.);
#6063 = AXIS2_PLACEMENT_2D('',#6064,#6065);
#6064 = CARTESIAN_POINT('',(8.506595325825,-54.14792196541));
#6065 = DIRECTION('',(-1.,0.));
#6066 = ( GEOMETRIC_REPRESENTATION_CONTEXT(2) 
PARAMETRIC_REPRESENTATION_CONTEXT() REPRESENTATION_CONTEXT('2D SPACE',''
  ) );
#6067 = PCURVE('',#1454,#6068);
#6068 = DEFINITIONAL_REPRESENTATION('',(#6069),#6073);
#6069 = LINE('',#6070,#6071);
#6070 = CARTESIAN_POINT('',(0.,-2.5));
#6071 = VECTOR('',#6072,1.);
#6072 = DIRECTION('',(1.,0.));
#6073 = ( GEOMETRIC_REPRESENTATION_CONTEXT(2) 
PARAMETRIC_REPRESENTATION_CONTEXT() REPRESENTATION_CONTEXT('2D SPACE',''
  ) );
#6074 = ORIENTED_EDGE('',*,*,#6075,.T.);
#6075 = EDGE_CURVE('',#6052,#6076,#6078,.T.);
#6076 = VERTEX_POINT('',#6077);
#6077 = CARTESIAN_POINT('',(-13.39126245826,-58.64537506589,8.));
#6078 = SURFACE_CURVE('',#6079,(#6083,#6090),.PCURVE_S1.);
#6079 = LINE('',#6080,#6081);
#6080 = CARTESIAN_POINT('',(-10.19623347693,-63.690157668,8.));
#6081 = VECTOR('',#6082,1.);
#6082 = DIRECTION('',(-0.535052081184,0.844819075554,0.));
#6083 = PCURVE('',#95,#6084);
#6084 = DEFINITIONAL_REPRESENTATION('',(#6085),#6089);
#6085 = LINE('',#6086,#6087);
#6086 = CARTESIAN_POINT('',(10.196233476933,-55.21802612778));
#6087 = VECTOR('',#6088,1.);
#6088 = DIRECTION('',(0.535052081184,0.844819075554));
#6089 = ( GEOMETRIC_REPRESENTATION_CONTEXT(2) 
PARAMETRIC_REPRESENTATION_CONTEXT() REPRESENTATION_CONTEXT('2D SPACE',''
  ) );
#6090 = PCURVE('',#1482,#6091);
#6091 = DEFINITIONAL_REPRESENTATION('',(#6092),#6096);
#6092 = LINE('',#6093,#6094);
#6093 = CARTESIAN_POINT('',(0.,-2.5));
#6094 = VECTOR('',#6095,1.);
#6095 = DIRECTION('',(1.,0.));
#6096 = ( GEOMETRIC_REPRESENTATION_CONTEXT(2) 
PARAMETRIC_REPRESENTATION_CONTEXT() REPRESENTATION_CONTEXT('2D SPACE',''
  ) );
#6097 = ORIENTED_EDGE('',*,*,#6098,.T.);
#6098 = EDGE_CURVE('',#6076,#6099,#6101,.T.);
#6099 = VERTEX_POINT('',#6100);
#6100 = CARTESIAN_POINT('',(-13.67441215482,-57.24647292891,8.));
#6101 = SURFACE_CURVE('',#6102,(#6107,#6114),.PCURVE_S1.);
#6102 = CIRCLE('',#6103,2.);
#6103 = AXIS2_PLACEMENT_3D('',#6104,#6105,#6106);
#6104 = CARTESIAN_POINT('',(-11.70162430715,-57.57527090353,8.));
#6105 = DIRECTION('',(0.,0.,-1.));
#6106 = DIRECTION('',(1.,0.,0.));
#6107 = PCURVE('',#95,#6108);
#6108 = DEFINITIONAL_REPRESENTATION('',(#6109),#6113);
#6109 = CIRCLE('',#6110,2.);
#6110 = AXIS2_PLACEMENT_2D('',#6111,#6112);
#6111 = CARTESIAN_POINT('',(11.701624307156,-49.10313936331));
#6112 = DIRECTION('',(-1.,0.));
#6113 = ( GEOMETRIC_REPRESENTATION_CONTEXT(2) 
PARAMETRIC_REPRESENTATION_CONTEXT() REPRESENTATION_CONTEXT('2D SPACE',''
  ) );
#6114 = PCURVE('',#1511,#6115);
#6115 = DEFINITIONAL_REPRESENTATION('',(#6116),#6120);
#6116 = LINE('',#6117,#6118);
#6117 = CARTESIAN_POINT('',(0.,-2.5));
#6118 = VECTOR('',#6119,1.);
#6119 = DIRECTION('',(1.,0.));
#6120 = ( GEOMETRIC_REPRESENTATION_CONTEXT(2) 
PARAMETRIC_REPRESENTATION_CONTEXT() REPRESENTATION_CONTEXT('2D SPACE',''
  ) );
#6121 = ORIENTED_EDGE('',*,*,#6122,.T.);
#6122 = EDGE_CURVE('',#6099,#6123,#6125,.T.);
#6123 = VERTEX_POINT('',#6124);
#6124 = CARTESIAN_POINT('',(-11.82721215233,-46.16327291401,8.));
#6125 = SURFACE_CURVE('',#6126,(#6130,#6137),.PCURVE_S1.);
#6126 = LINE('',#6127,#6128);
#6127 = CARTESIAN_POINT('',(-13.67441215482,-57.24647292891,8.));
#6128 = VECTOR('',#6129,1.);
#6129 = DIRECTION('',(0.164398987305,0.986393923832,0.));
#6130 = PCURVE('',#95,#6131);
#6131 = DEFINITIONAL_REPRESENTATION('',(#6132),#6136);
#6132 = LINE('',#6133,#6134);
#6133 = CARTESIAN_POINT('',(13.67441215482,-48.7743413887));
#6134 = VECTOR('',#6135,1.);
#6135 = DIRECTION('',(-0.164398987305,0.986393923832));
#6136 = ( GEOMETRIC_REPRESENTATION_CONTEXT(2) 
PARAMETRIC_REPRESENTATION_CONTEXT() REPRESENTATION_CONTEXT('2D SPACE',''
  ) );
#6137 = PCURVE('',#1539,#6138);
#6138 = DEFINITIONAL_REPRESENTATION('',(#6139),#6143);
#6139 = LINE('',#6140,#6141);
#6140 = CARTESIAN_POINT('',(0.,-2.5));
#6141 = VECTOR('',#6142,1.);
#6142 = DIRECTION('',(1.,0.));
#6143 = ( GEOMETRIC_REPRESENTATION_CONTEXT(2) 
PARAMETRIC_REPRESENTATION_CONTEXT() REPRESENTATION_CONTEXT('2D SPACE',''
  ) );
#6144 = ORIENTED_EDGE('',*,*,#6145,.T.);
#6145 = EDGE_CURVE('',#6123,#6146,#6148,.T.);
#6146 = VERTEX_POINT('',#6147);
#6147 = CARTESIAN_POINT('',(-11.8,-45.8344749394,8.));
#6148 = SURFACE_CURVE('',#6149,(#6154,#6165),.PCURVE_S1.);
#6149 = CIRCLE('',#6150,2.);
#6150 = AXIS2_PLACEMENT_3D('',#6151,#6152,#6153);
#6151 = CARTESIAN_POINT('',(-13.8,-45.8344749394,8.));
#6152 = DIRECTION('',(0.,-0.,1.));
#6153 = DIRECTION('',(-1.,0.,0.));
#6154 = PCURVE('',#95,#6155);
#6155 = DEFINITIONAL_REPRESENTATION('',(#6156),#6164);
#6156 = ( BOUNDED_CURVE() B_SPLINE_CURVE(2,(#6157,#6158,#6159,#6160,
#6161,#6162,#6163),.UNSPECIFIED.,.T.,.F.) B_SPLINE_CURVE_WITH_KNOTS((1,2
    ,2,2,2,1),(-2.094395102393,0.,2.094395102393,4.188790204786,
6.28318530718,8.377580409573),.UNSPECIFIED.) CURVE() 
GEOMETRIC_REPRESENTATION_ITEM() RATIONAL_B_SPLINE_CURVE((1.,0.5,1.,0.5,
1.,0.5,1.)) REPRESENTATION_ITEM('') );
#6157 = CARTESIAN_POINT('',(15.8,-37.36234339918));
#6158 = CARTESIAN_POINT('',(15.8,-40.82644501432));
#6159 = CARTESIAN_POINT('',(12.8,-39.09439420675));
#6160 = CARTESIAN_POINT('',(9.8,-37.36234339918));
#6161 = CARTESIAN_POINT('',(12.8,-35.63029259161));
#6162 = CARTESIAN_POINT('',(15.8,-33.89824178404));
#6163 = CARTESIAN_POINT('',(15.8,-37.36234339918));
#6164 = ( GEOMETRIC_REPRESENTATION_CONTEXT(2) 
PARAMETRIC_REPRESENTATION_CONTEXT() REPRESENTATION_CONTEXT('2D SPACE',''
  ) );
#6165 = PCURVE('',#1572,#6166);
#6166 = DEFINITIONAL_REPRESENTATION('',(#6167),#6171);
#6167 = LINE('',#6168,#6169);
#6168 = CARTESIAN_POINT('',(-0.,-2.5));
#6169 = VECTOR('',#6170,1.);
#6170 = DIRECTION('',(-1.,0.));
#6171 = ( GEOMETRIC_REPRESENTATION_CONTEXT(2) 
PARAMETRIC_REPRESENTATION_CONTEXT() REPRESENTATION_CONTEXT('2D SPACE',''
  ) );
#6172 = ORIENTED_EDGE('',*,*,#6173,.T.);
#6173 = EDGE_CURVE('',#6146,#6174,#6176,.T.);
#6174 = VERTEX_POINT('',#6175);
#6175 = CARTESIAN_POINT('',(-11.8,-34.44010437825,8.));
#6176 = SURFACE_CURVE('',#6177,(#6181,#6188),.PCURVE_S1.);
#6177 = LINE('',#6178,#6179);
#6178 = CARTESIAN_POINT('',(-11.8,-45.8344749394,8.));
#6179 = VECTOR('',#6180,1.);
#6180 = DIRECTION('',(0.,1.,0.));
#6181 = PCURVE('',#95,#6182);
#6182 = DEFINITIONAL_REPRESENTATION('',(#6183),#6187);
#6183 = LINE('',#6184,#6185);
#6184 = CARTESIAN_POINT('',(11.8,-37.36234339918));
#6185 = VECTOR('',#6186,1.);
#6186 = DIRECTION('',(0.,1.));
#6187 = ( GEOMETRIC_REPRESENTATION_CONTEXT(2) 
PARAMETRIC_REPRESENTATION_CONTEXT() REPRESENTATION_CONTEXT('2D SPACE',''
  ) );
#6188 = PCURVE('',#1600,#6189);
#6189 = DEFINITIONAL_REPRESENTATION('',(#6190),#6194);
#6190 = LINE('',#6191,#6192);
#6191 = CARTESIAN_POINT('',(0.,-2.5));
#6192 = VECTOR('',#6193,1.);
#6193 = DIRECTION('',(1.,0.));
#6194 = ( GEOMETRIC_REPRESENTATION_CONTEXT(2) 
PARAMETRIC_REPRESENTATION_CONTEXT() REPRESENTATION_CONTEXT('2D SPACE',''
  ) );
#6195 = ORIENTED_EDGE('',*,*,#6196,.T.);
#6196 = EDGE_CURVE('',#6174,#6197,#6199,.T.);
#6197 = VERTEX_POINT('',#6198);
#6198 = CARTESIAN_POINT('',(-11.98474591844,-33.60054936553,8.));
#6199 = SURFACE_CURVE('',#6200,(#6205,#6216),.PCURVE_S1.);
#6200 = CIRCLE('',#6201,2.);
#6201 = AXIS2_PLACEMENT_3D('',#6202,#6203,#6204);
#6202 = CARTESIAN_POINT('',(-13.8,-34.44010437825,8.));
#6203 = DIRECTION('',(0.,-0.,1.));
#6204 = DIRECTION('',(-1.,0.,0.));
#6205 = PCURVE('',#95,#6206);
#6206 = DEFINITIONAL_REPRESENTATION('',(#6207),#6215);
#6207 = ( BOUNDED_CURVE() B_SPLINE_CURVE(2,(#6208,#6209,#6210,#6211,
#6212,#6213,#6214),.UNSPECIFIED.,.T.,.F.) B_SPLINE_CURVE_WITH_KNOTS((1,2
    ,2,2,2,1),(-2.094395102393,0.,2.094395102393,4.188790204786,
6.28318530718,8.377580409573),.UNSPECIFIED.) CURVE() 
GEOMETRIC_REPRESENTATION_ITEM() RATIONAL_B_SPLINE_CURVE((1.,0.5,1.,0.5,
1.,0.5,1.)) REPRESENTATION_ITEM('') );
#6208 = CARTESIAN_POINT('',(15.8,-25.96797283803));
#6209 = CARTESIAN_POINT('',(15.8,-29.43207445317));
#6210 = CARTESIAN_POINT('',(12.8,-27.7000236456));
#6211 = CARTESIAN_POINT('',(9.8,-25.96797283803));
#6212 = CARTESIAN_POINT('',(12.8,-24.23592203046));
#6213 = CARTESIAN_POINT('',(15.8,-22.50387122289));
#6214 = CARTESIAN_POINT('',(15.8,-25.96797283803));
#6215 = ( GEOMETRIC_REPRESENTATION_CONTEXT(2) 
PARAMETRIC_REPRESENTATION_CONTEXT() REPRESENTATION_CONTEXT('2D SPACE',''
  ) );
#6216 = PCURVE('',#1633,#6217);
#6217 = DEFINITIONAL_REPRESENTATION('',(#6218),#6222);
#6218 = LINE('',#6219,#6220);
#6219 = CARTESIAN_POINT('',(-0.,-2.5));
#6220 = VECTOR('',#6221,1.);
#6221 = DIRECTION('',(-1.,0.));
#6222 = ( GEOMETRIC_REPRESENTATION_CONTEXT(2) 
PARAMETRIC_REPRESENTATION_CONTEXT() REPRESENTATION_CONTEXT('2D SPACE',''
  ) );
#6223 = ORIENTED_EDGE('',*,*,#6224,.T.);
#6224 = EDGE_CURVE('',#6197,#6225,#6227,.T.);
#6225 = VERTEX_POINT('',#6226);
#6226 = CARTESIAN_POINT('',(-15.38958206428,-26.23874148263,8.));
#6227 = SURFACE_CURVE('',#6228,(#6232,#6239),.PCURVE_S1.);
#6228 = LINE('',#6229,#6230);
#6229 = CARTESIAN_POINT('',(-11.98474591844,-33.60054936553,8.));
#6230 = VECTOR('',#6231,1.);
#6231 = DIRECTION('',(-0.41977750636,0.907627040779,0.));
#6232 = PCURVE('',#95,#6233);
#6233 = DEFINITIONAL_REPRESENTATION('',(#6234),#6238);
#6234 = LINE('',#6235,#6236);
#6235 = CARTESIAN_POINT('',(11.984745918441,-25.12841782531));
#6236 = VECTOR('',#6237,1.);
#6237 = DIRECTION('',(0.41977750636,0.907627040779));
#6238 = ( GEOMETRIC_REPRESENTATION_CONTEXT(2) 
PARAMETRIC_REPRESENTATION_CONTEXT() REPRESENTATION_CONTEXT('2D SPACE',''
  ) );
#6239 = PCURVE('',#1661,#6240);
#6240 = DEFINITIONAL_REPRESENTATION('',(#6241),#6245);
#6241 = LINE('',#6242,#6243);
#6242 = CARTESIAN_POINT('',(0.,-2.5));
#6243 = VECTOR('',#6244,1.);
#6244 = DIRECTION('',(1.,0.));
#6245 = ( GEOMETRIC_REPRESENTATION_CONTEXT(2) 
PARAMETRIC_REPRESENTATION_CONTEXT() REPRESENTATION_CONTEXT('2D SPACE',''
  ) );
#6246 = ORIENTED_EDGE('',*,*,#6247,.T.);
#6247 = EDGE_CURVE('',#6225,#6248,#6250,.T.);
#6248 = VERTEX_POINT('',#6249);
#6249 = CARTESIAN_POINT('',(-15.66839358664,-25.79792769602,8.));
#6250 = SURFACE_CURVE('',#6251,(#6256,#6267),.PCURVE_S1.);
#6251 = CIRCLE('',#6252,2.);
#6252 = AXIS2_PLACEMENT_3D('',#6253,#6254,#6255);
#6253 = CARTESIAN_POINT('',(-17.20483614584,-27.07829649535,8.));
#6254 = DIRECTION('',(0.,0.,1.));
#6255 = DIRECTION('',(-1.,0.,0.));
#6256 = PCURVE('',#95,#6257);
#6257 = DEFINITIONAL_REPRESENTATION('',(#6258),#6266);
#6258 = ( BOUNDED_CURVE() B_SPLINE_CURVE(2,(#6259,#6260,#6261,#6262,
#6263,#6264,#6265),.UNSPECIFIED.,.T.,.F.) B_SPLINE_CURVE_WITH_KNOTS((1,2
    ,2,2,2,1),(-2.094395102393,0.,2.094395102393,4.188790204786,
6.28318530718,8.377580409573),.UNSPECIFIED.) CURVE() 
GEOMETRIC_REPRESENTATION_ITEM() RATIONAL_B_SPLINE_CURVE((1.,0.5,1.,0.5,
1.,0.5,1.)) REPRESENTATION_ITEM('') );
#6259 = CARTESIAN_POINT('',(19.204836145841,-18.60616495513));
#6260 = CARTESIAN_POINT('',(19.204836145841,-22.07026657027));
#6261 = CARTESIAN_POINT('',(16.204836145841,-20.3382157627));
#6262 = CARTESIAN_POINT('',(13.204836145841,-18.60616495513));
#6263 = CARTESIAN_POINT('',(16.204836145841,-16.87411414756));
#6264 = CARTESIAN_POINT('',(19.204836145841,-15.14206333999));
#6265 = CARTESIAN_POINT('',(19.204836145841,-18.60616495513));
#6266 = ( GEOMETRIC_REPRESENTATION_CONTEXT(2) 
PARAMETRIC_REPRESENTATION_CONTEXT() REPRESENTATION_CONTEXT('2D SPACE',''
  ) );
#6267 = PCURVE('',#1694,#6268);
#6268 = DEFINITIONAL_REPRESENTATION('',(#6269),#6273);
#6269 = LINE('',#6270,#6271);
#6270 = CARTESIAN_POINT('',(-0.,-2.5));
#6271 = VECTOR('',#6272,1.);
#6272 = DIRECTION('',(-1.,0.));
#6273 = ( GEOMETRIC_REPRESENTATION_CONTEXT(2) 
PARAMETRIC_REPRESENTATION_CONTEXT() REPRESENTATION_CONTEXT('2D SPACE',''
  ) );
#6274 = ORIENTED_EDGE('',*,*,#6275,.T.);
#6275 = EDGE_CURVE('',#6248,#6276,#6278,.T.);
#6276 = VERTEX_POINT('',#6277);
#6277 = CARTESIAN_POINT('',(-20.4756208647,-20.02925496235,8.));
#6278 = SURFACE_CURVE('',#6279,(#6283,#6290),.PCURVE_S1.);
#6279 = LINE('',#6280,#6281);
#6280 = CARTESIAN_POINT('',(-15.66839358664,-25.79792769602,8.));
#6281 = VECTOR('',#6282,1.);
#6282 = DIRECTION('',(-0.640184399664,0.768221279597,0.));
#6283 = PCURVE('',#95,#6284);
#6284 = DEFINITIONAL_REPRESENTATION('',(#6285),#6289);
#6285 = LINE('',#6286,#6287);
#6286 = CARTESIAN_POINT('',(15.668393586646,-17.3257961558));
#6287 = VECTOR('',#6288,1.);
#6288 = DIRECTION('',(0.640184399664,0.768221279597));
#6289 = ( GEOMETRIC_REPRESENTATION_CONTEXT(2) 
PARAMETRIC_REPRESENTATION_CONTEXT() REPRESENTATION_CONTEXT('2D SPACE',''
  ) );
#6290 = PCURVE('',#1722,#6291);
#6291 = DEFINITIONAL_REPRESENTATION('',(#6292),#6296);
#6292 = LINE('',#6293,#6294);
#6293 = CARTESIAN_POINT('',(0.,-2.5));
#6294 = VECTOR('',#6295,1.);
#6295 = DIRECTION('',(1.,0.));
#6296 = ( GEOMETRIC_REPRESENTATION_CONTEXT(2) 
PARAMETRIC_REPRESENTATION_CONTEXT() REPRESENTATION_CONTEXT('2D SPACE',''
  ) );
#6297 = ORIENTED_EDGE('',*,*,#6298,.T.);
#6298 = EDGE_CURVE('',#6276,#6299,#6301,.T.);
#6299 = VERTEX_POINT('',#6300);
#6300 = CARTESIAN_POINT('',(-20.5254751314,-19.97169429844,8.));
#6301 = SURFACE_CURVE('',#6302,(#6307,#6318),.PCURVE_S1.);
#6302 = CIRCLE('',#6303,2.);
#6303 = AXIS2_PLACEMENT_3D('',#6304,#6305,#6306);
#6304 = CARTESIAN_POINT('',(-22.01206342389,-21.30962376168,8.));
#6305 = DIRECTION('',(0.,0.,1.));
#6306 = DIRECTION('',(-1.,0.,0.));
#6307 = PCURVE('',#95,#6308);
#6308 = DEFINITIONAL_REPRESENTATION('',(#6309),#6317);
#6309 = ( BOUNDED_CURVE() B_SPLINE_CURVE(2,(#6310,#6311,#6312,#6313,
#6314,#6315,#6316),.UNSPECIFIED.,.T.,.F.) B_SPLINE_CURVE_WITH_KNOTS((1,2
    ,2,2,2,1),(-2.094395102393,0.,2.094395102393,4.188790204786,
6.28318530718,8.377580409573),.UNSPECIFIED.) CURVE() 
GEOMETRIC_REPRESENTATION_ITEM() RATIONAL_B_SPLINE_CURVE((1.,0.5,1.,0.5,
1.,0.5,1.)) REPRESENTATION_ITEM('') );
#6310 = CARTESIAN_POINT('',(24.012063423896,-12.83749222146));
#6311 = CARTESIAN_POINT('',(24.012063423896,-16.3015938366));
#6312 = CARTESIAN_POINT('',(21.012063423896,-14.56954302903));
#6313 = CARTESIAN_POINT('',(18.012063423896,-12.83749222146));
#6314 = CARTESIAN_POINT('',(21.012063423896,-11.1054414139));
#6315 = CARTESIAN_POINT('',(24.012063423896,-9.373390606331));
#6316 = CARTESIAN_POINT('',(24.012063423896,-12.83749222146));
#6317 = ( GEOMETRIC_REPRESENTATION_CONTEXT(2) 
PARAMETRIC_REPRESENTATION_CONTEXT() REPRESENTATION_CONTEXT('2D SPACE',''
  ) );
#6318 = PCURVE('',#1755,#6319);
#6319 = DEFINITIONAL_REPRESENTATION('',(#6320),#6324);
#6320 = LINE('',#6321,#6322);
#6321 = CARTESIAN_POINT('',(-0.,-2.5));
#6322 = VECTOR('',#6323,1.);
#6323 = DIRECTION('',(-1.,0.));
#6324 = ( GEOMETRIC_REPRESENTATION_CONTEXT(2) 
PARAMETRIC_REPRESENTATION_CONTEXT() REPRESENTATION_CONTEXT('2D SPACE',''
  ) );
#6325 = ORIENTED_EDGE('',*,*,#6326,.T.);
#6326 = EDGE_CURVE('',#6299,#6327,#6329,.T.);
#6327 = VERTEX_POINT('',#6328);
#6328 = CARTESIAN_POINT('',(-24.48658829249,-15.57045745278,8.));
#6329 = SURFACE_CURVE('',#6330,(#6334,#6341),.PCURVE_S1.);
#6330 = LINE('',#6331,#6332);
#6331 = CARTESIAN_POINT('',(-20.5254751314,-19.97169429844,8.));
#6332 = VECTOR('',#6333,1.);
#6333 = DIRECTION('',(-0.668964731622,0.743294146247,0.));
#6334 = PCURVE('',#95,#6335);
#6335 = DEFINITIONAL_REPRESENTATION('',(#6336),#6340);
#6336 = LINE('',#6337,#6338);
#6337 = CARTESIAN_POINT('',(20.525475131401,-11.49956275822));
#6338 = VECTOR('',#6339,1.);
#6339 = DIRECTION('',(0.668964731622,0.743294146247));
#6340 = ( GEOMETRIC_REPRESENTATION_CONTEXT(2) 
PARAMETRIC_REPRESENTATION_CONTEXT() REPRESENTATION_CONTEXT('2D SPACE',''
  ) );
#6341 = PCURVE('',#1783,#6342);
#6342 = DEFINITIONAL_REPRESENTATION('',(#6343),#6347);
#6343 = LINE('',#6344,#6345);
#6344 = CARTESIAN_POINT('',(0.,-2.5));
#6345 = VECTOR('',#6346,1.);
#6346 = DIRECTION('',(1.,0.));
#6347 = ( GEOMETRIC_REPRESENTATION_CONTEXT(2) 
PARAMETRIC_REPRESENTATION_CONTEXT() REPRESENTATION_CONTEXT('2D SPACE',''
  ) );
#6348 = ORIENTED_EDGE('',*,*,#6349,.T.);
#6349 = EDGE_CURVE('',#6327,#6350,#6352,.T.);
#6350 = VERTEX_POINT('',#6351);
#6351 = CARTESIAN_POINT('',(-25.,-14.23252798953,8.));
#6352 = SURFACE_CURVE('',#6353,(#6358,#6365),.PCURVE_S1.);
#6353 = CIRCLE('',#6354,2.);
#6354 = AXIS2_PLACEMENT_3D('',#6355,#6356,#6357);
#6355 = CARTESIAN_POINT('',(-23.,-14.23252798953,8.));
#6356 = DIRECTION('',(0.,0.,-1.));
#6357 = DIRECTION('',(1.,0.,0.));
#6358 = PCURVE('',#95,#6359);
#6359 = DEFINITIONAL_REPRESENTATION('',(#6360),#6364);
#6360 = CIRCLE('',#6361,2.);
#6361 = AXIS2_PLACEMENT_2D('',#6362,#6363);
#6362 = CARTESIAN_POINT('',(23.,-5.76039644932));
#6363 = DIRECTION('',(-1.,0.));
#6364 = ( GEOMETRIC_REPRESENTATION_CONTEXT(2) 
PARAMETRIC_REPRESENTATION_CONTEXT() REPRESENTATION_CONTEXT('2D SPACE',''
  ) );
#6365 = PCURVE('',#1812,#6366);
#6366 = DEFINITIONAL_REPRESENTATION('',(#6367),#6371);
#6367 = LINE('',#6368,#6369);
#6368 = CARTESIAN_POINT('',(0.,-2.5));
#6369 = VECTOR('',#6370,1.);
#6370 = DIRECTION('',(1.,0.));
#6371 = ( GEOMETRIC_REPRESENTATION_CONTEXT(2) 
PARAMETRIC_REPRESENTATION_CONTEXT() REPRESENTATION_CONTEXT('2D SPACE',''
  ) );
#6372 = ORIENTED_EDGE('',*,*,#6373,.T.);
#6373 = EDGE_CURVE('',#6350,#6374,#6376,.T.);
#6374 = VERTEX_POINT('',#6375);
#6375 = CARTESIAN_POINT('',(-25.,-9.701562118716,8.));
#6376 = SURFACE_CURVE('',#6377,(#6381,#6388),.PCURVE_S1.);
#6377 = LINE('',#6378,#6379);
#6378 = CARTESIAN_POINT('',(-25.,-14.23252798953,8.));
#6379 = VECTOR('',#6380,1.);
#6380 = DIRECTION('',(0.,1.,0.));
#6381 = PCURVE('',#95,#6382);
#6382 = DEFINITIONAL_REPRESENTATION('',(#6383),#6387);
#6383 = LINE('',#6384,#6385);
#6384 = CARTESIAN_POINT('',(25.,-5.76039644932));
#6385 = VECTOR('',#6386,1.);
#6386 = DIRECTION('',(0.,1.));
#6387 = ( GEOMETRIC_REPRESENTATION_CONTEXT(2) 
PARAMETRIC_REPRESENTATION_CONTEXT() REPRESENTATION_CONTEXT('2D SPACE',''
  ) );
#6388 = PCURVE('',#1840,#6389);
#6389 = DEFINITIONAL_REPRESENTATION('',(#6390),#6394);
#6390 = LINE('',#6391,#6392);
#6391 = CARTESIAN_POINT('',(0.,-2.5));
#6392 = VECTOR('',#6393,1.);
#6393 = DIRECTION('',(1.,0.));
#6394 = ( GEOMETRIC_REPRESENTATION_CONTEXT(2) 
PARAMETRIC_REPRESENTATION_CONTEXT() REPRESENTATION_CONTEXT('2D SPACE',''
  ) );
#6395 = ORIENTED_EDGE('',*,*,#6396,.T.);
#6396 = EDGE_CURVE('',#6374,#6397,#6399,.T.);
#6397 = VERTEX_POINT('',#6398);
#6398 = CARTESIAN_POINT('',(-24.56173761888,-8.452172023608,8.));
#6399 = SURFACE_CURVE('',#6400,(#6405,#6412),.PCURVE_S1.);
#6400 = CIRCLE('',#6401,2.);
#6401 = AXIS2_PLACEMENT_3D('',#6402,#6403,#6404);
#6402 = CARTESIAN_POINT('',(-23.,-9.701562118716,8.));
#6403 = DIRECTION('',(0.,-0.,-1.));
#6404 = DIRECTION('',(1.,0.,-0.));
#6405 = PCURVE('',#95,#6406);
#6406 = DEFINITIONAL_REPRESENTATION('',(#6407),#6411);
#6407 = CIRCLE('',#6408,2.);
#6408 = AXIS2_PLACEMENT_2D('',#6409,#6410);
#6409 = CARTESIAN_POINT('',(23.,-1.229430578497));
#6410 = DIRECTION('',(-1.,0.));
#6411 = ( GEOMETRIC_REPRESENTATION_CONTEXT(2) 
PARAMETRIC_REPRESENTATION_CONTEXT() REPRESENTATION_CONTEXT('2D SPACE',''
  ) );
#6412 = PCURVE('',#1869,#6413);
#6413 = DEFINITIONAL_REPRESENTATION('',(#6414),#6418);
#6414 = LINE('',#6415,#6416);
#6415 = CARTESIAN_POINT('',(0.,-2.5));
#6416 = VECTOR('',#6417,1.);
#6417 = DIRECTION('',(1.,0.));
#6418 = ( GEOMETRIC_REPRESENTATION_CONTEXT(2) 
PARAMETRIC_REPRESENTATION_CONTEXT() REPRESENTATION_CONTEXT('2D SPACE',''
  ) );
#6419 = ORIENTED_EDGE('',*,*,#6420,.T.);
#6420 = EDGE_CURVE('',#6397,#6421,#6423,.T.);
#6421 = VERTEX_POINT('',#6422);
#6422 = CARTESIAN_POINT('',(-21.35277399265,-4.440967490815,8.));
#6423 = SURFACE_CURVE('',#6424,(#6428,#6435),.PCURVE_S1.);
#6424 = LINE('',#6425,#6426);
#6425 = CARTESIAN_POINT('',(-24.56173761888,-8.452172023608,8.));
#6426 = VECTOR('',#6427,1.);
#6427 = DIRECTION('',(0.624695047554,0.780868809443,0.));
#6428 = PCURVE('',#95,#6429);
#6429 = DEFINITIONAL_REPRESENTATION('',(#6430),#6434);
#6430 = LINE('',#6431,#6432);
#6431 = CARTESIAN_POINT('',(24.561737618886,1.995951661157E-02));
#6432 = VECTOR('',#6433,1.);
#6433 = DIRECTION('',(-0.624695047554,0.780868809443));
#6434 = ( GEOMETRIC_REPRESENTATION_CONTEXT(2) 
PARAMETRIC_REPRESENTATION_CONTEXT() REPRESENTATION_CONTEXT('2D SPACE',''
  ) );
#6435 = PCURVE('',#1897,#6436);
#6436 = DEFINITIONAL_REPRESENTATION('',(#6437),#6441);
#6437 = LINE('',#6438,#6439);
#6438 = CARTESIAN_POINT('',(0.,-2.5));
#6439 = VECTOR('',#6440,1.);
#6440 = DIRECTION('',(1.,0.));
#6441 = ( GEOMETRIC_REPRESENTATION_CONTEXT(2) 
PARAMETRIC_REPRESENTATION_CONTEXT() REPRESENTATION_CONTEXT('2D SPACE',''
  ) );
#6442 = ORIENTED_EDGE('',*,*,#6443,.T.);
#6443 = EDGE_CURVE('',#6421,#6444,#6446,.T.);
#6444 = VERTEX_POINT('',#6445);
#6445 = CARTESIAN_POINT('',(-20.92995585811,-3.439646864884,8.));
#6446 = SURFACE_CURVE('',#6447,(#6452,#6463),.PCURVE_S1.);
#6447 = CIRCLE('',#6448,2.);
#6448 = AXIS2_PLACEMENT_3D('',#6449,#6450,#6451);
#6449 = CARTESIAN_POINT('',(-22.91451161153,-3.191577395706,8.));
#6450 = DIRECTION('',(0.,-0.,1.));
#6451 = DIRECTION('',(-1.,0.,0.));
#6452 = PCURVE('',#95,#6453);
#6453 = DEFINITIONAL_REPRESENTATION('',(#6454),#6462);
#6454 = ( BOUNDED_CURVE() B_SPLINE_CURVE(2,(#6455,#6456,#6457,#6458,
#6459,#6460,#6461),.UNSPECIFIED.,.T.,.F.) B_SPLINE_CURVE_WITH_KNOTS((1,2
    ,2,2,2,1),(-2.094395102393,0.,2.094395102393,4.188790204786,
6.28318530718,8.377580409573),.UNSPECIFIED.) CURVE() 
GEOMETRIC_REPRESENTATION_ITEM() RATIONAL_B_SPLINE_CURVE((1.,0.5,1.,0.5,
1.,0.5,1.)) REPRESENTATION_ITEM('') );
#6455 = CARTESIAN_POINT('',(24.914511611538,5.280554144513));
#6456 = CARTESIAN_POINT('',(24.914511611538,1.816452529375));
#6457 = CARTESIAN_POINT('',(21.914511611538,3.548503336944));
#6458 = CARTESIAN_POINT('',(18.914511611538,5.280554144513));
#6459 = CARTESIAN_POINT('',(21.914511611538,7.012604952082));
#6460 = CARTESIAN_POINT('',(24.914511611538,8.744655759651));
#6461 = CARTESIAN_POINT('',(24.914511611538,5.280554144513));
#6462 = ( GEOMETRIC_REPRESENTATION_CONTEXT(2) 
PARAMETRIC_REPRESENTATION_CONTEXT() REPRESENTATION_CONTEXT('2D SPACE',''
  ) );
#6463 = PCURVE('',#1930,#6464);
#6464 = DEFINITIONAL_REPRESENTATION('',(#6465),#6469);
#6465 = LINE('',#6466,#6467);
#6466 = CARTESIAN_POINT('',(-0.,-2.5));
#6467 = VECTOR('',#6468,1.);
#6468 = DIRECTION('',(-1.,0.));
#6469 = ( GEOMETRIC_REPRESENTATION_CONTEXT(2) 
PARAMETRIC_REPRESENTATION_CONTEXT() REPRESENTATION_CONTEXT('2D SPACE',''
  ) );
#6470 = ORIENTED_EDGE('',*,*,#6471,.T.);
#6471 = EDGE_CURVE('',#6444,#6472,#6474,.T.);
#6472 = VERTEX_POINT('',#6473);
#6473 = CARTESIAN_POINT('',(-20.53100868364,-0.248069469178,8.));
#6474 = SURFACE_CURVE('',#6475,(#6479,#6486),.PCURVE_S1.);
#6475 = LINE('',#6476,#6477);
#6476 = CARTESIAN_POINT('',(-20.92995585811,-3.439646864884,8.));
#6477 = VECTOR('',#6478,1.);
#6478 = DIRECTION('',(0.124034734589,0.992277876714,0.));
#6479 = PCURVE('',#95,#6480);
#6480 = DEFINITIONAL_REPRESENTATION('',(#6481),#6485);
#6481 = LINE('',#6482,#6483);
#6482 = CARTESIAN_POINT('',(20.929955858111,5.032484675335));
#6483 = VECTOR('',#6484,1.);
#6484 = DIRECTION('',(-0.124034734589,0.992277876714));
#6485 = ( GEOMETRIC_REPRESENTATION_CONTEXT(2) 
PARAMETRIC_REPRESENTATION_CONTEXT() REPRESENTATION_CONTEXT('2D SPACE',''
  ) );
#6486 = PCURVE('',#1958,#6487);
#6487 = DEFINITIONAL_REPRESENTATION('',(#6488),#6492);
#6488 = LINE('',#6489,#6490);
#6489 = CARTESIAN_POINT('',(0.,-2.5));
#6490 = VECTOR('',#6491,1.);
#6491 = DIRECTION('',(1.,0.));
#6492 = ( GEOMETRIC_REPRESENTATION_CONTEXT(2) 
PARAMETRIC_REPRESENTATION_CONTEXT() REPRESENTATION_CONTEXT('2D SPACE',''
  ) );
#6493 = ORIENTED_EDGE('',*,*,#6494,.T.);
#6494 = EDGE_CURVE('',#6472,#6495,#6497,.T.);
#6495 = VERTEX_POINT('',#6496);
#6496 = CARTESIAN_POINT('',(-20.53100868364,0.248069469178,8.));
#6497 = SURFACE_CURVE('',#6498,(#6503,#6514),.PCURVE_S1.);
#6498 = CIRCLE('',#6499,2.);
#6499 = AXIS2_PLACEMENT_3D('',#6500,#6501,#6502);
#6500 = CARTESIAN_POINT('',(-22.51556443707,0.,8.));
#6501 = DIRECTION('',(0.,-0.,1.));
#6502 = DIRECTION('',(-1.,0.,0.));
#6503 = PCURVE('',#95,#6504);
#6504 = DEFINITIONAL_REPRESENTATION('',(#6505),#6513);
#6505 = ( BOUNDED_CURVE() B_SPLINE_CURVE(2,(#6506,#6507,#6508,#6509,
#6510,#6511,#6512),.UNSPECIFIED.,.T.,.F.) B_SPLINE_CURVE_WITH_KNOTS((1,2
    ,2,2,2,1),(-2.094395102393,0.,2.094395102393,4.188790204786,
6.28318530718,8.377580409573),.UNSPECIFIED.) CURVE() 
GEOMETRIC_REPRESENTATION_ITEM() RATIONAL_B_SPLINE_CURVE((1.,0.5,1.,0.5,
1.,0.5,1.)) REPRESENTATION_ITEM('') );
#6506 = CARTESIAN_POINT('',(24.515564437075,8.472131540219));
#6507 = CARTESIAN_POINT('',(24.515564437075,5.008029925081));
#6508 = CARTESIAN_POINT('',(21.515564437075,6.74008073265));
#6509 = CARTESIAN_POINT('',(18.515564437075,8.472131540219));
#6510 = CARTESIAN_POINT('',(21.515564437075,10.204182347788));
#6511 = CARTESIAN_POINT('',(24.515564437075,11.936233155357));
#6512 = CARTESIAN_POINT('',(24.515564437075,8.472131540219));
#6513 = ( GEOMETRIC_REPRESENTATION_CONTEXT(2) 
PARAMETRIC_REPRESENTATION_CONTEXT() REPRESENTATION_CONTEXT('2D SPACE',''
  ) );
#6514 = PCURVE('',#1991,#6515);
#6515 = DEFINITIONAL_REPRESENTATION('',(#6516),#6520);
#6516 = LINE('',#6517,#6518);
#6517 = CARTESIAN_POINT('',(-0.,-2.5));
#6518 = VECTOR('',#6519,1.);
#6519 = DIRECTION('',(-1.,0.));
#6520 = ( GEOMETRIC_REPRESENTATION_CONTEXT(2) 
PARAMETRIC_REPRESENTATION_CONTEXT() REPRESENTATION_CONTEXT('2D SPACE',''
  ) );
#6521 = ORIENTED_EDGE('',*,*,#6522,.T.);
#6522 = EDGE_CURVE('',#6495,#6523,#6525,.T.);
#6523 = VERTEX_POINT('',#6524);
#6524 = CARTESIAN_POINT('',(-20.92995585811,3.439646864884,8.));
#6525 = SURFACE_CURVE('',#6526,(#6530,#6537),.PCURVE_S1.);
#6526 = LINE('',#6527,#6528);
#6527 = CARTESIAN_POINT('',(-20.53100868364,0.248069469178,8.));
#6528 = VECTOR('',#6529,1.);
#6529 = DIRECTION('',(-0.124034734589,0.992277876714,0.));
#6530 = PCURVE('',#95,#6531);
#6531 = DEFINITIONAL_REPRESENTATION('',(#6532),#6536);
#6532 = LINE('',#6533,#6534);
#6533 = CARTESIAN_POINT('',(20.531008683647,8.720201009398));
#6534 = VECTOR('',#6535,1.);
#6535 = DIRECTION('',(0.124034734589,0.992277876714));
#6536 = ( GEOMETRIC_REPRESENTATION_CONTEXT(2) 
PARAMETRIC_REPRESENTATION_CONTEXT() REPRESENTATION_CONTEXT('2D SPACE',''
  ) );
#6537 = PCURVE('',#2019,#6538);
#6538 = DEFINITIONAL_REPRESENTATION('',(#6539),#6543);
#6539 = LINE('',#6540,#6541);
#6540 = CARTESIAN_POINT('',(0.,-2.5));
#6541 = VECTOR('',#6542,1.);
#6542 = DIRECTION('',(1.,0.));
#6543 = ( GEOMETRIC_REPRESENTATION_CONTEXT(2) 
PARAMETRIC_REPRESENTATION_CONTEXT() REPRESENTATION_CONTEXT('2D SPACE',''
  ) );
#6544 = ORIENTED_EDGE('',*,*,#6545,.T.);
#6545 = EDGE_CURVE('',#6523,#6546,#6548,.T.);
#6546 = VERTEX_POINT('',#6547);
#6547 = CARTESIAN_POINT('',(-21.35277399265,4.440967490815,8.));
#6548 = SURFACE_CURVE('',#6549,(#6554,#6565),.PCURVE_S1.);
#6549 = CIRCLE('',#6550,2.);
#6550 = AXIS2_PLACEMENT_3D('',#6551,#6552,#6553);
#6551 = CARTESIAN_POINT('',(-22.91451161153,3.191577395706,8.));
#6552 = DIRECTION('',(0.,0.,1.));
#6553 = DIRECTION('',(-1.,0.,0.));
#6554 = PCURVE('',#95,#6555);
#6555 = DEFINITIONAL_REPRESENTATION('',(#6556),#6564);
#6556 = ( BOUNDED_CURVE() B_SPLINE_CURVE(2,(#6557,#6558,#6559,#6560,
#6561,#6562,#6563),.UNSPECIFIED.,.T.,.F.) B_SPLINE_CURVE_WITH_KNOTS((1,2
    ,2,2,2,1),(-2.094395102393,0.,2.094395102393,4.188790204786,
6.28318530718,8.377580409573),.UNSPECIFIED.) CURVE() 
GEOMETRIC_REPRESENTATION_ITEM() RATIONAL_B_SPLINE_CURVE((1.,0.5,1.,0.5,
1.,0.5,1.)) REPRESENTATION_ITEM('') );
#6557 = CARTESIAN_POINT('',(24.914511611538,11.663708935925));
#6558 = CARTESIAN_POINT('',(24.914511611538,8.199607320787));
#6559 = CARTESIAN_POINT('',(21.914511611538,9.931658128356));
#6560 = CARTESIAN_POINT('',(18.914511611538,11.663708935925));
#6561 = CARTESIAN_POINT('',(21.914511611538,13.395759743494));
#6562 = CARTESIAN_POINT('',(24.914511611538,15.127810551063));
#6563 = CARTESIAN_POINT('',(24.914511611538,11.663708935925));
#6564 = ( GEOMETRIC_REPRESENTATION_CONTEXT(2) 
PARAMETRIC_REPRESENTATION_CONTEXT() REPRESENTATION_CONTEXT('2D SPACE',''
  ) );
#6565 = PCURVE('',#2052,#6566);
#6566 = DEFINITIONAL_REPRESENTATION('',(#6567),#6571);
#6567 = LINE('',#6568,#6569);
#6568 = CARTESIAN_POINT('',(-0.,-2.5));
#6569 = VECTOR('',#6570,1.);
#6570 = DIRECTION('',(-1.,0.));
#6571 = ( GEOMETRIC_REPRESENTATION_CONTEXT(2) 
PARAMETRIC_REPRESENTATION_CONTEXT() REPRESENTATION_CONTEXT('2D SPACE',''
  ) );
#6572 = ORIENTED_EDGE('',*,*,#6573,.T.);
#6573 = EDGE_CURVE('',#6546,#6574,#6576,.T.);
#6574 = VERTEX_POINT('',#6575);
#6575 = CARTESIAN_POINT('',(-24.56173761888,8.452172023608,8.));
#6576 = SURFACE_CURVE('',#6577,(#6581,#6588),.PCURVE_S1.);
#6577 = LINE('',#6578,#6579);
#6578 = CARTESIAN_POINT('',(-21.35277399265,4.440967490815,8.));
#6579 = VECTOR('',#6580,1.);
#6580 = DIRECTION('',(-0.624695047554,0.780868809443,0.));
#6581 = PCURVE('',#95,#6582);
#6582 = DEFINITIONAL_REPRESENTATION('',(#6583),#6587);
#6583 = LINE('',#6584,#6585);
#6584 = CARTESIAN_POINT('',(21.352773992652,12.913099031034));
#6585 = VECTOR('',#6586,1.);
#6586 = DIRECTION('',(0.624695047554,0.780868809443));
#6587 = ( GEOMETRIC_REPRESENTATION_CONTEXT(2) 
PARAMETRIC_REPRESENTATION_CONTEXT() REPRESENTATION_CONTEXT('2D SPACE',''
  ) );
#6588 = PCURVE('',#2080,#6589);
#6589 = DEFINITIONAL_REPRESENTATION('',(#6590),#6594);
#6590 = LINE('',#6591,#6592);
#6591 = CARTESIAN_POINT('',(0.,-2.5));
#6592 = VECTOR('',#6593,1.);
#6593 = DIRECTION('',(1.,0.));
#6594 = ( GEOMETRIC_REPRESENTATION_CONTEXT(2) 
PARAMETRIC_REPRESENTATION_CONTEXT() REPRESENTATION_CONTEXT('2D SPACE',''
  ) );
#6595 = ORIENTED_EDGE('',*,*,#6596,.T.);
#6596 = EDGE_CURVE('',#6574,#6597,#6599,.T.);
#6597 = VERTEX_POINT('',#6598);
#6598 = CARTESIAN_POINT('',(-25.,9.701562118716,8.));
#6599 = SURFACE_CURVE('',#6600,(#6605,#6612),.PCURVE_S1.);
#6600 = CIRCLE('',#6601,2.);
#6601 = AXIS2_PLACEMENT_3D('',#6602,#6603,#6604);
#6602 = CARTESIAN_POINT('',(-23.,9.701562118716,8.));
#6603 = DIRECTION('',(0.,0.,-1.));
#6604 = DIRECTION('',(1.,0.,0.));
#6605 = PCURVE('',#95,#6606);
#6606 = DEFINITIONAL_REPRESENTATION('',(#6607),#6611);
#6607 = CIRCLE('',#6608,2.);
#6608 = AXIS2_PLACEMENT_2D('',#6609,#6610);
#6609 = CARTESIAN_POINT('',(23.,18.173693658936));
#6610 = DIRECTION('',(-1.,0.));
#6611 = ( GEOMETRIC_REPRESENTATION_CONTEXT(2) 
PARAMETRIC_REPRESENTATION_CONTEXT() REPRESENTATION_CONTEXT('2D SPACE',''
  ) );
#6612 = PCURVE('',#2109,#6613);
#6613 = DEFINITIONAL_REPRESENTATION('',(#6614),#6618);
#6614 = LINE('',#6615,#6616);
#6615 = CARTESIAN_POINT('',(0.,-2.5));
#6616 = VECTOR('',#6617,1.);
#6617 = DIRECTION('',(1.,0.));
#6618 = ( GEOMETRIC_REPRESENTATION_CONTEXT(2) 
PARAMETRIC_REPRESENTATION_CONTEXT() REPRESENTATION_CONTEXT('2D SPACE',''
  ) );
#6619 = ORIENTED_EDGE('',*,*,#6620,.T.);
#6620 = EDGE_CURVE('',#6597,#6621,#6623,.T.);
#6621 = VERTEX_POINT('',#6622);
#6622 = CARTESIAN_POINT('',(-25.,14.298437881284,8.));
#6623 = SURFACE_CURVE('',#6624,(#6628,#6635),.PCURVE_S1.);
#6624 = LINE('',#6625,#6626);
#6625 = CARTESIAN_POINT('',(-25.,9.701562118716,8.));
#6626 = VECTOR('',#6627,1.);
#6627 = DIRECTION('',(0.,1.,0.));
#6628 = PCURVE('',#95,#6629);
#6629 = DEFINITIONAL_REPRESENTATION('',(#6630),#6634);
#6630 = LINE('',#6631,#6632);
#6631 = CARTESIAN_POINT('',(25.,18.173693658936));
#6632 = VECTOR('',#6633,1.);
#6633 = DIRECTION('',(0.,1.));
#6634 = ( GEOMETRIC_REPRESENTATION_CONTEXT(2) 
PARAMETRIC_REPRESENTATION_CONTEXT() REPRESENTATION_CONTEXT('2D SPACE',''
  ) );
#6635 = PCURVE('',#2137,#6636);
#6636 = DEFINITIONAL_REPRESENTATION('',(#6637),#6641);
#6637 = LINE('',#6638,#6639);
#6638 = CARTESIAN_POINT('',(0.,-2.5));
#6639 = VECTOR('',#6640,1.);
#6640 = DIRECTION('',(1.,0.));
#6641 = ( GEOMETRIC_REPRESENTATION_CONTEXT(2) 
PARAMETRIC_REPRESENTATION_CONTEXT() REPRESENTATION_CONTEXT('2D SPACE',''
  ) );
#6642 = ORIENTED_EDGE('',*,*,#6643,.T.);
#6643 = EDGE_CURVE('',#6621,#6644,#6646,.T.);
#6644 = VERTEX_POINT('',#6645);
#6645 = CARTESIAN_POINT('',(-24.56173761888,15.547827976392,8.));
#6646 = SURFACE_CURVE('',#6647,(#6652,#6659),.PCURVE_S1.);
#6647 = CIRCLE('',#6648,2.);
#6648 = AXIS2_PLACEMENT_3D('',#6649,#6650,#6651);
#6649 = CARTESIAN_POINT('',(-23.,14.298437881284,8.));
#6650 = DIRECTION('',(0.,-0.,-1.));
#6651 = DIRECTION('',(1.,0.,-0.));
#6652 = PCURVE('',#95,#6653);
#6653 = DEFINITIONAL_REPRESENTATION('',(#6654),#6658);
#6654 = CIRCLE('',#6655,2.);
#6655 = AXIS2_PLACEMENT_2D('',#6656,#6657);
#6656 = CARTESIAN_POINT('',(23.,22.770569421503));
#6657 = DIRECTION('',(-1.,0.));
#6658 = ( GEOMETRIC_REPRESENTATION_CONTEXT(2) 
PARAMETRIC_REPRESENTATION_CONTEXT() REPRESENTATION_CONTEXT('2D SPACE',''
  ) );
#6659 = PCURVE('',#2166,#6660);
#6660 = DEFINITIONAL_REPRESENTATION('',(#6661),#6665);
#6661 = LINE('',#6662,#6663);
#6662 = CARTESIAN_POINT('',(0.,-2.5));
#6663 = VECTOR('',#6664,1.);
#6664 = DIRECTION('',(1.,0.));
#6665 = ( GEOMETRIC_REPRESENTATION_CONTEXT(2) 
PARAMETRIC_REPRESENTATION_CONTEXT() REPRESENTATION_CONTEXT('2D SPACE',''
  ) );
#6666 = ORIENTED_EDGE('',*,*,#6667,.T.);
#6667 = EDGE_CURVE('',#6644,#6668,#6670,.T.);
#6668 = VERTEX_POINT('',#6669);
#6669 = CARTESIAN_POINT('',(-21.27268024748,19.659149690644,8.));
#6670 = SURFACE_CURVE('',#6671,(#6675,#6682),.PCURVE_S1.);
#6671 = LINE('',#6672,#6673);
#6672 = CARTESIAN_POINT('',(-24.56173761888,15.547827976392,8.));
#6673 = VECTOR('',#6674,1.);
#6674 = DIRECTION('',(0.624695047554,0.780868809443,0.));
#6675 = PCURVE('',#95,#6676);
#6676 = DEFINITIONAL_REPRESENTATION('',(#6677),#6681);
#6677 = LINE('',#6678,#6679);
#6678 = CARTESIAN_POINT('',(24.561737618886,24.019959516612));
#6679 = VECTOR('',#6680,1.);
#6680 = DIRECTION('',(-0.624695047554,0.780868809443));
#6681 = ( GEOMETRIC_REPRESENTATION_CONTEXT(2) 
PARAMETRIC_REPRESENTATION_CONTEXT() REPRESENTATION_CONTEXT('2D SPACE',''
  ) );
#6682 = PCURVE('',#2194,#6683);
#6683 = DEFINITIONAL_REPRESENTATION('',(#6684),#6688);
#6684 = LINE('',#6685,#6686);
#6685 = CARTESIAN_POINT('',(0.,-2.5));
#6686 = VECTOR('',#6687,1.);
#6687 = DIRECTION('',(1.,0.));
#6688 = ( GEOMETRIC_REPRESENTATION_CONTEXT(2) 
PARAMETRIC_REPRESENTATION_CONTEXT() REPRESENTATION_CONTEXT('2D SPACE',''
  ) );
#6689 = ORIENTED_EDGE('',*,*,#6690,.T.);
#6690 = EDGE_CURVE('',#6668,#6691,#6693,.T.);
#6691 = VERTEX_POINT('',#6692);
#6692 = CARTESIAN_POINT('',(-20.89413286608,20.423468535681,8.));
#6693 = SURFACE_CURVE('',#6694,(#6699,#6710),.PCURVE_S1.);
#6694 = CIRCLE('',#6695,2.);
#6695 = AXIS2_PLACEMENT_3D('',#6696,#6697,#6698);
#6696 = CARTESIAN_POINT('',(-22.83441786637,20.908539785753,8.));
#6697 = DIRECTION('',(0.,-0.,1.));
#6698 = DIRECTION('',(-1.,0.,0.));
#6699 = PCURVE('',#95,#6700);
#6700 = DEFINITIONAL_REPRESENTATION('',(#6701),#6709);
#6701 = ( BOUNDED_CURVE() B_SPLINE_CURVE(2,(#6702,#6703,#6704,#6705,
#6706,#6707,#6708),.UNSPECIFIED.,.T.,.F.) B_SPLINE_CURVE_WITH_KNOTS((1,2
    ,2,2,2,1),(-2.094395102393,0.,2.094395102393,4.188790204786,
6.28318530718,8.377580409573),.UNSPECIFIED.) CURVE() 
GEOMETRIC_REPRESENTATION_ITEM() RATIONAL_B_SPLINE_CURVE((1.,0.5,1.,0.5,
1.,0.5,1.)) REPRESENTATION_ITEM('') );
#6702 = CARTESIAN_POINT('',(24.834417866371,29.380671325972));
#6703 = CARTESIAN_POINT('',(24.834417866371,25.916569710835));
#6704 = CARTESIAN_POINT('',(21.834417866371,27.648620518404));
#6705 = CARTESIAN_POINT('',(18.834417866371,29.380671325972));
#6706 = CARTESIAN_POINT('',(21.834417866371,31.112722133541));
#6707 = CARTESIAN_POINT('',(24.834417866371,32.84477294111));
#6708 = CARTESIAN_POINT('',(24.834417866371,29.380671325972));
#6709 = ( GEOMETRIC_REPRESENTATION_CONTEXT(2) 
PARAMETRIC_REPRESENTATION_CONTEXT() REPRESENTATION_CONTEXT('2D SPACE',''
  ) );
#6710 = PCURVE('',#2227,#6711);
#6711 = DEFINITIONAL_REPRESENTATION('',(#6712),#6716);
#6712 = LINE('',#6713,#6714);
#6713 = CARTESIAN_POINT('',(-0.,-2.5));
#6714 = VECTOR('',#6715,1.);
#6715 = DIRECTION('',(-1.,0.));
#6716 = ( GEOMETRIC_REPRESENTATION_CONTEXT(2) 
PARAMETRIC_REPRESENTATION_CONTEXT() REPRESENTATION_CONTEXT('2D SPACE',''
  ) );
#6717 = ORIENTED_EDGE('',*,*,#6718,.T.);
#6718 = EDGE_CURVE('',#6691,#6719,#6721,.T.);
#6719 = VERTEX_POINT('',#6720);
#6720 = CARTESIAN_POINT('',(-19.05324735217,27.787010591309,8.));
#6721 = SURFACE_CURVE('',#6722,(#6726,#6733),.PCURVE_S1.);
#6722 = LINE('',#6723,#6724);
#6723 = CARTESIAN_POINT('',(-20.89413286608,20.423468535681,8.));
#6724 = VECTOR('',#6725,1.);
#6725 = DIRECTION('',(0.242535625036,0.970142500145,0.));
#6726 = PCURVE('',#95,#6727);
#6727 = DEFINITIONAL_REPRESENTATION('',(#6728),#6732);
#6728 = LINE('',#6729,#6730);
#6729 = CARTESIAN_POINT('',(20.89413286608,28.8956000759));
#6730 = VECTOR('',#6731,1.);
#6731 = DIRECTION('',(-0.242535625036,0.970142500145));
#6732 = ( GEOMETRIC_REPRESENTATION_CONTEXT(2) 
PARAMETRIC_REPRESENTATION_CONTEXT() REPRESENTATION_CONTEXT('2D SPACE',''
  ) );
#6733 = PCURVE('',#2255,#6734);
#6734 = DEFINITIONAL_REPRESENTATION('',(#6735),#6739);
#6735 = LINE('',#6736,#6737);
#6736 = CARTESIAN_POINT('',(0.,-2.5));
#6737 = VECTOR('',#6738,1.);
#6738 = DIRECTION('',(1.,0.));
#6739 = ( GEOMETRIC_REPRESENTATION_CONTEXT(2) 
PARAMETRIC_REPRESENTATION_CONTEXT() REPRESENTATION_CONTEXT('2D SPACE',''
  ) );
#6740 = ORIENTED_EDGE('',*,*,#6741,.T.);
#6741 = EDGE_CURVE('',#6719,#6742,#6744,.T.);
#6742 = VERTEX_POINT('',#6743);
#6743 = CARTESIAN_POINT('',(-18.90181673388,28.196366532236,8.));
#6744 = SURFACE_CURVE('',#6745,(#6750,#6757),.PCURVE_S1.);
#6745 = CIRCLE('',#6746,2.);
#6746 = AXIS2_PLACEMENT_3D('',#6747,#6748,#6749);
#6747 = CARTESIAN_POINT('',(-17.11296235188,27.301939341236,8.));
#6748 = DIRECTION('',(0.,0.,-1.));
#6749 = DIRECTION('',(1.,0.,0.));
#6750 = PCURVE('',#95,#6751);
#6751 = DEFINITIONAL_REPRESENTATION('',(#6752),#6756);
#6752 = CIRCLE('',#6753,2.);
#6753 = AXIS2_PLACEMENT_2D('',#6754,#6755);
#6754 = CARTESIAN_POINT('',(17.112962351882,35.774070881455));
#6755 = DIRECTION('',(-1.,0.));
#6756 = ( GEOMETRIC_REPRESENTATION_CONTEXT(2) 
PARAMETRIC_REPRESENTATION_CONTEXT() REPRESENTATION_CONTEXT('2D SPACE',''
  ) );
#6757 = PCURVE('',#2284,#6758);
#6758 = DEFINITIONAL_REPRESENTATION('',(#6759),#6763);
#6759 = LINE('',#6760,#6761);
#6760 = CARTESIAN_POINT('',(0.,-2.5));
#6761 = VECTOR('',#6762,1.);
#6762 = DIRECTION('',(1.,0.));
#6763 = ( GEOMETRIC_REPRESENTATION_CONTEXT(2) 
PARAMETRIC_REPRESENTATION_CONTEXT() REPRESENTATION_CONTEXT('2D SPACE',''
  ) );
#6764 = ORIENTED_EDGE('',*,*,#6765,.T.);
#6765 = EDGE_CURVE('',#6742,#6766,#6768,.T.);
#6766 = VERTEX_POINT('',#6767);
#6767 = CARTESIAN_POINT('',(-16.02291897207,33.954162055851,8.));
#6768 = SURFACE_CURVE('',#6769,(#6773,#6780),.PCURVE_S1.);
#6769 = LINE('',#6770,#6771);
#6770 = CARTESIAN_POINT('',(-18.90181673388,28.196366532236,8.));
#6771 = VECTOR('',#6772,1.);
#6772 = DIRECTION('',(0.4472135955,0.894427191,0.));
#6773 = PCURVE('',#95,#6774);
#6774 = DEFINITIONAL_REPRESENTATION('',(#6775),#6779);
#6775 = LINE('',#6776,#6777);
#6776 = CARTESIAN_POINT('',(18.901816733882,36.668498072455));
#6777 = VECTOR('',#6778,1.);
#6778 = DIRECTION('',(-0.4472135955,0.894427191));
#6779 = ( GEOMETRIC_REPRESENTATION_CONTEXT(2) 
PARAMETRIC_REPRESENTATION_CONTEXT() REPRESENTATION_CONTEXT('2D SPACE',''
  ) );
#6780 = PCURVE('',#2312,#6781);
#6781 = DEFINITIONAL_REPRESENTATION('',(#6782),#6786);
#6782 = LINE('',#6783,#6784);
#6783 = CARTESIAN_POINT('',(0.,-2.5));
#6784 = VECTOR('',#6785,1.);
#6785 = DIRECTION('',(1.,0.));
#6786 = ( GEOMETRIC_REPRESENTATION_CONTEXT(2) 
PARAMETRIC_REPRESENTATION_CONTEXT() REPRESENTATION_CONTEXT('2D SPACE',''
  ) );
#6787 = ORIENTED_EDGE('',*,*,#6788,.T.);
#6788 = EDGE_CURVE('',#6766,#6789,#6791,.T.);
#6789 = VERTEX_POINT('',#6790);
#6790 = CARTESIAN_POINT('',(-15.97945868427,34.046951578811,8.));
#6791 = SURFACE_CURVE('',#6792,(#6797,#6808),.PCURVE_S1.);
#6792 = CIRCLE('',#6793,2.);
#6793 = AXIS2_PLACEMENT_3D('',#6794,#6795,#6796);
#6794 = CARTESIAN_POINT('',(-17.81177335407,34.848589246851,8.));
#6795 = DIRECTION('',(0.,-0.,1.));
#6796 = DIRECTION('',(-1.,0.,0.));
#6797 = PCURVE('',#95,#6798);
#6798 = DEFINITIONAL_REPRESENTATION('',(#6799),#6807);
#6799 = ( BOUNDED_CURVE() B_SPLINE_CURVE(2,(#6800,#6801,#6802,#6803,
#6804,#6805,#6806),.UNSPECIFIED.,.T.,.F.) B_SPLINE_CURVE_WITH_KNOTS((1,2
    ,2,2,2,1),(-2.094395102393,0.,2.094395102393,4.188790204786,
6.28318530718,8.377580409573),.UNSPECIFIED.) CURVE() 
GEOMETRIC_REPRESENTATION_ITEM() RATIONAL_B_SPLINE_CURVE((1.,0.5,1.,0.5,
1.,0.5,1.)) REPRESENTATION_ITEM('') );
#6800 = CARTESIAN_POINT('',(19.811773354074,43.32072078707));
#6801 = CARTESIAN_POINT('',(19.811773354074,39.856619171932));
#6802 = CARTESIAN_POINT('',(16.811773354074,41.588669979501));
#6803 = CARTESIAN_POINT('',(13.811773354074,43.32072078707));
#6804 = CARTESIAN_POINT('',(16.811773354074,45.052771594639));
#6805 = CARTESIAN_POINT('',(19.811773354074,46.784822402208));
#6806 = CARTESIAN_POINT('',(19.811773354074,43.32072078707));
#6807 = ( GEOMETRIC_REPRESENTATION_CONTEXT(2) 
PARAMETRIC_REPRESENTATION_CONTEXT() REPRESENTATION_CONTEXT('2D SPACE',''
  ) );
#6808 = PCURVE('',#2345,#6809);
#6809 = DEFINITIONAL_REPRESENTATION('',(#6810),#6814);
#6810 = LINE('',#6811,#6812);
#6811 = CARTESIAN_POINT('',(-0.,-2.5));
#6812 = VECTOR('',#6813,1.);
#6813 = DIRECTION('',(-1.,0.));
#6814 = ( GEOMETRIC_REPRESENTATION_CONTEXT(2) 
PARAMETRIC_REPRESENTATION_CONTEXT() REPRESENTATION_CONTEXT('2D SPACE',''
  ) );
#6815 = ORIENTED_EDGE('',*,*,#6816,.T.);
#6816 = EDGE_CURVE('',#6789,#6817,#6819,.T.);
#6817 = VERTEX_POINT('',#6818);
#6818 = CARTESIAN_POINT('',(-12.50706233876,41.983857511398,8.));
#6819 = SURFACE_CURVE('',#6820,(#6824,#6831),.PCURVE_S1.);
#6820 = LINE('',#6821,#6822);
#6821 = CARTESIAN_POINT('',(-15.97945868427,34.046951578811,8.));
#6822 = VECTOR('',#6823,1.);
#6823 = DIRECTION('',(0.40081883402,0.916157334902,0.));
#6824 = PCURVE('',#95,#6825);
#6825 = DEFINITIONAL_REPRESENTATION('',(#6826),#6830);
#6826 = LINE('',#6827,#6828);
#6827 = CARTESIAN_POINT('',(15.97945868427,42.51908311903));
#6828 = VECTOR('',#6829,1.);
#6829 = DIRECTION('',(-0.40081883402,0.916157334902));
#6830 = ( GEOMETRIC_REPRESENTATION_CONTEXT(2) 
PARAMETRIC_REPRESENTATION_CONTEXT() REPRESENTATION_CONTEXT('2D SPACE',''
  ) );
#6831 = PCURVE('',#2373,#6832);
#6832 = DEFINITIONAL_REPRESENTATION('',(#6833),#6837);
#6833 = LINE('',#6834,#6835);
#6834 = CARTESIAN_POINT('',(0.,-2.5));
#6835 = VECTOR('',#6836,1.);
#6836 = DIRECTION('',(1.,0.));
#6837 = ( GEOMETRIC_REPRESENTATION_CONTEXT(2) 
PARAMETRIC_REPRESENTATION_CONTEXT() REPRESENTATION_CONTEXT('2D SPACE',''
  ) );
#6838 = ORIENTED_EDGE('',*,*,#6839,.T.);
#6839 = EDGE_CURVE('',#6817,#6840,#6842,.T.);
#6840 = VERTEX_POINT('',#6841);
#6841 = CARTESIAN_POINT('',(-12.49322316241,42.016264410207,8.));
#6842 = SURFACE_CURVE('',#6843,(#6848,#6859),.PCURVE_S1.);
#6843 = CIRCLE('',#6844,2.);
#6844 = AXIS2_PLACEMENT_3D('',#6845,#6846,#6847);
#6845 = CARTESIAN_POINT('',(-14.33937700856,42.785495179438,8.));
#6846 = DIRECTION('',(0.,-0.,1.));
#6847 = DIRECTION('',(-1.,0.,0.));
#6848 = PCURVE('',#95,#6849);
#6849 = DEFINITIONAL_REPRESENTATION('',(#6850),#6858);
#6850 = ( BOUNDED_CURVE() B_SPLINE_CURVE(2,(#6851,#6852,#6853,#6854,
#6855,#6856,#6857),.UNSPECIFIED.,.T.,.F.) B_SPLINE_CURVE_WITH_KNOTS((1,2
    ,2,2,2,1),(-2.094395102393,0.,2.094395102393,4.188790204786,
6.28318530718,8.377580409573),.UNSPECIFIED.) CURVE() 
GEOMETRIC_REPRESENTATION_ITEM() RATIONAL_B_SPLINE_CURVE((1.,0.5,1.,0.5,
1.,0.5,1.)) REPRESENTATION_ITEM('') );
#6851 = CARTESIAN_POINT('',(16.339377008568,51.257626719657));
#6852 = CARTESIAN_POINT('',(16.339377008568,47.793525104519));
#6853 = CARTESIAN_POINT('',(13.339377008568,49.525575912088));
#6854 = CARTESIAN_POINT('',(10.339377008568,51.257626719657));
#6855 = CARTESIAN_POINT('',(13.339377008568,52.989677527226));
#6856 = CARTESIAN_POINT('',(16.339377008568,54.721728334795));
#6857 = CARTESIAN_POINT('',(16.339377008568,51.257626719657));
#6858 = ( GEOMETRIC_REPRESENTATION_CONTEXT(2) 
PARAMETRIC_REPRESENTATION_CONTEXT() REPRESENTATION_CONTEXT('2D SPACE',''
  ) );
#6859 = PCURVE('',#2406,#6860);
#6860 = DEFINITIONAL_REPRESENTATION('',(#6861),#6865);
#6861 = LINE('',#6862,#6863);
#6862 = CARTESIAN_POINT('',(-0.,-2.5));
#6863 = VECTOR('',#6864,1.);
#6864 = DIRECTION('',(-1.,0.));
#6865 = ( GEOMETRIC_REPRESENTATION_CONTEXT(2) 
PARAMETRIC_REPRESENTATION_CONTEXT() REPRESENTATION_CONTEXT('2D SPACE',''
  ) );
#6866 = ORIENTED_EDGE('',*,*,#6867,.T.);
#6867 = EDGE_CURVE('',#6840,#6868,#6870,.T.);
#6868 = VERTEX_POINT('',#6869);
#6869 = CARTESIAN_POINT('',(-10.51282051282,46.769230769231,8.));
#6870 = SURFACE_CURVE('',#6871,(#6875,#6882),.PCURVE_S1.);
#6871 = LINE('',#6872,#6873);
#6872 = CARTESIAN_POINT('',(-12.49322316241,42.016264410207,8.));
#6873 = VECTOR('',#6874,1.);
#6874 = DIRECTION('',(0.384615384615,0.923076923077,0.));
#6875 = PCURVE('',#95,#6876);
#6876 = DEFINITIONAL_REPRESENTATION('',(#6877),#6881);
#6877 = LINE('',#6878,#6879);
#6878 = CARTESIAN_POINT('',(12.493223162414,50.488395950426));
#6879 = VECTOR('',#6880,1.);
#6880 = DIRECTION('',(-0.384615384615,0.923076923077));
#6881 = ( GEOMETRIC_REPRESENTATION_CONTEXT(2) 
PARAMETRIC_REPRESENTATION_CONTEXT() REPRESENTATION_CONTEXT('2D SPACE',''
  ) );
#6882 = PCURVE('',#2434,#6883);
#6883 = DEFINITIONAL_REPRESENTATION('',(#6884),#6888);
#6884 = LINE('',#6885,#6886);
#6885 = CARTESIAN_POINT('',(0.,-2.5));
#6886 = VECTOR('',#6887,1.);
#6887 = DIRECTION('',(1.,0.));
#6888 = ( GEOMETRIC_REPRESENTATION_CONTEXT(2) 
PARAMETRIC_REPRESENTATION_CONTEXT() REPRESENTATION_CONTEXT('2D SPACE',''
  ) );
#6889 = ORIENTED_EDGE('',*,*,#6890,.T.);
#6890 = EDGE_CURVE('',#6868,#168,#6891,.T.);
#6891 = SURFACE_CURVE('',#6892,(#6897,#6904),.PCURVE_S1.);
#6892 = CIRCLE('',#6893,2.);
#6893 = AXIS2_PLACEMENT_3D('',#6894,#6895,#6896);
#6894 = CARTESIAN_POINT('',(-8.666666666667,46.,8.));
#6895 = DIRECTION('',(0.,0.,-1.));
#6896 = DIRECTION('',(1.,0.,0.));
#6897 = PCURVE('',#95,#6898);
#6898 = DEFINITIONAL_REPRESENTATION('',(#6899),#6903);
#6899 = CIRCLE('',#6900,2.);
#6900 = AXIS2_PLACEMENT_2D('',#6901,#6902);
#6901 = CARTESIAN_POINT('',(8.666666666667,54.472131540219));
#6902 = DIRECTION('',(-1.,0.));
#6903 = ( GEOMETRIC_REPRESENTATION_CONTEXT(2) 
PARAMETRIC_REPRESENTATION_CONTEXT() REPRESENTATION_CONTEXT('2D SPACE',''
  ) );
#6904 = PCURVE('',#183,#6905);
#6905 = DEFINITIONAL_REPRESENTATION('',(#6906),#6910);
#6906 = LINE('',#6907,#6908);
#6907 = CARTESIAN_POINT('',(0.,-2.5));
#6908 = VECTOR('',#6909,1.);
#6909 = DIRECTION('',(1.,0.));
#6910 = ( GEOMETRIC_REPRESENTATION_CONTEXT(2) 
PARAMETRIC_REPRESENTATION_CONTEXT() REPRESENTATION_CONTEXT('2D SPACE',''
  ) );
#6911 = ORIENTED_EDGE('',*,*,#195,.T.);
#6912 = FACE_BOUND('',#6913,.F.);
#6913 = EDGE_LOOP('',(#6914));
#6914 = ORIENTED_EDGE('',*,*,#6915,.T.);
#6915 = EDGE_CURVE('',#6916,#6916,#6918,.T.);
#6916 = VERTEX_POINT('',#6917);
#6917 = CARTESIAN_POINT('',(10.5,-34.,8.));
#6918 = SURFACE_CURVE('',#6919,(#6924,#6935),.PCURVE_S1.);
#6919 = CIRCLE('',#6920,1.5);
#6920 = AXIS2_PLACEMENT_3D('',#6921,#6922,#6923);
#6921 = CARTESIAN_POINT('',(9.,-34.,8.));
#6922 = DIRECTION('',(0.,0.,1.));
#6923 = DIRECTION('',(1.,0.,-0.));
#6924 = PCURVE('',#95,#6925);
#6925 = DEFINITIONAL_REPRESENTATION('',(#6926),#6934);
#6926 = ( BOUNDED_CURVE() B_SPLINE_CURVE(2,(#6927,#6928,#6929,#6930,
#6931,#6932,#6933),.UNSPECIFIED.,.T.,.F.) B_SPLINE_CURVE_WITH_KNOTS((1,2
    ,2,2,2,1),(-2.094395102393,0.,2.094395102393,4.188790204786,
6.28318530718,8.377580409573),.UNSPECIFIED.) CURVE() 
GEOMETRIC_REPRESENTATION_ITEM() RATIONAL_B_SPLINE_CURVE((1.,0.5,1.,0.5,
1.,0.5,1.)) REPRESENTATION_ITEM('') );
#6927 = CARTESIAN_POINT('',(-10.5,-25.52786845978));
#6928 = CARTESIAN_POINT('',(-10.5,-22.92979224842));
#6929 = CARTESIAN_POINT('',(-8.25,-24.2288303541));
#6930 = CARTESIAN_POINT('',(-6.,-25.52786845978));
#6931 = CARTESIAN_POINT('',(-8.25,-26.82690656545));
#6932 = CARTESIAN_POINT('',(-10.5,-28.12594467113));
#6933 = CARTESIAN_POINT('',(-10.5,-25.52786845978));
#6934 = ( GEOMETRIC_REPRESENTATION_CONTEXT(2) 
PARAMETRIC_REPRESENTATION_CONTEXT() REPRESENTATION_CONTEXT('2D SPACE',''
  ) );
#6935 = PCURVE('',#2492,#6936);
#6936 = DEFINITIONAL_REPRESENTATION('',(#6937),#6941);
#6937 = LINE('',#6938,#6939);
#6938 = CARTESIAN_POINT('',(0.,3.5));
#6939 = VECTOR('',#6940,1.);
#6940 = DIRECTION('',(1.,0.));
#6941 = ( GEOMETRIC_REPRESENTATION_CONTEXT(2) 
PARAMETRIC_REPRESENTATION_CONTEXT() REPRESENTATION_CONTEXT('2D SPACE',''
  ) );
#6942 = FACE_BOUND('',#6943,.F.);
#6943 = EDGE_LOOP('',(#6944));
#6944 = ORIENTED_EDGE('',*,*,#6945,.T.);
#6945 = EDGE_CURVE('',#6946,#6946,#6948,.T.);
#6946 = VERTEX_POINT('',#6947);
#6947 = CARTESIAN_POINT('',(22.333333333333,-13.81926995981,8.));
#6948 = SURFACE_CURVE('',#6949,(#6954,#6965),.PCURVE_S1.);
#6949 = CIRCLE('',#6950,1.5);
#6950 = AXIS2_PLACEMENT_3D('',#6951,#6952,#6953);
#6951 = CARTESIAN_POINT('',(20.833333333333,-13.81926995981,8.));
#6952 = DIRECTION('',(0.,0.,1.));
#6953 = DIRECTION('',(1.,0.,-0.));
#6954 = PCURVE('',#95,#6955);
#6955 = DEFINITIONAL_REPRESENTATION('',(#6956),#6964);
#6956 = ( BOUNDED_CURVE() B_SPLINE_CURVE(2,(#6957,#6958,#6959,#6960,
#6961,#6962,#6963),.UNSPECIFIED.,.T.,.F.) B_SPLINE_CURVE_WITH_KNOTS((1,2
    ,2,2,2,1),(-2.094395102393,0.,2.094395102393,4.188790204786,
6.28318530718,8.377580409573),.UNSPECIFIED.) CURVE() 
GEOMETRIC_REPRESENTATION_ITEM() RATIONAL_B_SPLINE_CURVE((1.,0.5,1.,0.5,
1.,0.5,1.)) REPRESENTATION_ITEM('') );
#6957 = CARTESIAN_POINT('',(-22.33333333333,-5.347138419595));
#6958 = CARTESIAN_POINT('',(-22.33333333333,-2.749062208242));
#6959 = CARTESIAN_POINT('',(-20.08333333333,-4.048100313918));
#6960 = CARTESIAN_POINT('',(-17.83333333333,-5.347138419595));
#6961 = CARTESIAN_POINT('',(-20.08333333333,-6.646176525272));
#6962 = CARTESIAN_POINT('',(-22.33333333333,-7.945214630948));
#6963 = CARTESIAN_POINT('',(-22.33333333333,-5.347138419595));
#6964 = ( GEOMETRIC_REPRESENTATION_CONTEXT(2) 
PARAMETRIC_REPRESENTATION_CONTEXT() REPRESENTATION_CONTEXT('2D SPACE',''
  ) );
#6965 = PCURVE('',#2527,#6966);
#6966 = DEFINITIONAL_REPRESENTATION('',(#6967),#6971);
#6967 = LINE('',#6968,#6969);
#6968 = CARTESIAN_POINT('',(0.,3.5));
#6969 = VECTOR('',#6970,1.);
#6970 = DIRECTION('',(1.,0.));
#6971 = ( GEOMETRIC_REPRESENTATION_CONTEXT(2) 
PARAMETRIC_REPRESENTATION_CONTEXT() REPRESENTATION_CONTEXT('2D SPACE',''
  ) );
#6972 = FACE_BOUND('',#6973,.F.);
#6973 = EDGE_LOOP('',(#6974,#7004,#7025,#7053,#7074,#7102,#7123,#7151,
    #7179,#7200,#7228,#7249));
#6974 = ORIENTED_EDGE('',*,*,#6975,.T.);
#6975 = EDGE_CURVE('',#6976,#6978,#6980,.T.);
#6976 = VERTEX_POINT('',#6977);
#6977 = CARTESIAN_POINT('',(11.054102703301,-8.932822652558,8.));
#6978 = VERTEX_POINT('',#6979);
#6979 = CARTESIAN_POINT('',(11.,-11.11803398875,8.));
#6980 = SURFACE_CURVE('',#6981,(#6986,#6997),.PCURVE_S1.);
#6981 = CIRCLE('',#6982,1.5);
#6982 = AXIS2_PLACEMENT_3D('',#6983,#6984,#6985);
#6983 = CARTESIAN_POINT('',(10.,-10.,8.));
#6984 = DIRECTION('',(0.,0.,1.));
#6985 = DIRECTION('',(1.,0.,-0.));
#6986 = PCURVE('',#95,#6987);
#6987 = DEFINITIONAL_REPRESENTATION('',(#6988),#6996);
#6988 = ( BOUNDED_CURVE() B_SPLINE_CURVE(2,(#6989,#6990,#6991,#6992,
#6993,#6994,#6995),.UNSPECIFIED.,.T.,.F.) B_SPLINE_CURVE_WITH_KNOTS((1,2
    ,2,2,2,1),(-2.094395102393,0.,2.094395102393,4.188790204786,
6.28318530718,8.377580409573),.UNSPECIFIED.) CURVE() 
GEOMETRIC_REPRESENTATION_ITEM() RATIONAL_B_SPLINE_CURVE((1.,0.5,1.,0.5,
1.,0.5,1.)) REPRESENTATION_ITEM('') );
#6989 = CARTESIAN_POINT('',(-11.5,-1.527868459781));
#6990 = CARTESIAN_POINT('',(-11.5,1.070207751572));
#6991 = CARTESIAN_POINT('',(-9.25,-0.228830354104));
#6992 = CARTESIAN_POINT('',(-7.,-1.527868459781));
#6993 = CARTESIAN_POINT('',(-9.25,-2.826906565458));
#6994 = CARTESIAN_POINT('',(-11.5,-4.125944671134));
#6995 = CARTESIAN_POINT('',(-11.5,-1.527868459781));
#6996 = ( GEOMETRIC_REPRESENTATION_CONTEXT(2) 
PARAMETRIC_REPRESENTATION_CONTEXT() REPRESENTATION_CONTEXT('2D SPACE',''
  ) );
#6997 = PCURVE('',#2564,#6998);
#6998 = DEFINITIONAL_REPRESENTATION('',(#6999),#7003);
#6999 = LINE('',#7000,#7001);
#7000 = CARTESIAN_POINT('',(0.,3.5));
#7001 = VECTOR('',#7002,1.);
#7002 = DIRECTION('',(1.,0.));
#7003 = ( GEOMETRIC_REPRESENTATION_CONTEXT(2) 
PARAMETRIC_REPRESENTATION_CONTEXT() REPRESENTATION_CONTEXT('2D SPACE',''
  ) );
#7004 = ORIENTED_EDGE('',*,*,#7005,.T.);
#7005 = EDGE_CURVE('',#6978,#7006,#7008,.T.);
#7006 = VERTEX_POINT('',#7007);
#7007 = CARTESIAN_POINT('',(11.,-18.500001,8.));
#7008 = SURFACE_CURVE('',#7009,(#7013,#7019),.PCURVE_S1.);
#7009 = LINE('',#7010,#7011);
#7010 = CARTESIAN_POINT('',(11.,-13.48606627011,8.));
#7011 = VECTOR('',#7012,1.);
#7012 = DIRECTION('',(0.,-1.,0.));
#7013 = PCURVE('',#95,#7014);
#7014 = DEFINITIONAL_REPRESENTATION('',(#7015),#7018);
#7015 = B_SPLINE_CURVE_WITH_KNOTS('',1,(#7016,#7017),.UNSPECIFIED.,.F.,
  .F.,(2,2),(-3.98606727011,5.01393472989),.PIECEWISE_BEZIER_KNOTS.);
#7016 = CARTESIAN_POINT('',(-11.,-1.027867459781));
#7017 = CARTESIAN_POINT('',(-11.,-10.02786945978));
#7018 = ( GEOMETRIC_REPRESENTATION_CONTEXT(2) 
PARAMETRIC_REPRESENTATION_CONTEXT() REPRESENTATION_CONTEXT('2D SPACE',''
  ) );
#7019 = PCURVE('',#2591,#7020);
#7020 = DEFINITIONAL_REPRESENTATION('',(#7021),#7024);
#7021 = B_SPLINE_CURVE_WITH_KNOTS('',1,(#7022,#7023),.UNSPECIFIED.,.F.,
  .F.,(2,2),(-3.98606727011,5.01393472989),.PIECEWISE_BEZIER_KNOTS.);
#7022 = CARTESIAN_POINT('',(3.5,-9.000002));
#7023 = CARTESIAN_POINT('',(3.5,0.));
#7024 = ( GEOMETRIC_REPRESENTATION_CONTEXT(2) 
PARAMETRIC_REPRESENTATION_CONTEXT() REPRESENTATION_CONTEXT('2D SPACE',''
  ) );
#7025 = ORIENTED_EDGE('',*,*,#7026,.T.);
#7026 = EDGE_CURVE('',#7006,#7027,#7029,.T.);
#7027 = VERTEX_POINT('',#7028);
#7028 = CARTESIAN_POINT('',(13.999999,-21.5,8.));
#7029 = SURFACE_CURVE('',#7030,(#7035,#7046),.PCURVE_S1.);
#7030 = CIRCLE('',#7031,2.999999);
#7031 = AXIS2_PLACEMENT_3D('',#7032,#7033,#7034);
#7032 = CARTESIAN_POINT('',(13.999999,-18.500001,8.));
#7033 = DIRECTION('',(0.,0.,1.));
#7034 = DIRECTION('',(1.,0.,-0.));
#7035 = PCURVE('',#95,#7036);
#7036 = DEFINITIONAL_REPRESENTATION('',(#7037),#7045);
#7037 = ( BOUNDED_CURVE() B_SPLINE_CURVE(2,(#7038,#7039,#7040,#7041,
#7042,#7043,#7044),.UNSPECIFIED.,.T.,.F.) B_SPLINE_CURVE_WITH_KNOTS((1,2
    ,2,2,2,1),(-2.094395102393,0.,2.094395102393,4.188790204786,
6.28318530718,8.377580409573),.UNSPECIFIED.) CURVE() 
GEOMETRIC_REPRESENTATION_ITEM() RATIONAL_B_SPLINE_CURVE((1.,0.5,1.,0.5,
1.,0.5,1.)) REPRESENTATION_ITEM('') );
#7038 = CARTESIAN_POINT('',(-16.999998,-10.02786945978));
#7039 = CARTESIAN_POINT('',(-16.999998,-4.831718769125));
#7040 = CARTESIAN_POINT('',(-12.4999995,-7.429794114453));
#7041 = CARTESIAN_POINT('',(-8.000001,-10.02786945978));
#7042 = CARTESIAN_POINT('',(-12.4999995,-12.6259448051));
#7043 = CARTESIAN_POINT('',(-16.999998,-15.22402015043));
#7044 = CARTESIAN_POINT('',(-16.999998,-10.02786945978));
#7045 = ( GEOMETRIC_REPRESENTATION_CONTEXT(2) 
PARAMETRIC_REPRESENTATION_CONTEXT() REPRESENTATION_CONTEXT('2D SPACE',''
  ) );
#7046 = PCURVE('',#2623,#7047);
#7047 = DEFINITIONAL_REPRESENTATION('',(#7048),#7052);
#7048 = LINE('',#7049,#7050);
#7049 = CARTESIAN_POINT('',(0.,3.5));
#7050 = VECTOR('',#7051,1.);
#7051 = DIRECTION('',(1.,0.));
#7052 = ( GEOMETRIC_REPRESENTATION_CONTEXT(2) 
PARAMETRIC_REPRESENTATION_CONTEXT() REPRESENTATION_CONTEXT('2D SPACE',''
  ) );
#7053 = ORIENTED_EDGE('',*,*,#7054,.T.);
#7054 = EDGE_CURVE('',#7027,#7055,#7057,.T.);
#7055 = VERTEX_POINT('',#7056);
#7056 = CARTESIAN_POINT('',(14.000001,-21.5,8.));
#7057 = SURFACE_CURVE('',#7058,(#7062,#7068),.PCURVE_S1.);
#7058 = LINE('',#7059,#7060);
#7059 = CARTESIAN_POINT('',(6.9999995,-21.5,8.));
#7060 = VECTOR('',#7061,1.);
#7061 = DIRECTION('',(1.,0.,-0.));
#7062 = PCURVE('',#95,#7063);
#7063 = DEFINITIONAL_REPRESENTATION('',(#7064),#7067);
#7064 = B_SPLINE_CURVE_WITH_KNOTS('',1,(#7065,#7066),.UNSPECIFIED.,.F.,
  .F.,(2,2),(6.9999995,7.0000015),.PIECEWISE_BEZIER_KNOTS.);
#7065 = CARTESIAN_POINT('',(-13.999999,-13.02786845978));
#7066 = CARTESIAN_POINT('',(-14.000001,-13.02786845978));
#7067 = ( GEOMETRIC_REPRESENTATION_CONTEXT(2) 
PARAMETRIC_REPRESENTATION_CONTEXT() REPRESENTATION_CONTEXT('2D SPACE',''
  ) );
#7068 = PCURVE('',#2650,#7069);
#7069 = DEFINITIONAL_REPRESENTATION('',(#7070),#7073);
#7070 = B_SPLINE_CURVE_WITH_KNOTS('',1,(#7071,#7072),.UNSPECIFIED.,.F.,
  .F.,(2,2),(6.9999995,7.0000015),.PIECEWISE_BEZIER_KNOTS.);
#7071 = CARTESIAN_POINT('',(3.5,0.));
#7072 = CARTESIAN_POINT('',(3.5,2.00000000028E-06));
#7073 = ( GEOMETRIC_REPRESENTATION_CONTEXT(2) 
PARAMETRIC_REPRESENTATION_CONTEXT() REPRESENTATION_CONTEXT('2D SPACE',''
  ) );
#7074 = ORIENTED_EDGE('',*,*,#7075,.T.);
#7075 = EDGE_CURVE('',#7055,#7076,#7078,.T.);
#7076 = VERTEX_POINT('',#7077);
#7077 = CARTESIAN_POINT('',(17.,-18.500001,8.));
#7078 = SURFACE_CURVE('',#7079,(#7084,#7095),.PCURVE_S1.);
#7079 = CIRCLE('',#7080,2.999999);
#7080 = AXIS2_PLACEMENT_3D('',#7081,#7082,#7083);
#7081 = CARTESIAN_POINT('',(14.000001,-18.500001,8.));
#7082 = DIRECTION('',(0.,0.,1.));
#7083 = DIRECTION('',(1.,0.,-0.));
#7084 = PCURVE('',#95,#7085);
#7085 = DEFINITIONAL_REPRESENTATION('',(#7086),#7094);
#7086 = ( BOUNDED_CURVE() B_SPLINE_CURVE(2,(#7087,#7088,#7089,#7090,
#7091,#7092,#7093),.UNSPECIFIED.,.T.,.F.) B_SPLINE_CURVE_WITH_KNOTS((1,2
    ,2,2,2,1),(-2.094395102393,0.,2.094395102393,4.188790204786,
6.28318530718,8.377580409573),.UNSPECIFIED.) CURVE() 
GEOMETRIC_REPRESENTATION_ITEM() RATIONAL_B_SPLINE_CURVE((1.,0.5,1.,0.5,
1.,0.5,1.)) REPRESENTATION_ITEM('') );
#7087 = CARTESIAN_POINT('',(-17.,-10.02786945978));
#7088 = CARTESIAN_POINT('',(-17.,-4.831718769125));
#7089 = CARTESIAN_POINT('',(-12.5000015,-7.429794114453));
#7090 = CARTESIAN_POINT('',(-8.000003,-10.02786945978));
#7091 = CARTESIAN_POINT('',(-12.5000015,-12.6259448051));
#7092 = CARTESIAN_POINT('',(-17.,-15.22402015043));
#7093 = CARTESIAN_POINT('',(-17.,-10.02786945978));
#7094 = ( GEOMETRIC_REPRESENTATION_CONTEXT(2) 
PARAMETRIC_REPRESENTATION_CONTEXT() REPRESENTATION_CONTEXT('2D SPACE',''
  ) );
#7095 = PCURVE('',#2682,#7096);
#7096 = DEFINITIONAL_REPRESENTATION('',(#7097),#7101);
#7097 = LINE('',#7098,#7099);
#7098 = CARTESIAN_POINT('',(0.,3.5));
#7099 = VECTOR('',#7100,1.);
#7100 = DIRECTION('',(1.,0.));
#7101 = ( GEOMETRIC_REPRESENTATION_CONTEXT(2) 
PARAMETRIC_REPRESENTATION_CONTEXT() REPRESENTATION_CONTEXT('2D SPACE',''
  ) );
#7102 = ORIENTED_EDGE('',*,*,#7103,.F.);
#7103 = EDGE_CURVE('',#7104,#7076,#7106,.T.);
#7104 = VERTEX_POINT('',#7105);
#7105 = CARTESIAN_POINT('',(17.,-11.44545421104,8.));
#7106 = SURFACE_CURVE('',#7107,(#7111,#7117),.PCURVE_S1.);
#7107 = LINE('',#7108,#7109);
#7108 = CARTESIAN_POINT('',(17.,-13.48606627011,8.));
#7109 = VECTOR('',#7110,1.);
#7110 = DIRECTION('',(0.,-1.,0.));
#7111 = PCURVE('',#95,#7112);
#7112 = DEFINITIONAL_REPRESENTATION('',(#7113),#7116);
#7113 = B_SPLINE_CURVE_WITH_KNOTS('',1,(#7114,#7115),.UNSPECIFIED.,.F.,
  .F.,(2,2),(-3.98606727011,5.01393472989),.PIECEWISE_BEZIER_KNOTS.);
#7114 = CARTESIAN_POINT('',(-17.,-1.027867459781));
#7115 = CARTESIAN_POINT('',(-17.,-10.02786945978));
#7116 = ( GEOMETRIC_REPRESENTATION_CONTEXT(2) 
PARAMETRIC_REPRESENTATION_CONTEXT() REPRESENTATION_CONTEXT('2D SPACE',''
  ) );
#7117 = PCURVE('',#2709,#7118);
#7118 = DEFINITIONAL_REPRESENTATION('',(#7119),#7122);
#7119 = B_SPLINE_CURVE_WITH_KNOTS('',1,(#7120,#7121),.UNSPECIFIED.,.F.,
  .F.,(2,2),(-3.98606727011,5.01393472989),.PIECEWISE_BEZIER_KNOTS.);
#7120 = CARTESIAN_POINT('',(3.5,-9.000002));
#7121 = CARTESIAN_POINT('',(3.5,0.));
#7122 = ( GEOMETRIC_REPRESENTATION_CONTEXT(2) 
PARAMETRIC_REPRESENTATION_CONTEXT() REPRESENTATION_CONTEXT('2D SPACE',''
  ) );
#7123 = ORIENTED_EDGE('',*,*,#7124,.T.);
#7124 = EDGE_CURVE('',#7104,#7125,#7127,.T.);
#7125 = VERTEX_POINT('',#7126);
#7126 = CARTESIAN_POINT('',(17.333333333333,-10.50264516945,8.));
#7127 = SURFACE_CURVE('',#7128,(#7133,#7144),.PCURVE_S1.);
#7128 = CIRCLE('',#7129,1.5);
#7129 = AXIS2_PLACEMENT_3D('',#7130,#7131,#7132);
#7130 = CARTESIAN_POINT('',(15.833333333333,-10.50264516945,8.));
#7131 = DIRECTION('',(0.,0.,1.));
#7132 = DIRECTION('',(1.,0.,-0.));
#7133 = PCURVE('',#95,#7134);
#7134 = DEFINITIONAL_REPRESENTATION('',(#7135),#7143);
#7135 = ( BOUNDED_CURVE() B_SPLINE_CURVE(2,(#7136,#7137,#7138,#7139,
#7140,#7141,#7142),.UNSPECIFIED.,.T.,.F.) B_SPLINE_CURVE_WITH_KNOTS((1,2
    ,2,2,2,1),(-2.094395102393,0.,2.094395102393,4.188790204786,
6.28318530718,8.377580409573),.UNSPECIFIED.) CURVE() 
GEOMETRIC_REPRESENTATION_ITEM() RATIONAL_B_SPLINE_CURVE((1.,0.5,1.,0.5,
1.,0.5,1.)) REPRESENTATION_ITEM('') );
#7136 = CARTESIAN_POINT('',(-17.33333333333,-2.03051362924));
#7137 = CARTESIAN_POINT('',(-17.33333333333,0.567562582114));
#7138 = CARTESIAN_POINT('',(-15.08333333333,-0.731475523563));
#7139 = CARTESIAN_POINT('',(-12.83333333333,-2.03051362924));
#7140 = CARTESIAN_POINT('',(-15.08333333333,-3.329551734916));
#7141 = CARTESIAN_POINT('',(-17.33333333333,-4.628589840593));
#7142 = CARTESIAN_POINT('',(-17.33333333333,-2.03051362924));
#7143 = ( GEOMETRIC_REPRESENTATION_CONTEXT(2) 
PARAMETRIC_REPRESENTATION_CONTEXT() REPRESENTATION_CONTEXT('2D SPACE',''
  ) );
#7144 = PCURVE('',#2741,#7145);
#7145 = DEFINITIONAL_REPRESENTATION('',(#7146),#7150);
#7146 = LINE('',#7147,#7148);
#7147 = CARTESIAN_POINT('',(0.,3.5));
#7148 = VECTOR('',#7149,1.);
#7149 = DIRECTION('',(1.,0.));
#7150 = ( GEOMETRIC_REPRESENTATION_CONTEXT(2) 
PARAMETRIC_REPRESENTATION_CONTEXT() REPRESENTATION_CONTEXT('2D SPACE',''
  ) );
#7151 = ORIENTED_EDGE('',*,*,#7152,.T.);
#7152 = EDGE_CURVE('',#7125,#7153,#7155,.T.);
#7153 = VERTEX_POINT('',#7154);
#7154 = CARTESIAN_POINT('',(17.,-9.559836127877,8.));
#7155 = SURFACE_CURVE('',#7156,(#7161,#7172),.PCURVE_S1.);
#7156 = CIRCLE('',#7157,1.5);
#7157 = AXIS2_PLACEMENT_3D('',#7158,#7159,#7160);
#7158 = CARTESIAN_POINT('',(15.833333333333,-10.50264516945,8.));
#7159 = DIRECTION('',(0.,0.,1.));
#7160 = DIRECTION('',(1.,0.,-0.));
#7161 = PCURVE('',#95,#7162);
#7162 = DEFINITIONAL_REPRESENTATION('',(#7163),#7171);
#7163 = ( BOUNDED_CURVE() B_SPLINE_CURVE(2,(#7164,#7165,#7166,#7167,
#7168,#7169,#7170),.UNSPECIFIED.,.T.,.F.) B_SPLINE_CURVE_WITH_KNOTS((1,2
    ,2,2,2,1),(-2.094395102393,0.,2.094395102393,4.188790204786,
6.28318530718,8.377580409573),.UNSPECIFIED.) CURVE() 
GEOMETRIC_REPRESENTATION_ITEM() RATIONAL_B_SPLINE_CURVE((1.,0.5,1.,0.5,
1.,0.5,1.)) REPRESENTATION_ITEM('') );
#7164 = CARTESIAN_POINT('',(-17.33333333333,-2.03051362924));
#7165 = CARTESIAN_POINT('',(-17.33333333333,0.567562582114));
#7166 = CARTESIAN_POINT('',(-15.08333333333,-0.731475523563));
#7167 = CARTESIAN_POINT('',(-12.83333333333,-2.03051362924));
#7168 = CARTESIAN_POINT('',(-15.08333333333,-3.329551734916));
#7169 = CARTESIAN_POINT('',(-17.33333333333,-4.628589840593));
#7170 = CARTESIAN_POINT('',(-17.33333333333,-2.03051362924));
#7171 = ( GEOMETRIC_REPRESENTATION_CONTEXT(2) 
PARAMETRIC_REPRESENTATION_CONTEXT() REPRESENTATION_CONTEXT('2D SPACE',''
  ) );
#7172 = PCURVE('',#2774,#7173);
#7173 = DEFINITIONAL_REPRESENTATION('',(#7174),#7178);
#7174 = LINE('',#7175,#7176);
#7175 = CARTESIAN_POINT('',(0.,3.5));
#7176 = VECTOR('',#7177,1.);
#7177 = DIRECTION('',(1.,0.));
#7178 = ( GEOMETRIC_REPRESENTATION_CONTEXT(2) 
PARAMETRIC_REPRESENTATION_CONTEXT() REPRESENTATION_CONTEXT('2D SPACE',''
  ) );
#7179 = ORIENTED_EDGE('',*,*,#7180,.F.);
#7180 = EDGE_CURVE('',#7181,#7153,#7183,.T.);
#7181 = VERTEX_POINT('',#7182);
#7182 = CARTESIAN_POINT('',(17.,-9.499999,8.));
#7183 = SURFACE_CURVE('',#7184,(#7188,#7194),.PCURVE_S1.);
#7184 = LINE('',#7185,#7186);
#7185 = CARTESIAN_POINT('',(17.,-13.48606627011,8.));
#7186 = VECTOR('',#7187,1.);
#7187 = DIRECTION('',(0.,-1.,0.));
#7188 = PCURVE('',#95,#7189);
#7189 = DEFINITIONAL_REPRESENTATION('',(#7190),#7193);
#7190 = B_SPLINE_CURVE_WITH_KNOTS('',1,(#7191,#7192),.UNSPECIFIED.,.F.,
  .F.,(2,2),(-3.98606727011,5.01393472989),.PIECEWISE_BEZIER_KNOTS.);
#7191 = CARTESIAN_POINT('',(-17.,-1.027867459781));
#7192 = CARTESIAN_POINT('',(-17.,-10.02786945978));
#7193 = ( GEOMETRIC_REPRESENTATION_CONTEXT(2) 
PARAMETRIC_REPRESENTATION_CONTEXT() REPRESENTATION_CONTEXT('2D SPACE',''
  ) );
#7194 = PCURVE('',#2801,#7195);
#7195 = DEFINITIONAL_REPRESENTATION('',(#7196),#7199);
#7196 = B_SPLINE_CURVE_WITH_KNOTS('',1,(#7197,#7198),.UNSPECIFIED.,.F.,
  .F.,(2,2),(-3.98606727011,5.01393472989),.PIECEWISE_BEZIER_KNOTS.);
#7197 = CARTESIAN_POINT('',(3.5,-9.000002));
#7198 = CARTESIAN_POINT('',(3.5,0.));
#7199 = ( GEOMETRIC_REPRESENTATION_CONTEXT(2) 
PARAMETRIC_REPRESENTATION_CONTEXT() REPRESENTATION_CONTEXT('2D SPACE',''
  ) );
#7200 = ORIENTED_EDGE('',*,*,#7201,.T.);
#7201 = EDGE_CURVE('',#7181,#7202,#7204,.T.);
#7202 = VERTEX_POINT('',#7203);
#7203 = CARTESIAN_POINT('',(14.000001,-6.5,8.));
#7204 = SURFACE_CURVE('',#7205,(#7210,#7221),.PCURVE_S1.);
#7205 = CIRCLE('',#7206,2.999999);
#7206 = AXIS2_PLACEMENT_3D('',#7207,#7208,#7209);
#7207 = CARTESIAN_POINT('',(14.000001,-9.499999,8.));
#7208 = DIRECTION('',(0.,0.,1.));
#7209 = DIRECTION('',(1.,0.,-0.));
#7210 = PCURVE('',#95,#7211);
#7211 = DEFINITIONAL_REPRESENTATION('',(#7212),#7220);
#7212 = ( BOUNDED_CURVE() B_SPLINE_CURVE(2,(#7213,#7214,#7215,#7216,
#7217,#7218,#7219),.UNSPECIFIED.,.T.,.F.) B_SPLINE_CURVE_WITH_KNOTS((1,2
    ,2,2,2,1),(-2.094395102393,0.,2.094395102393,4.188790204786,
6.28318530718,8.377580409573),.UNSPECIFIED.) CURVE() 
GEOMETRIC_REPRESENTATION_ITEM() RATIONAL_B_SPLINE_CURVE((1.,0.5,1.,0.5,
1.,0.5,1.)) REPRESENTATION_ITEM('') );
#7213 = CARTESIAN_POINT('',(-17.,-1.027867459781));
#7214 = CARTESIAN_POINT('',(-17.,4.168283230875));
#7215 = CARTESIAN_POINT('',(-12.5000015,1.570207885547));
#7216 = CARTESIAN_POINT('',(-8.000003,-1.027867459781));
#7217 = CARTESIAN_POINT('',(-12.5000015,-3.625942805109));
#7218 = CARTESIAN_POINT('',(-17.,-6.224018150437));
#7219 = CARTESIAN_POINT('',(-17.,-1.027867459781));
#7220 = ( GEOMETRIC_REPRESENTATION_CONTEXT(2) 
PARAMETRIC_REPRESENTATION_CONTEXT() REPRESENTATION_CONTEXT('2D SPACE',''
  ) );
#7221 = PCURVE('',#2833,#7222);
#7222 = DEFINITIONAL_REPRESENTATION('',(#7223),#7227);
#7223 = LINE('',#7224,#7225);
#7224 = CARTESIAN_POINT('',(0.,3.5));
#7225 = VECTOR('',#7226,1.);
#7226 = DIRECTION('',(1.,0.));
#7227 = ( GEOMETRIC_REPRESENTATION_CONTEXT(2) 
PARAMETRIC_REPRESENTATION_CONTEXT() REPRESENTATION_CONTEXT('2D SPACE',''
  ) );
#7228 = ORIENTED_EDGE('',*,*,#7229,.F.);
#7229 = EDGE_CURVE('',#7230,#7202,#7232,.T.);
#7230 = VERTEX_POINT('',#7231);
#7231 = CARTESIAN_POINT('',(13.999999,-6.5,8.));
#7232 = SURFACE_CURVE('',#7233,(#7237,#7243),.PCURVE_S1.);
#7233 = LINE('',#7234,#7235);
#7234 = CARTESIAN_POINT('',(6.9999995,-6.5,8.));
#7235 = VECTOR('',#7236,1.);
#7236 = DIRECTION('',(1.,0.,-0.));
#7237 = PCURVE('',#95,#7238);
#7238 = DEFINITIONAL_REPRESENTATION('',(#7239),#7242);
#7239 = B_SPLINE_CURVE_WITH_KNOTS('',1,(#7240,#7241),.UNSPECIFIED.,.F.,
  .F.,(2,2),(6.9999995,7.0000015),.PIECEWISE_BEZIER_KNOTS.);
#7240 = CARTESIAN_POINT('',(-13.999999,1.972131540219));
#7241 = CARTESIAN_POINT('',(-14.000001,1.972131540219));
#7242 = ( GEOMETRIC_REPRESENTATION_CONTEXT(2) 
PARAMETRIC_REPRESENTATION_CONTEXT() REPRESENTATION_CONTEXT('2D SPACE',''
  ) );
#7243 = PCURVE('',#2860,#7244);
#7244 = DEFINITIONAL_REPRESENTATION('',(#7245),#7248);
#7245 = B_SPLINE_CURVE_WITH_KNOTS('',1,(#7246,#7247),.UNSPECIFIED.,.F.,
  .F.,(2,2),(6.9999995,7.0000015),.PIECEWISE_BEZIER_KNOTS.);
#7246 = CARTESIAN_POINT('',(3.5,0.));
#7247 = CARTESIAN_POINT('',(3.5,2.00000000028E-06));
#7248 = ( GEOMETRIC_REPRESENTATION_CONTEXT(2) 
PARAMETRIC_REPRESENTATION_CONTEXT() REPRESENTATION_CONTEXT('2D SPACE',''
  ) );
#7249 = ORIENTED_EDGE('',*,*,#7250,.T.);
#7250 = EDGE_CURVE('',#7230,#6976,#7251,.T.);
#7251 = SURFACE_CURVE('',#7252,(#7257,#7268),.PCURVE_S1.);
#7252 = CIRCLE('',#7253,2.999999);
#7253 = AXIS2_PLACEMENT_3D('',#7254,#7255,#7256);
#7254 = CARTESIAN_POINT('',(13.999999,-9.499999,8.));
#7255 = DIRECTION('',(0.,0.,1.));
#7256 = DIRECTION('',(1.,0.,-0.));
#7257 = PCURVE('',#95,#7258);
#7258 = DEFINITIONAL_REPRESENTATION('',(#7259),#7267);
#7259 = ( BOUNDED_CURVE() B_SPLINE_CURVE(2,(#7260,#7261,#7262,#7263,
#7264,#7265,#7266),.UNSPECIFIED.,.T.,.F.) B_SPLINE_CURVE_WITH_KNOTS((1,2
    ,2,2,2,1),(-2.094395102393,0.,2.094395102393,4.188790204786,
6.28318530718,8.377580409573),.UNSPECIFIED.) CURVE() 
GEOMETRIC_REPRESENTATION_ITEM() RATIONAL_B_SPLINE_CURVE((1.,0.5,1.,0.5,
1.,0.5,1.)) REPRESENTATION_ITEM('') );
#7260 = CARTESIAN_POINT('',(-16.999998,-1.027867459781));
#7261 = CARTESIAN_POINT('',(-16.999998,4.168283230875));
#7262 = CARTESIAN_POINT('',(-12.4999995,1.570207885547));
#7263 = CARTESIAN_POINT('',(-8.000001,-1.027867459781));
#7264 = CARTESIAN_POINT('',(-12.4999995,-3.625942805109));
#7265 = CARTESIAN_POINT('',(-16.999998,-6.224018150437));
#7266 = CARTESIAN_POINT('',(-16.999998,-1.027867459781));
#7267 = ( GEOMETRIC_REPRESENTATION_CONTEXT(2) 
PARAMETRIC_REPRESENTATION_CONTEXT() REPRESENTATION_CONTEXT('2D SPACE',''
  ) );
#7268 = PCURVE('',#2890,#7269);
#7269 = DEFINITIONAL_REPRESENTATION('',(#7270),#7274);
#7270 = LINE('',#7271,#7272);
#7271 = CARTESIAN_POINT('',(0.,3.5));
#7272 = VECTOR('',#7273,1.);
#7273 = DIRECTION('',(1.,0.));
#7274 = ( GEOMETRIC_REPRESENTATION_CONTEXT(2) 
PARAMETRIC_REPRESENTATION_CONTEXT() REPRESENTATION_CONTEXT('2D SPACE',''
  ) );
#7275 = FACE_BOUND('',#7276,.F.);
#7276 = EDGE_LOOP('',(#7277));
#7277 = ORIENTED_EDGE('',*,*,#7278,.T.);
#7278 = EDGE_CURVE('',#7279,#7279,#7281,.T.);
#7279 = VERTEX_POINT('',#7280);
#7280 = CARTESIAN_POINT('',(-7.5,-34.,8.));
#7281 = SURFACE_CURVE('',#7282,(#7287,#7298),.PCURVE_S1.);
#7282 = CIRCLE('',#7283,1.5);
#7283 = AXIS2_PLACEMENT_3D('',#7284,#7285,#7286);
#7284 = CARTESIAN_POINT('',(-9.,-34.,8.));
#7285 = DIRECTION('',(0.,0.,1.));
#7286 = DIRECTION('',(1.,0.,-0.));
#7287 = PCURVE('',#95,#7288);
#7288 = DEFINITIONAL_REPRESENTATION('',(#7289),#7297);
#7289 = ( BOUNDED_CURVE() B_SPLINE_CURVE(2,(#7290,#7291,#7292,#7293,
#7294,#7295,#7296),.UNSPECIFIED.,.T.,.F.) B_SPLINE_CURVE_WITH_KNOTS((1,2
    ,2,2,2,1),(-2.094395102393,0.,2.094395102393,4.188790204786,
6.28318530718,8.377580409573),.UNSPECIFIED.) CURVE() 
GEOMETRIC_REPRESENTATION_ITEM() RATIONAL_B_SPLINE_CURVE((1.,0.5,1.,0.5,
1.,0.5,1.)) REPRESENTATION_ITEM('') );
#7290 = CARTESIAN_POINT('',(7.5,-25.52786845978));
#7291 = CARTESIAN_POINT('',(7.5,-22.92979224842));
#7292 = CARTESIAN_POINT('',(9.75,-24.2288303541));
#7293 = CARTESIAN_POINT('',(12.,-25.52786845978));
#7294 = CARTESIAN_POINT('',(9.75,-26.82690656545));
#7295 = CARTESIAN_POINT('',(7.5,-28.12594467113));
#7296 = CARTESIAN_POINT('',(7.5,-25.52786845978));
#7297 = ( GEOMETRIC_REPRESENTATION_CONTEXT(2) 
PARAMETRIC_REPRESENTATION_CONTEXT() REPRESENTATION_CONTEXT('2D SPACE',''
  ) );
#7298 = PCURVE('',#2925,#7299);
#7299 = DEFINITIONAL_REPRESENTATION('',(#7300),#7304);
#7300 = LINE('',#7301,#7302);
#7301 = CARTESIAN_POINT('',(0.,3.5));
#7302 = VECTOR('',#7303,1.);
#7303 = DIRECTION('',(1.,0.));
#7304 = ( GEOMETRIC_REPRESENTATION_CONTEXT(2) 
PARAMETRIC_REPRESENTATION_CONTEXT() REPRESENTATION_CONTEXT('2D SPACE',''
  ) );
#7305 = FACE_BOUND('',#7306,.F.);
#7306 = EDGE_LOOP('',(#7307,#7330,#7358,#7379,#7407,#7428,#7456,#7477));
#7307 = ORIENTED_EDGE('',*,*,#7308,.T.);
#7308 = EDGE_CURVE('',#7309,#7311,#7313,.T.);
#7309 = VERTEX_POINT('',#7310);
#7310 = CARTESIAN_POINT('',(-4.5,-22.,8.));
#7311 = VERTEX_POINT('',#7312);
#7312 = CARTESIAN_POINT('',(-4.5,-30.,8.));
#7313 = SURFACE_CURVE('',#7314,(#7318,#7324),.PCURVE_S1.);
#7314 = LINE('',#7315,#7316);
#7315 = CARTESIAN_POINT('',(-4.5,-19.23606577011,8.));
#7316 = VECTOR('',#7317,1.);
#7317 = DIRECTION('',(0.,-1.,0.));
#7318 = PCURVE('',#95,#7319);
#7319 = DEFINITIONAL_REPRESENTATION('',(#7320),#7323);
#7320 = B_SPLINE_CURVE_WITH_KNOTS('',1,(#7321,#7322),.UNSPECIFIED.,.F.,
  .F.,(2,2),(2.76393422989,10.76393422989),.PIECEWISE_BEZIER_KNOTS.);
#7321 = CARTESIAN_POINT('',(4.5,-13.52786845978));
#7322 = CARTESIAN_POINT('',(4.5,-21.52786845978));
#7323 = ( GEOMETRIC_REPRESENTATION_CONTEXT(2) 
PARAMETRIC_REPRESENTATION_CONTEXT() REPRESENTATION_CONTEXT('2D SPACE',''
  ) );
#7324 = PCURVE('',#2956,#7325);
#7325 = DEFINITIONAL_REPRESENTATION('',(#7326),#7329);
#7326 = B_SPLINE_CURVE_WITH_KNOTS('',1,(#7327,#7328),.UNSPECIFIED.,.F.,
  .F.,(2,2),(2.76393422989,10.76393422989),.PIECEWISE_BEZIER_KNOTS.);
#7327 = CARTESIAN_POINT('',(3.5,-8.));
#7328 = CARTESIAN_POINT('',(3.5,0.));
#7329 = ( GEOMETRIC_REPRESENTATION_CONTEXT(2) 
PARAMETRIC_REPRESENTATION_CONTEXT() REPRESENTATION_CONTEXT('2D SPACE',''
  ) );
#7330 = ORIENTED_EDGE('',*,*,#7331,.T.);
#7331 = EDGE_CURVE('',#7311,#7332,#7334,.T.);
#7332 = VERTEX_POINT('',#7333);
#7333 = CARTESIAN_POINT('',(-0.5,-34.,8.));
#7334 = SURFACE_CURVE('',#7335,(#7340,#7351),.PCURVE_S1.);
#7335 = CIRCLE('',#7336,4.);
#7336 = AXIS2_PLACEMENT_3D('',#7337,#7338,#7339);
#7337 = CARTESIAN_POINT('',(-0.5,-30.,8.));
#7338 = DIRECTION('',(0.,0.,1.));
#7339 = DIRECTION('',(1.,0.,-0.));
#7340 = PCURVE('',#95,#7341);
#7341 = DEFINITIONAL_REPRESENTATION('',(#7342),#7350);
#7342 = ( BOUNDED_CURVE() B_SPLINE_CURVE(2,(#7343,#7344,#7345,#7346,
#7347,#7348,#7349),.UNSPECIFIED.,.T.,.F.) B_SPLINE_CURVE_WITH_KNOTS((1,2
    ,2,2,2,1),(-2.094395102393,0.,2.094395102393,4.188790204786,
6.28318530718,8.377580409573),.UNSPECIFIED.) CURVE() 
GEOMETRIC_REPRESENTATION_ITEM() RATIONAL_B_SPLINE_CURVE((1.,0.5,1.,0.5,
1.,0.5,1.)) REPRESENTATION_ITEM('') );
#7343 = CARTESIAN_POINT('',(-3.5,-21.52786845978));
#7344 = CARTESIAN_POINT('',(-3.5,-14.5996652295));
#7345 = CARTESIAN_POINT('',(2.5,-18.06376684464));
#7346 = CARTESIAN_POINT('',(8.5,-21.52786845978));
#7347 = CARTESIAN_POINT('',(2.5,-24.99197007491));
#7348 = CARTESIAN_POINT('',(-3.5,-28.45607169005));
#7349 = CARTESIAN_POINT('',(-3.5,-21.52786845978));
#7350 = ( GEOMETRIC_REPRESENTATION_CONTEXT(2) 
PARAMETRIC_REPRESENTATION_CONTEXT() REPRESENTATION_CONTEXT('2D SPACE',''
  ) );
#7351 = PCURVE('',#2988,#7352);
#7352 = DEFINITIONAL_REPRESENTATION('',(#7353),#7357);
#7353 = LINE('',#7354,#7355);
#7354 = CARTESIAN_POINT('',(0.,3.5));
#7355 = VECTOR('',#7356,1.);
#7356 = DIRECTION('',(1.,0.));
#7357 = ( GEOMETRIC_REPRESENTATION_CONTEXT(2) 
PARAMETRIC_REPRESENTATION_CONTEXT() REPRESENTATION_CONTEXT('2D SPACE',''
  ) );
#7358 = ORIENTED_EDGE('',*,*,#7359,.T.);
#7359 = EDGE_CURVE('',#7332,#7360,#7362,.T.);
#7360 = VERTEX_POINT('',#7361);
#7361 = CARTESIAN_POINT('',(0.5,-34.,8.));
#7362 = SURFACE_CURVE('',#7363,(#7367,#7373),.PCURVE_S1.);
#7363 = LINE('',#7364,#7365);
#7364 = CARTESIAN_POINT('',(-0.25,-34.,8.));
#7365 = VECTOR('',#7366,1.);
#7366 = DIRECTION('',(1.,0.,-0.));
#7367 = PCURVE('',#95,#7368);
#7368 = DEFINITIONAL_REPRESENTATION('',(#7369),#7372);
#7369 = B_SPLINE_CURVE_WITH_KNOTS('',1,(#7370,#7371),.UNSPECIFIED.,.F.,
  .F.,(2,2),(-0.25,0.75),.PIECEWISE_BEZIER_KNOTS.);
#7370 = CARTESIAN_POINT('',(0.5,-25.52786845978));
#7371 = CARTESIAN_POINT('',(-0.5,-25.52786845978));
#7372 = ( GEOMETRIC_REPRESENTATION_CONTEXT(2) 
PARAMETRIC_REPRESENTATION_CONTEXT() REPRESENTATION_CONTEXT('2D SPACE',''
  ) );
#7373 = PCURVE('',#3015,#7374);
#7374 = DEFINITIONAL_REPRESENTATION('',(#7375),#7378);
#7375 = B_SPLINE_CURVE_WITH_KNOTS('',1,(#7376,#7377),.UNSPECIFIED.,.F.,
  .F.,(2,2),(-0.25,0.75),.PIECEWISE_BEZIER_KNOTS.);
#7376 = CARTESIAN_POINT('',(3.5,0.));
#7377 = CARTESIAN_POINT('',(3.5,1.));
#7378 = ( GEOMETRIC_REPRESENTATION_CONTEXT(2) 
PARAMETRIC_REPRESENTATION_CONTEXT() REPRESENTATION_CONTEXT('2D SPACE',''
  ) );
#7379 = ORIENTED_EDGE('',*,*,#7380,.T.);
#7380 = EDGE_CURVE('',#7360,#7381,#7383,.T.);
#7381 = VERTEX_POINT('',#7382);
#7382 = CARTESIAN_POINT('',(4.5,-30.,8.));
#7383 = SURFACE_CURVE('',#7384,(#7389,#7400),.PCURVE_S1.);
#7384 = CIRCLE('',#7385,4.);
#7385 = AXIS2_PLACEMENT_3D('',#7386,#7387,#7388);
#7386 = CARTESIAN_POINT('',(0.5,-30.,8.));
#7387 = DIRECTION('',(0.,0.,1.));
#7388 = DIRECTION('',(1.,0.,-0.));
#7389 = PCURVE('',#95,#7390);
#7390 = DEFINITIONAL_REPRESENTATION('',(#7391),#7399);
#7391 = ( BOUNDED_CURVE() B_SPLINE_CURVE(2,(#7392,#7393,#7394,#7395,
#7396,#7397,#7398),.UNSPECIFIED.,.T.,.F.) B_SPLINE_CURVE_WITH_KNOTS((1,2
    ,2,2,2,1),(-2.094395102393,0.,2.094395102393,4.188790204786,
6.28318530718,8.377580409573),.UNSPECIFIED.) CURVE() 
GEOMETRIC_REPRESENTATION_ITEM() RATIONAL_B_SPLINE_CURVE((1.,0.5,1.,0.5,
1.,0.5,1.)) REPRESENTATION_ITEM('') );
#7392 = CARTESIAN_POINT('',(-4.5,-21.52786845978));
#7393 = CARTESIAN_POINT('',(-4.5,-14.5996652295));
#7394 = CARTESIAN_POINT('',(1.5,-18.06376684464));
#7395 = CARTESIAN_POINT('',(7.5,-21.52786845978));
#7396 = CARTESIAN_POINT('',(1.5,-24.99197007491));
#7397 = CARTESIAN_POINT('',(-4.5,-28.45607169005));
#7398 = CARTESIAN_POINT('',(-4.5,-21.52786845978));
#7399 = ( GEOMETRIC_REPRESENTATION_CONTEXT(2) 
PARAMETRIC_REPRESENTATION_CONTEXT() REPRESENTATION_CONTEXT('2D SPACE',''
  ) );
#7400 = PCURVE('',#3047,#7401);
#7401 = DEFINITIONAL_REPRESENTATION('',(#7402),#7406);
#7402 = LINE('',#7403,#7404);
#7403 = CARTESIAN_POINT('',(0.,3.5));
#7404 = VECTOR('',#7405,1.);
#7405 = DIRECTION('',(1.,0.));
#7406 = ( GEOMETRIC_REPRESENTATION_CONTEXT(2) 
PARAMETRIC_REPRESENTATION_CONTEXT() REPRESENTATION_CONTEXT('2D SPACE',''
  ) );
#7407 = ORIENTED_EDGE('',*,*,#7408,.F.);
#7408 = EDGE_CURVE('',#7409,#7381,#7411,.T.);
#7409 = VERTEX_POINT('',#7410);
#7410 = CARTESIAN_POINT('',(4.5,-22.,8.));
#7411 = SURFACE_CURVE('',#7412,(#7416,#7422),.PCURVE_S1.);
#7412 = LINE('',#7413,#7414);
#7413 = CARTESIAN_POINT('',(4.5,-19.23606577011,8.));
#7414 = VECTOR('',#7415,1.);
#7415 = DIRECTION('',(0.,-1.,0.));
#7416 = PCURVE('',#95,#7417);
#7417 = DEFINITIONAL_REPRESENTATION('',(#7418),#7421);
#7418 = B_SPLINE_CURVE_WITH_KNOTS('',1,(#7419,#7420),.UNSPECIFIED.,.F.,
  .F.,(2,2),(2.76393422989,10.76393422989),.PIECEWISE_BEZIER_KNOTS.);
#7419 = CARTESIAN_POINT('',(-4.5,-13.52786845978));
#7420 = CARTESIAN_POINT('',(-4.5,-21.52786845978));
#7421 = ( GEOMETRIC_REPRESENTATION_CONTEXT(2) 
PARAMETRIC_REPRESENTATION_CONTEXT() REPRESENTATION_CONTEXT('2D SPACE',''
  ) );
#7422 = PCURVE('',#3074,#7423);
#7423 = DEFINITIONAL_REPRESENTATION('',(#7424),#7427);
#7424 = B_SPLINE_CURVE_WITH_KNOTS('',1,(#7425,#7426),.UNSPECIFIED.,.F.,
  .F.,(2,2),(2.76393422989,10.76393422989),.PIECEWISE_BEZIER_KNOTS.);
#7425 = CARTESIAN_POINT('',(3.5,-8.));
#7426 = CARTESIAN_POINT('',(3.5,0.));
#7427 = ( GEOMETRIC_REPRESENTATION_CONTEXT(2) 
PARAMETRIC_REPRESENTATION_CONTEXT() REPRESENTATION_CONTEXT('2D SPACE',''
  ) );
#7428 = ORIENTED_EDGE('',*,*,#7429,.T.);
#7429 = EDGE_CURVE('',#7409,#7430,#7432,.T.);
#7430 = VERTEX_POINT('',#7431);
#7431 = CARTESIAN_POINT('',(0.5,-18.,8.));
#7432 = SURFACE_CURVE('',#7433,(#7438,#7449),.PCURVE_S1.);
#7433 = CIRCLE('',#7434,4.);
#7434 = AXIS2_PLACEMENT_3D('',#7435,#7436,#7437);
#7435 = CARTESIAN_POINT('',(0.5,-22.,8.));
#7436 = DIRECTION('',(0.,0.,1.));
#7437 = DIRECTION('',(1.,0.,-0.));
#7438 = PCURVE('',#95,#7439);
#7439 = DEFINITIONAL_REPRESENTATION('',(#7440),#7448);
#7440 = ( BOUNDED_CURVE() B_SPLINE_CURVE(2,(#7441,#7442,#7443,#7444,
#7445,#7446,#7447),.UNSPECIFIED.,.T.,.F.) B_SPLINE_CURVE_WITH_KNOTS((1,2
    ,2,2,2,1),(-2.094395102393,0.,2.094395102393,4.188790204786,
6.28318530718,8.377580409573),.UNSPECIFIED.) CURVE() 
GEOMETRIC_REPRESENTATION_ITEM() RATIONAL_B_SPLINE_CURVE((1.,0.5,1.,0.5,
1.,0.5,1.)) REPRESENTATION_ITEM('') );
#7441 = CARTESIAN_POINT('',(-4.5,-13.52786845978));
#7442 = CARTESIAN_POINT('',(-4.5,-6.599665229505));
#7443 = CARTESIAN_POINT('',(1.5,-10.06376684464));
#7444 = CARTESIAN_POINT('',(7.5,-13.52786845978));
#7445 = CARTESIAN_POINT('',(1.5,-16.99197007491));
#7446 = CARTESIAN_POINT('',(-4.5,-20.45607169005));
#7447 = CARTESIAN_POINT('',(-4.5,-13.52786845978));
#7448 = ( GEOMETRIC_REPRESENTATION_CONTEXT(2) 
PARAMETRIC_REPRESENTATION_CONTEXT() REPRESENTATION_CONTEXT('2D SPACE',''
  ) );
#7449 = PCURVE('',#3106,#7450);
#7450 = DEFINITIONAL_REPRESENTATION('',(#7451),#7455);
#7451 = LINE('',#7452,#7453);
#7452 = CARTESIAN_POINT('',(0.,3.5));
#7453 = VECTOR('',#7454,1.);
#7454 = DIRECTION('',(1.,0.));
#7455 = ( GEOMETRIC_REPRESENTATION_CONTEXT(2) 
PARAMETRIC_REPRESENTATION_CONTEXT() REPRESENTATION_CONTEXT('2D SPACE',''
  ) );
#7456 = ORIENTED_EDGE('',*,*,#7457,.F.);
#7457 = EDGE_CURVE('',#7458,#7430,#7460,.T.);
#7458 = VERTEX_POINT('',#7459);
#7459 = CARTESIAN_POINT('',(-0.5,-18.,8.));
#7460 = SURFACE_CURVE('',#7461,(#7465,#7471),.PCURVE_S1.);
#7461 = LINE('',#7462,#7463);
#7462 = CARTESIAN_POINT('',(-0.25,-18.,8.));
#7463 = VECTOR('',#7464,1.);
#7464 = DIRECTION('',(1.,0.,-0.));
#7465 = PCURVE('',#95,#7466);
#7466 = DEFINITIONAL_REPRESENTATION('',(#7467),#7470);
#7467 = B_SPLINE_CURVE_WITH_KNOTS('',1,(#7468,#7469),.UNSPECIFIED.,.F.,
  .F.,(2,2),(-0.25,0.75),.PIECEWISE_BEZIER_KNOTS.);
#7468 = CARTESIAN_POINT('',(0.5,-9.527868459781));
#7469 = CARTESIAN_POINT('',(-0.5,-9.527868459781));
#7470 = ( GEOMETRIC_REPRESENTATION_CONTEXT(2) 
PARAMETRIC_REPRESENTATION_CONTEXT() REPRESENTATION_CONTEXT('2D SPACE',''
  ) );
#7471 = PCURVE('',#3133,#7472);
#7472 = DEFINITIONAL_REPRESENTATION('',(#7473),#7476);
#7473 = B_SPLINE_CURVE_WITH_KNOTS('',1,(#7474,#7475),.UNSPECIFIED.,.F.,
  .F.,(2,2),(-0.25,0.75),.PIECEWISE_BEZIER_KNOTS.);
#7474 = CARTESIAN_POINT('',(3.5,0.));
#7475 = CARTESIAN_POINT('',(3.5,1.));
#7476 = ( GEOMETRIC_REPRESENTATION_CONTEXT(2) 
PARAMETRIC_REPRESENTATION_CONTEXT() REPRESENTATION_CONTEXT('2D SPACE',''
  ) );
#7477 = ORIENTED_EDGE('',*,*,#7478,.T.);
#7478 = EDGE_CURVE('',#7458,#7309,#7479,.T.);
#7479 = SURFACE_CURVE('',#7480,(#7485,#7496),.PCURVE_S1.);
#7480 = CIRCLE('',#7481,4.);
#7481 = AXIS2_PLACEMENT_3D('',#7482,#7483,#7484);
#7482 = CARTESIAN_POINT('',(-0.5,-22.,8.));
#7483 = DIRECTION('',(0.,0.,1.));
#7484 = DIRECTION('',(1.,0.,-0.));
#7485 = PCURVE('',#95,#7486);
#7486 = DEFINITIONAL_REPRESENTATION('',(#7487),#7495);
#7487 = ( BOUNDED_CURVE() B_SPLINE_CURVE(2,(#7488,#7489,#7490,#7491,
#7492,#7493,#7494),.UNSPECIFIED.,.T.,.F.) B_SPLINE_CURVE_WITH_KNOTS((1,2
    ,2,2,2,1),(-2.094395102393,0.,2.094395102393,4.188790204786,
6.28318530718,8.377580409573),.UNSPECIFIED.) CURVE() 
GEOMETRIC_REPRESENTATION_ITEM() RATIONAL_B_SPLINE_CURVE((1.,0.5,1.,0.5,
1.,0.5,1.)) REPRESENTATION_ITEM('') );
#7488 = CARTESIAN_POINT('',(-3.5,-13.52786845978));
#7489 = CARTESIAN_POINT('',(-3.5,-6.599665229505));
#7490 = CARTESIAN_POINT('',(2.5,-10.06376684464));
#7491 = CARTESIAN_POINT('',(8.5,-13.52786845978));
#7492 = CARTESIAN_POINT('',(2.5,-16.99197007491));
#7493 = CARTESIAN_POINT('',(-3.5,-20.45607169005));
#7494 = CARTESIAN_POINT('',(-3.5,-13.52786845978));
#7495 = ( GEOMETRIC_REPRESENTATION_CONTEXT(2) 
PARAMETRIC_REPRESENTATION_CONTEXT() REPRESENTATION_CONTEXT('2D SPACE',''
  ) );
#7496 = PCURVE('',#3163,#7497);
#7497 = DEFINITIONAL_REPRESENTATION('',(#7498),#7502);
#7498 = LINE('',#7499,#7500);
#7499 = CARTESIAN_POINT('',(0.,3.5));
#7500 = VECTOR('',#7501,1.);
#7501 = DIRECTION('',(1.,0.));
#7502 = ( GEOMETRIC_REPRESENTATION_CONTEXT(2) 
PARAMETRIC_REPRESENTATION_CONTEXT() REPRESENTATION_CONTEXT('2D SPACE',''
  ) );
#7503 = FACE_BOUND('',#7504,.F.);
#7504 = EDGE_LOOP('',(#7505,#7535,#7556,#7584,#7605,#7633,#7654,#7682,
    #7710,#7738,#7759,#7787));
#7505 = ORIENTED_EDGE('',*,*,#7506,.T.);
#7506 = EDGE_CURVE('',#7507,#7509,#7511,.T.);
#7507 = VERTEX_POINT('',#7508);
#7508 = CARTESIAN_POINT('',(-17.,-9.559836127877,8.));
#7509 = VERTEX_POINT('',#7510);
#7510 = CARTESIAN_POINT('',(-17.,-11.44545421104,8.));
#7511 = SURFACE_CURVE('',#7512,(#7517,#7528),.PCURVE_S1.);
#7512 = CIRCLE('',#7513,1.5);
#7513 = AXIS2_PLACEMENT_3D('',#7514,#7515,#7516);
#7514 = CARTESIAN_POINT('',(-15.83333333333,-10.50264516945,8.));
#7515 = DIRECTION('',(0.,0.,1.));
#7516 = DIRECTION('',(1.,0.,-0.));
#7517 = PCURVE('',#95,#7518);
#7518 = DEFINITIONAL_REPRESENTATION('',(#7519),#7527);
#7519 = ( BOUNDED_CURVE() B_SPLINE_CURVE(2,(#7520,#7521,#7522,#7523,
#7524,#7525,#7526),.UNSPECIFIED.,.T.,.F.) B_SPLINE_CURVE_WITH_KNOTS((1,2
    ,2,2,2,1),(-2.094395102393,0.,2.094395102393,4.188790204786,
6.28318530718,8.377580409573),.UNSPECIFIED.) CURVE() 
GEOMETRIC_REPRESENTATION_ITEM() RATIONAL_B_SPLINE_CURVE((1.,0.5,1.,0.5,
1.,0.5,1.)) REPRESENTATION_ITEM('') );
#7520 = CARTESIAN_POINT('',(14.333333333333,-2.03051362924));
#7521 = CARTESIAN_POINT('',(14.333333333333,0.567562582114));
#7522 = CARTESIAN_POINT('',(16.583333333333,-0.731475523563));
#7523 = CARTESIAN_POINT('',(18.833333333333,-2.03051362924));
#7524 = CARTESIAN_POINT('',(16.583333333333,-3.329551734916));
#7525 = CARTESIAN_POINT('',(14.333333333333,-4.628589840593));
#7526 = CARTESIAN_POINT('',(14.333333333333,-2.03051362924));
#7527 = ( GEOMETRIC_REPRESENTATION_CONTEXT(2) 
PARAMETRIC_REPRESENTATION_CONTEXT() REPRESENTATION_CONTEXT('2D SPACE',''
  ) );
#7528 = PCURVE('',#3200,#7529);
#7529 = DEFINITIONAL_REPRESENTATION('',(#7530),#7534);
#7530 = LINE('',#7531,#7532);
#7531 = CARTESIAN_POINT('',(0.,3.5));
#7532 = VECTOR('',#7533,1.);
#7533 = DIRECTION('',(1.,0.));
#7534 = ( GEOMETRIC_REPRESENTATION_CONTEXT(2) 
PARAMETRIC_REPRESENTATION_CONTEXT() REPRESENTATION_CONTEXT('2D SPACE',''
  ) );
#7535 = ORIENTED_EDGE('',*,*,#7536,.T.);
#7536 = EDGE_CURVE('',#7509,#7537,#7539,.T.);
#7537 = VERTEX_POINT('',#7538);
#7538 = CARTESIAN_POINT('',(-17.,-18.500001,8.));
#7539 = SURFACE_CURVE('',#7540,(#7544,#7550),.PCURVE_S1.);
#7540 = LINE('',#7541,#7542);
#7541 = CARTESIAN_POINT('',(-17.,-13.48606627011,8.));
#7542 = VECTOR('',#7543,1.);
#7543 = DIRECTION('',(0.,-1.,0.));
#7544 = PCURVE('',#95,#7545);
#7545 = DEFINITIONAL_REPRESENTATION('',(#7546),#7549);
#7546 = B_SPLINE_CURVE_WITH_KNOTS('',1,(#7547,#7548),.UNSPECIFIED.,.F.,
  .F.,(2,2),(-3.98606727011,5.01393472989),.PIECEWISE_BEZIER_KNOTS.);
#7547 = CARTESIAN_POINT('',(17.,-1.027867459781));
#7548 = CARTESIAN_POINT('',(17.,-10.02786945978));
#7549 = ( GEOMETRIC_REPRESENTATION_CONTEXT(2) 
PARAMETRIC_REPRESENTATION_CONTEXT() REPRESENTATION_CONTEXT('2D SPACE',''
  ) );
#7550 = PCURVE('',#3227,#7551);
#7551 = DEFINITIONAL_REPRESENTATION('',(#7552),#7555);
#7552 = B_SPLINE_CURVE_WITH_KNOTS('',1,(#7553,#7554),.UNSPECIFIED.,.F.,
  .F.,(2,2),(-3.98606727011,5.01393472989),.PIECEWISE_BEZIER_KNOTS.);
#7553 = CARTESIAN_POINT('',(3.5,-9.000002));
#7554 = CARTESIAN_POINT('',(3.5,0.));
#7555 = ( GEOMETRIC_REPRESENTATION_CONTEXT(2) 
PARAMETRIC_REPRESENTATION_CONTEXT() REPRESENTATION_CONTEXT('2D SPACE',''
  ) );
#7556 = ORIENTED_EDGE('',*,*,#7557,.T.);
#7557 = EDGE_CURVE('',#7537,#7558,#7560,.T.);
#7558 = VERTEX_POINT('',#7559);
#7559 = CARTESIAN_POINT('',(-14.000001,-21.5,8.));
#7560 = SURFACE_CURVE('',#7561,(#7566,#7577),.PCURVE_S1.);
#7561 = CIRCLE('',#7562,2.999999);
#7562 = AXIS2_PLACEMENT_3D('',#7563,#7564,#7565);
#7563 = CARTESIAN_POINT('',(-14.000001,-18.500001,8.));
#7564 = DIRECTION('',(0.,0.,1.));
#7565 = DIRECTION('',(1.,0.,-0.));
#7566 = PCURVE('',#95,#7567);
#7567 = DEFINITIONAL_REPRESENTATION('',(#7568),#7576);
#7568 = ( BOUNDED_CURVE() B_SPLINE_CURVE(2,(#7569,#7570,#7571,#7572,
#7573,#7574,#7575),.UNSPECIFIED.,.T.,.F.) B_SPLINE_CURVE_WITH_KNOTS((1,2
    ,2,2,2,1),(-2.094395102393,0.,2.094395102393,4.188790204786,
6.28318530718,8.377580409573),.UNSPECIFIED.) CURVE() 
GEOMETRIC_REPRESENTATION_ITEM() RATIONAL_B_SPLINE_CURVE((1.,0.5,1.,0.5,
1.,0.5,1.)) REPRESENTATION_ITEM('') );
#7569 = CARTESIAN_POINT('',(11.000002,-10.02786945978));
#7570 = CARTESIAN_POINT('',(11.000002,-4.831718769125));
#7571 = CARTESIAN_POINT('',(15.5000005,-7.429794114453));
#7572 = CARTESIAN_POINT('',(19.999999,-10.02786945978));
#7573 = CARTESIAN_POINT('',(15.5000005,-12.6259448051));
#7574 = CARTESIAN_POINT('',(11.000002,-15.22402015043));
#7575 = CARTESIAN_POINT('',(11.000002,-10.02786945978));
#7576 = ( GEOMETRIC_REPRESENTATION_CONTEXT(2) 
PARAMETRIC_REPRESENTATION_CONTEXT() REPRESENTATION_CONTEXT('2D SPACE',''
  ) );
#7577 = PCURVE('',#3259,#7578);
#7578 = DEFINITIONAL_REPRESENTATION('',(#7579),#7583);
#7579 = LINE('',#7580,#7581);
#7580 = CARTESIAN_POINT('',(0.,3.5));
#7581 = VECTOR('',#7582,1.);
#7582 = DIRECTION('',(1.,0.));
#7583 = ( GEOMETRIC_REPRESENTATION_CONTEXT(2) 
PARAMETRIC_REPRESENTATION_CONTEXT() REPRESENTATION_CONTEXT('2D SPACE',''
  ) );
#7584 = ORIENTED_EDGE('',*,*,#7585,.T.);
#7585 = EDGE_CURVE('',#7558,#7586,#7588,.T.);
#7586 = VERTEX_POINT('',#7587);
#7587 = CARTESIAN_POINT('',(-13.999999,-21.5,8.));
#7588 = SURFACE_CURVE('',#7589,(#7593,#7599),.PCURVE_S1.);
#7589 = LINE('',#7590,#7591);
#7590 = CARTESIAN_POINT('',(-7.0000005,-21.5,8.));
#7591 = VECTOR('',#7592,1.);
#7592 = DIRECTION('',(1.,0.,-0.));
#7593 = PCURVE('',#95,#7594);
#7594 = DEFINITIONAL_REPRESENTATION('',(#7595),#7598);
#7595 = B_SPLINE_CURVE_WITH_KNOTS('',1,(#7596,#7597),.UNSPECIFIED.,.F.,
  .F.,(2,2),(-7.0000005,-6.9999985),.PIECEWISE_BEZIER_KNOTS.);
#7596 = CARTESIAN_POINT('',(14.000001,-13.02786845978));
#7597 = CARTESIAN_POINT('',(13.999999,-13.02786845978));
#7598 = ( GEOMETRIC_REPRESENTATION_CONTEXT(2) 
PARAMETRIC_REPRESENTATION_CONTEXT() REPRESENTATION_CONTEXT('2D SPACE',''
  ) );
#7599 = PCURVE('',#3286,#7600);
#7600 = DEFINITIONAL_REPRESENTATION('',(#7601),#7604);
#7601 = B_SPLINE_CURVE_WITH_KNOTS('',1,(#7602,#7603),.UNSPECIFIED.,.F.,
  .F.,(2,2),(-7.0000005,-6.9999985),.PIECEWISE_BEZIER_KNOTS.);
#7602 = CARTESIAN_POINT('',(3.5,0.));
#7603 = CARTESIAN_POINT('',(3.5,2.00000000028E-06));
#7604 = ( GEOMETRIC_REPRESENTATION_CONTEXT(2) 
PARAMETRIC_REPRESENTATION_CONTEXT() REPRESENTATION_CONTEXT('2D SPACE',''
  ) );
#7605 = ORIENTED_EDGE('',*,*,#7606,.T.);
#7606 = EDGE_CURVE('',#7586,#7607,#7609,.T.);
#7607 = VERTEX_POINT('',#7608);
#7608 = CARTESIAN_POINT('',(-11.,-18.500001,8.));
#7609 = SURFACE_CURVE('',#7610,(#7615,#7626),.PCURVE_S1.);
#7610 = CIRCLE('',#7611,2.999999);
#7611 = AXIS2_PLACEMENT_3D('',#7612,#7613,#7614);
#7612 = CARTESIAN_POINT('',(-13.999999,-18.500001,8.));
#7613 = DIRECTION('',(0.,0.,1.));
#7614 = DIRECTION('',(1.,0.,-0.));
#7615 = PCURVE('',#95,#7616);
#7616 = DEFINITIONAL_REPRESENTATION('',(#7617),#7625);
#7617 = ( BOUNDED_CURVE() B_SPLINE_CURVE(2,(#7618,#7619,#7620,#7621,
#7622,#7623,#7624),.UNSPECIFIED.,.T.,.F.) B_SPLINE_CURVE_WITH_KNOTS((1,2
    ,2,2,2,1),(-2.094395102393,0.,2.094395102393,4.188790204786,
6.28318530718,8.377580409573),.UNSPECIFIED.) CURVE() 
GEOMETRIC_REPRESENTATION_ITEM() RATIONAL_B_SPLINE_CURVE((1.,0.5,1.,0.5,
1.,0.5,1.)) REPRESENTATION_ITEM('') );
#7618 = CARTESIAN_POINT('',(11.,-10.02786945978));
#7619 = CARTESIAN_POINT('',(11.,-4.831718769125));
#7620 = CARTESIAN_POINT('',(15.4999985,-7.429794114453));
#7621 = CARTESIAN_POINT('',(19.999997,-10.02786945978));
#7622 = CARTESIAN_POINT('',(15.4999985,-12.6259448051));
#7623 = CARTESIAN_POINT('',(11.,-15.22402015043));
#7624 = CARTESIAN_POINT('',(11.,-10.02786945978));
#7625 = ( GEOMETRIC_REPRESENTATION_CONTEXT(2) 
PARAMETRIC_REPRESENTATION_CONTEXT() REPRESENTATION_CONTEXT('2D SPACE',''
  ) );
#7626 = PCURVE('',#3318,#7627);
#7627 = DEFINITIONAL_REPRESENTATION('',(#7628),#7632);
#7628 = LINE('',#7629,#7630);
#7629 = CARTESIAN_POINT('',(0.,3.5));
#7630 = VECTOR('',#7631,1.);
#7631 = DIRECTION('',(1.,0.));
#7632 = ( GEOMETRIC_REPRESENTATION_CONTEXT(2) 
PARAMETRIC_REPRESENTATION_CONTEXT() REPRESENTATION_CONTEXT('2D SPACE',''
  ) );
#7633 = ORIENTED_EDGE('',*,*,#7634,.F.);
#7634 = EDGE_CURVE('',#7635,#7607,#7637,.T.);
#7635 = VERTEX_POINT('',#7636);
#7636 = CARTESIAN_POINT('',(-11.,-11.11803398875,8.));
#7637 = SURFACE_CURVE('',#7638,(#7642,#7648),.PCURVE_S1.);
#7638 = LINE('',#7639,#7640);
#7639 = CARTESIAN_POINT('',(-11.,-13.48606627011,8.));
#7640 = VECTOR('',#7641,1.);
#7641 = DIRECTION('',(0.,-1.,0.));
#7642 = PCURVE('',#95,#7643);
#7643 = DEFINITIONAL_REPRESENTATION('',(#7644),#7647);
#7644 = B_SPLINE_CURVE_WITH_KNOTS('',1,(#7645,#7646),.UNSPECIFIED.,.F.,
  .F.,(2,2),(-3.98606727011,5.01393472989),.PIECEWISE_BEZIER_KNOTS.);
#7645 = CARTESIAN_POINT('',(11.,-1.027867459781));
#7646 = CARTESIAN_POINT('',(11.,-10.02786945978));
#7647 = ( GEOMETRIC_REPRESENTATION_CONTEXT(2) 
PARAMETRIC_REPRESENTATION_CONTEXT() REPRESENTATION_CONTEXT('2D SPACE',''
  ) );
#7648 = PCURVE('',#3345,#7649);
#7649 = DEFINITIONAL_REPRESENTATION('',(#7650),#7653);
#7650 = B_SPLINE_CURVE_WITH_KNOTS('',1,(#7651,#7652),.UNSPECIFIED.,.F.,
  .F.,(2,2),(-3.98606727011,5.01393472989),.PIECEWISE_BEZIER_KNOTS.);
#7651 = CARTESIAN_POINT('',(3.5,-9.000002));
#7652 = CARTESIAN_POINT('',(3.5,0.));
#7653 = ( GEOMETRIC_REPRESENTATION_CONTEXT(2) 
PARAMETRIC_REPRESENTATION_CONTEXT() REPRESENTATION_CONTEXT('2D SPACE',''
  ) );
#7654 = ORIENTED_EDGE('',*,*,#7655,.T.);
#7655 = EDGE_CURVE('',#7635,#7656,#7658,.T.);
#7656 = VERTEX_POINT('',#7657);
#7657 = CARTESIAN_POINT('',(-8.5,-10.,8.));
#7658 = SURFACE_CURVE('',#7659,(#7664,#7675),.PCURVE_S1.);
#7659 = CIRCLE('',#7660,1.5);
#7660 = AXIS2_PLACEMENT_3D('',#7661,#7662,#7663);
#7661 = CARTESIAN_POINT('',(-10.,-10.,8.));
#7662 = DIRECTION('',(0.,0.,1.));
#7663 = DIRECTION('',(1.,0.,-0.));
#7664 = PCURVE('',#95,#7665);
#7665 = DEFINITIONAL_REPRESENTATION('',(#7666),#7674);
#7666 = ( BOUNDED_CURVE() B_SPLINE_CURVE(2,(#7667,#7668,#7669,#7670,
#7671,#7672,#7673),.UNSPECIFIED.,.T.,.F.) B_SPLINE_CURVE_WITH_KNOTS((1,2
    ,2,2,2,1),(-2.094395102393,0.,2.094395102393,4.188790204786,
6.28318530718,8.377580409573),.UNSPECIFIED.) CURVE() 
GEOMETRIC_REPRESENTATION_ITEM() RATIONAL_B_SPLINE_CURVE((1.,0.5,1.,0.5,
1.,0.5,1.)) REPRESENTATION_ITEM('') );
#7667 = CARTESIAN_POINT('',(8.5,-1.527868459781));
#7668 = CARTESIAN_POINT('',(8.5,1.070207751572));
#7669 = CARTESIAN_POINT('',(10.75,-0.228830354104));
#7670 = CARTESIAN_POINT('',(13.,-1.527868459781));
#7671 = CARTESIAN_POINT('',(10.75,-2.826906565458));
#7672 = CARTESIAN_POINT('',(8.5,-4.125944671134));
#7673 = CARTESIAN_POINT('',(8.5,-1.527868459781));
#7674 = ( GEOMETRIC_REPRESENTATION_CONTEXT(2) 
PARAMETRIC_REPRESENTATION_CONTEXT() REPRESENTATION_CONTEXT('2D SPACE',''
  ) );
#7675 = PCURVE('',#3377,#7676);
#7676 = DEFINITIONAL_REPRESENTATION('',(#7677),#7681);
#7677 = LINE('',#7678,#7679);
#7678 = CARTESIAN_POINT('',(0.,3.5));
#7679 = VECTOR('',#7680,1.);
#7680 = DIRECTION('',(1.,0.));
#7681 = ( GEOMETRIC_REPRESENTATION_CONTEXT(2) 
PARAMETRIC_REPRESENTATION_CONTEXT() REPRESENTATION_CONTEXT('2D SPACE',''
  ) );
#7682 = ORIENTED_EDGE('',*,*,#7683,.T.);
#7683 = EDGE_CURVE('',#7656,#7684,#7686,.T.);
#7684 = VERTEX_POINT('',#7685);
#7685 = CARTESIAN_POINT('',(-11.0541027033,-8.932822652558,8.));
#7686 = SURFACE_CURVE('',#7687,(#7692,#7703),.PCURVE_S1.);
#7687 = CIRCLE('',#7688,1.5);
#7688 = AXIS2_PLACEMENT_3D('',#7689,#7690,#7691);
#7689 = CARTESIAN_POINT('',(-10.,-10.,8.));
#7690 = DIRECTION('',(0.,0.,1.));
#7691 = DIRECTION('',(1.,0.,-0.));
#7692 = PCURVE('',#95,#7693);
#7693 = DEFINITIONAL_REPRESENTATION('',(#7694),#7702);
#7694 = ( BOUNDED_CURVE() B_SPLINE_CURVE(2,(#7695,#7696,#7697,#7698,
#7699,#7700,#7701),.UNSPECIFIED.,.T.,.F.) B_SPLINE_CURVE_WITH_KNOTS((1,2
    ,2,2,2,1),(-2.094395102393,0.,2.094395102393,4.188790204786,
6.28318530718,8.377580409573),.UNSPECIFIED.) CURVE() 
GEOMETRIC_REPRESENTATION_ITEM() RATIONAL_B_SPLINE_CURVE((1.,0.5,1.,0.5,
1.,0.5,1.)) REPRESENTATION_ITEM('') );
#7695 = CARTESIAN_POINT('',(8.5,-1.527868459781));
#7696 = CARTESIAN_POINT('',(8.5,1.070207751572));
#7697 = CARTESIAN_POINT('',(10.75,-0.228830354104));
#7698 = CARTESIAN_POINT('',(13.,-1.527868459781));
#7699 = CARTESIAN_POINT('',(10.75,-2.826906565458));
#7700 = CARTESIAN_POINT('',(8.5,-4.125944671134));
#7701 = CARTESIAN_POINT('',(8.5,-1.527868459781));
#7702 = ( GEOMETRIC_REPRESENTATION_CONTEXT(2) 
PARAMETRIC_REPRESENTATION_CONTEXT() REPRESENTATION_CONTEXT('2D SPACE',''
  ) );
#7703 = PCURVE('',#3410,#7704);
#7704 = DEFINITIONAL_REPRESENTATION('',(#7705),#7709);
#7705 = LINE('',#7706,#7707);
#7706 = CARTESIAN_POINT('',(0.,3.5));
#7707 = VECTOR('',#7708,1.);
#7708 = DIRECTION('',(1.,0.));
#7709 = ( GEOMETRIC_REPRESENTATION_CONTEXT(2) 
PARAMETRIC_REPRESENTATION_CONTEXT() REPRESENTATION_CONTEXT('2D SPACE',''
  ) );
#7710 = ORIENTED_EDGE('',*,*,#7711,.T.);
#7711 = EDGE_CURVE('',#7684,#7712,#7714,.T.);
#7712 = VERTEX_POINT('',#7713);
#7713 = CARTESIAN_POINT('',(-13.999999,-6.5,8.));
#7714 = SURFACE_CURVE('',#7715,(#7720,#7731),.PCURVE_S1.);
#7715 = CIRCLE('',#7716,2.999999);
#7716 = AXIS2_PLACEMENT_3D('',#7717,#7718,#7719);
#7717 = CARTESIAN_POINT('',(-13.999999,-9.499999,8.));
#7718 = DIRECTION('',(0.,0.,1.));
#7719 = DIRECTION('',(1.,0.,-0.));
#7720 = PCURVE('',#95,#7721);
#7721 = DEFINITIONAL_REPRESENTATION('',(#7722),#7730);
#7722 = ( BOUNDED_CURVE() B_SPLINE_CURVE(2,(#7723,#7724,#7725,#7726,
#7727,#7728,#7729),.UNSPECIFIED.,.T.,.F.) B_SPLINE_CURVE_WITH_KNOTS((1,2
    ,2,2,2,1),(-2.094395102393,0.,2.094395102393,4.188790204786,
6.28318530718,8.377580409573),.UNSPECIFIED.) CURVE() 
GEOMETRIC_REPRESENTATION_ITEM() RATIONAL_B_SPLINE_CURVE((1.,0.5,1.,0.5,
1.,0.5,1.)) REPRESENTATION_ITEM('') );
#7723 = CARTESIAN_POINT('',(11.,-1.027867459781));
#7724 = CARTESIAN_POINT('',(11.,4.168283230875));
#7725 = CARTESIAN_POINT('',(15.4999985,1.570207885547));
#7726 = CARTESIAN_POINT('',(19.999997,-1.027867459781));
#7727 = CARTESIAN_POINT('',(15.4999985,-3.625942805109));
#7728 = CARTESIAN_POINT('',(11.,-6.224018150437));
#7729 = CARTESIAN_POINT('',(11.,-1.027867459781));
#7730 = ( GEOMETRIC_REPRESENTATION_CONTEXT(2) 
PARAMETRIC_REPRESENTATION_CONTEXT() REPRESENTATION_CONTEXT('2D SPACE',''
  ) );
#7731 = PCURVE('',#3443,#7732);
#7732 = DEFINITIONAL_REPRESENTATION('',(#7733),#7737);
#7733 = LINE('',#7734,#7735);
#7734 = CARTESIAN_POINT('',(0.,3.5));
#7735 = VECTOR('',#7736,1.);
#7736 = DIRECTION('',(1.,0.));
#7737 = ( GEOMETRIC_REPRESENTATION_CONTEXT(2) 
PARAMETRIC_REPRESENTATION_CONTEXT() REPRESENTATION_CONTEXT('2D SPACE',''
  ) );
#7738 = ORIENTED_EDGE('',*,*,#7739,.F.);
#7739 = EDGE_CURVE('',#7740,#7712,#7742,.T.);
#7740 = VERTEX_POINT('',#7741);
#7741 = CARTESIAN_POINT('',(-14.000001,-6.5,8.));
#7742 = SURFACE_CURVE('',#7743,(#7747,#7753),.PCURVE_S1.);
#7743 = LINE('',#7744,#7745);
#7744 = CARTESIAN_POINT('',(-7.0000005,-6.5,8.));
#7745 = VECTOR('',#7746,1.);
#7746 = DIRECTION('',(1.,0.,-0.));
#7747 = PCURVE('',#95,#7748);
#7748 = DEFINITIONAL_REPRESENTATION('',(#7749),#7752);
#7749 = B_SPLINE_CURVE_WITH_KNOTS('',1,(#7750,#7751),.UNSPECIFIED.,.F.,
  .F.,(2,2),(-7.0000005,-6.9999985),.PIECEWISE_BEZIER_KNOTS.);
#7750 = CARTESIAN_POINT('',(14.000001,1.972131540219));
#7751 = CARTESIAN_POINT('',(13.999999,1.972131540219));
#7752 = ( GEOMETRIC_REPRESENTATION_CONTEXT(2) 
PARAMETRIC_REPRESENTATION_CONTEXT() REPRESENTATION_CONTEXT('2D SPACE',''
  ) );
#7753 = PCURVE('',#3470,#7754);
#7754 = DEFINITIONAL_REPRESENTATION('',(#7755),#7758);
#7755 = B_SPLINE_CURVE_WITH_KNOTS('',1,(#7756,#7757),.UNSPECIFIED.,.F.,
  .F.,(2,2),(-7.0000005,-6.9999985),.PIECEWISE_BEZIER_KNOTS.);
#7756 = CARTESIAN_POINT('',(3.5,0.));
#7757 = CARTESIAN_POINT('',(3.5,2.00000000028E-06));
#7758 = ( GEOMETRIC_REPRESENTATION_CONTEXT(2) 
PARAMETRIC_REPRESENTATION_CONTEXT() REPRESENTATION_CONTEXT('2D SPACE',''
  ) );
#7759 = ORIENTED_EDGE('',*,*,#7760,.T.);
#7760 = EDGE_CURVE('',#7740,#7761,#7763,.T.);
#7761 = VERTEX_POINT('',#7762);
#7762 = CARTESIAN_POINT('',(-17.,-9.499999,8.));
#7763 = SURFACE_CURVE('',#7764,(#7769,#7780),.PCURVE_S1.);
#7764 = CIRCLE('',#7765,2.999999);
#7765 = AXIS2_PLACEMENT_3D('',#7766,#7767,#7768);
#7766 = CARTESIAN_POINT('',(-14.000001,-9.499999,8.));
#7767 = DIRECTION('',(0.,0.,1.));
#7768 = DIRECTION('',(1.,0.,-0.));
#7769 = PCURVE('',#95,#7770);
#7770 = DEFINITIONAL_REPRESENTATION('',(#7771),#7779);
#7771 = ( BOUNDED_CURVE() B_SPLINE_CURVE(2,(#7772,#7773,#7774,#7775,
#7776,#7777,#7778),.UNSPECIFIED.,.T.,.F.) B_SPLINE_CURVE_WITH_KNOTS((1,2
    ,2,2,2,1),(-2.094395102393,0.,2.094395102393,4.188790204786,
6.28318530718,8.377580409573),.UNSPECIFIED.) CURVE() 
GEOMETRIC_REPRESENTATION_ITEM() RATIONAL_B_SPLINE_CURVE((1.,0.5,1.,0.5,
1.,0.5,1.)) REPRESENTATION_ITEM('') );
#7772 = CARTESIAN_POINT('',(11.000002,-1.027867459781));
#7773 = CARTESIAN_POINT('',(11.000002,4.168283230875));
#7774 = CARTESIAN_POINT('',(15.5000005,1.570207885547));
#7775 = CARTESIAN_POINT('',(19.999999,-1.027867459781));
#7776 = CARTESIAN_POINT('',(15.5000005,-3.625942805109));
#7777 = CARTESIAN_POINT('',(11.000002,-6.224018150437));
#7778 = CARTESIAN_POINT('',(11.000002,-1.027867459781));
#7779 = ( GEOMETRIC_REPRESENTATION_CONTEXT(2) 
PARAMETRIC_REPRESENTATION_CONTEXT() REPRESENTATION_CONTEXT('2D SPACE',''
  ) );
#7780 = PCURVE('',#3502,#7781);
#7781 = DEFINITIONAL_REPRESENTATION('',(#7782),#7786);
#7782 = LINE('',#7783,#7784);
#7783 = CARTESIAN_POINT('',(0.,3.5));
#7784 = VECTOR('',#7785,1.);
#7785 = DIRECTION('',(1.,0.));
#7786 = ( GEOMETRIC_REPRESENTATION_CONTEXT(2) 
PARAMETRIC_REPRESENTATION_CONTEXT() REPRESENTATION_CONTEXT('2D SPACE',''
  ) );
#7787 = ORIENTED_EDGE('',*,*,#7788,.T.);
#7788 = EDGE_CURVE('',#7761,#7507,#7789,.T.);
#7789 = SURFACE_CURVE('',#7790,(#7794,#7800),.PCURVE_S1.);
#7790 = LINE('',#7791,#7792);
#7791 = CARTESIAN_POINT('',(-17.,-13.48606627011,8.));
#7792 = VECTOR('',#7793,1.);
#7793 = DIRECTION('',(0.,-1.,0.));
#7794 = PCURVE('',#95,#7795);
#7795 = DEFINITIONAL_REPRESENTATION('',(#7796),#7799);
#7796 = B_SPLINE_CURVE_WITH_KNOTS('',1,(#7797,#7798),.UNSPECIFIED.,.F.,
  .F.,(2,2),(-3.98606727011,5.01393472989),.PIECEWISE_BEZIER_KNOTS.);
#7797 = CARTESIAN_POINT('',(17.,-1.027867459781));
#7798 = CARTESIAN_POINT('',(17.,-10.02786945978));
#7799 = ( GEOMETRIC_REPRESENTATION_CONTEXT(2) 
PARAMETRIC_REPRESENTATION_CONTEXT() REPRESENTATION_CONTEXT('2D SPACE',''
  ) );
#7800 = PCURVE('',#3527,#7801);
#7801 = DEFINITIONAL_REPRESENTATION('',(#7802),#7805);
#7802 = B_SPLINE_CURVE_WITH_KNOTS('',1,(#7803,#7804),.UNSPECIFIED.,.F.,
  .F.,(2,2),(-3.98606727011,5.01393472989),.PIECEWISE_BEZIER_KNOTS.);
#7803 = CARTESIAN_POINT('',(3.5,-9.000002));
#7804 = CARTESIAN_POINT('',(3.5,0.));
#7805 = ( GEOMETRIC_REPRESENTATION_CONTEXT(2) 
PARAMETRIC_REPRESENTATION_CONTEXT() REPRESENTATION_CONTEXT('2D SPACE',''
  ) );
#7806 = FACE_BOUND('',#7807,.F.);
#7807 = EDGE_LOOP('',(#7808));
#7808 = ORIENTED_EDGE('',*,*,#7809,.T.);
#7809 = EDGE_CURVE('',#7810,#7810,#7812,.T.);
#7810 = VERTEX_POINT('',#7811);
#7811 = CARTESIAN_POINT('',(-19.33333333333,-13.81926995981,8.));
#7812 = SURFACE_CURVE('',#7813,(#7818,#7829),.PCURVE_S1.);
#7813 = CIRCLE('',#7814,1.5);
#7814 = AXIS2_PLACEMENT_3D('',#7815,#7816,#7817);
#7815 = CARTESIAN_POINT('',(-20.83333333333,-13.81926995981,8.));
#7816 = DIRECTION('',(0.,0.,1.));
#7817 = DIRECTION('',(1.,0.,-0.));
#7818 = PCURVE('',#95,#7819);
#7819 = DEFINITIONAL_REPRESENTATION('',(#7820),#7828);
#7820 = ( BOUNDED_CURVE() B_SPLINE_CURVE(2,(#7821,#7822,#7823,#7824,
#7825,#7826,#7827),.UNSPECIFIED.,.T.,.F.) B_SPLINE_CURVE_WITH_KNOTS((1,2
    ,2,2,2,1),(-2.094395102393,0.,2.094395102393,4.188790204786,
6.28318530718,8.377580409573),.UNSPECIFIED.) CURVE() 
GEOMETRIC_REPRESENTATION_ITEM() RATIONAL_B_SPLINE_CURVE((1.,0.5,1.,0.5,
1.,0.5,1.)) REPRESENTATION_ITEM('') );
#7821 = CARTESIAN_POINT('',(19.333333333333,-5.347138419595));
#7822 = CARTESIAN_POINT('',(19.333333333333,-2.749062208242));
#7823 = CARTESIAN_POINT('',(21.583333333333,-4.048100313918));
#7824 = CARTESIAN_POINT('',(23.833333333333,-5.347138419595));
#7825 = CARTESIAN_POINT('',(21.583333333333,-6.646176525272));
#7826 = CARTESIAN_POINT('',(19.333333333333,-7.945214630948));
#7827 = CARTESIAN_POINT('',(19.333333333333,-5.347138419595));
#7828 = ( GEOMETRIC_REPRESENTATION_CONTEXT(2) 
PARAMETRIC_REPRESENTATION_CONTEXT() REPRESENTATION_CONTEXT('2D SPACE',''
  ) );
#7829 = PCURVE('',#3561,#7830);
#7830 = DEFINITIONAL_REPRESENTATION('',(#7831),#7835);
#7831 = LINE('',#7832,#7833);
#7832 = CARTESIAN_POINT('',(0.,3.5));
#7833 = VECTOR('',#7834,1.);
#7834 = DIRECTION('',(1.,0.));
#7835 = ( GEOMETRIC_REPRESENTATION_CONTEXT(2) 
PARAMETRIC_REPRESENTATION_CONTEXT() REPRESENTATION_CONTEXT('2D SPACE',''
  ) );
#7836 = FACE_BOUND('',#7837,.F.);
#7837 = EDGE_LOOP('',(#7838));
#7838 = ORIENTED_EDGE('',*,*,#7839,.T.);
#7839 = EDGE_CURVE('',#7840,#7840,#7842,.T.);
#7840 = VERTEX_POINT('',#7841);
#7841 = CARTESIAN_POINT('',(22.333333333333,13.819269959814,8.));
#7842 = SURFACE_CURVE('',#7843,(#7848,#7859),.PCURVE_S1.);
#7843 = CIRCLE('',#7844,1.5);
#7844 = AXIS2_PLACEMENT_3D('',#7845,#7846,#7847);
#7845 = CARTESIAN_POINT('',(20.833333333333,13.819269959814,8.));
#7846 = DIRECTION('',(0.,0.,1.));
#7847 = DIRECTION('',(1.,0.,-0.));
#7848 = PCURVE('',#95,#7849);
#7849 = DEFINITIONAL_REPRESENTATION('',(#7850),#7858);
#7850 = ( BOUNDED_CURVE() B_SPLINE_CURVE(2,(#7851,#7852,#7853,#7854,
#7855,#7856,#7857),.UNSPECIFIED.,.T.,.F.) B_SPLINE_CURVE_WITH_KNOTS((1,2
    ,2,2,2,1),(-2.094395102393,0.,2.094395102393,4.188790204786,
6.28318530718,8.377580409573),.UNSPECIFIED.) CURVE() 
GEOMETRIC_REPRESENTATION_ITEM() RATIONAL_B_SPLINE_CURVE((1.,0.5,1.,0.5,
1.,0.5,1.)) REPRESENTATION_ITEM('') );
#7851 = CARTESIAN_POINT('',(-22.33333333333,22.291401500033));
#7852 = CARTESIAN_POINT('',(-22.33333333333,24.889477711387));
#7853 = CARTESIAN_POINT('',(-20.08333333333,23.59043960571));
#7854 = CARTESIAN_POINT('',(-17.83333333333,22.291401500033));
#7855 = CARTESIAN_POINT('',(-20.08333333333,20.992363394357));
#7856 = CARTESIAN_POINT('',(-22.33333333333,19.69332528868));
#7857 = CARTESIAN_POINT('',(-22.33333333333,22.291401500033));
#7858 = ( GEOMETRIC_REPRESENTATION_CONTEXT(2) 
PARAMETRIC_REPRESENTATION_CONTEXT() REPRESENTATION_CONTEXT('2D SPACE',''
  ) );
#7859 = PCURVE('',#3596,#7860);
#7860 = DEFINITIONAL_REPRESENTATION('',(#7861),#7865);
#7861 = LINE('',#7862,#7863);
#7862 = CARTESIAN_POINT('',(0.,3.5));
#7863 = VECTOR('',#7864,1.);
#7864 = DIRECTION('',(1.,0.));
#7865 = ( GEOMETRIC_REPRESENTATION_CONTEXT(2) 
PARAMETRIC_REPRESENTATION_CONTEXT() REPRESENTATION_CONTEXT('2D SPACE',''
  ) );
#7866 = FACE_BOUND('',#7867,.F.);
#7867 = EDGE_LOOP('',(#7868,#7898,#7919,#7947,#7975,#7996,#8024,#8045,
    #8073,#8101,#8122,#8150));
#7868 = ORIENTED_EDGE('',*,*,#7869,.T.);
#7869 = EDGE_CURVE('',#7870,#7872,#7874,.T.);
#7870 = VERTEX_POINT('',#7871);
#7871 = CARTESIAN_POINT('',(13.999999,21.5,8.));
#7872 = VERTEX_POINT('',#7873);
#7873 = CARTESIAN_POINT('',(11.,18.500001,8.));
#7874 = SURFACE_CURVE('',#7875,(#7880,#7891),.PCURVE_S1.);
#7875 = CIRCLE('',#7876,2.999999);
#7876 = AXIS2_PLACEMENT_3D('',#7877,#7878,#7879);
#7877 = CARTESIAN_POINT('',(13.999999,18.500001,8.));
#7878 = DIRECTION('',(0.,0.,1.));
#7879 = DIRECTION('',(1.,0.,-0.));
#7880 = PCURVE('',#95,#7881);
#7881 = DEFINITIONAL_REPRESENTATION('',(#7882),#7890);
#7882 = ( BOUNDED_CURVE() B_SPLINE_CURVE(2,(#7883,#7884,#7885,#7886,
#7887,#7888,#7889),.UNSPECIFIED.,.T.,.F.) B_SPLINE_CURVE_WITH_KNOTS((1,2
    ,2,2,2,1),(-2.094395102393,0.,2.094395102393,4.188790204786,
6.28318530718,8.377580409573),.UNSPECIFIED.) CURVE() 
GEOMETRIC_REPRESENTATION_ITEM() RATIONAL_B_SPLINE_CURVE((1.,0.5,1.,0.5,
1.,0.5,1.)) REPRESENTATION_ITEM('') );
#7883 = CARTESIAN_POINT('',(-16.999998,26.972132540219));
#7884 = CARTESIAN_POINT('',(-16.999998,32.168283230875));
#7885 = CARTESIAN_POINT('',(-12.4999995,29.570207885547));
#7886 = CARTESIAN_POINT('',(-8.000001,26.972132540219));
#7887 = CARTESIAN_POINT('',(-12.4999995,24.374057194891));
#7888 = CARTESIAN_POINT('',(-16.999998,21.775981849563));
#7889 = CARTESIAN_POINT('',(-16.999998,26.972132540219));
#7890 = ( GEOMETRIC_REPRESENTATION_CONTEXT(2) 
PARAMETRIC_REPRESENTATION_CONTEXT() REPRESENTATION_CONTEXT('2D SPACE',''
  ) );
#7891 = PCURVE('',#3633,#7892);
#7892 = DEFINITIONAL_REPRESENTATION('',(#7893),#7897);
#7893 = LINE('',#7894,#7895);
#7894 = CARTESIAN_POINT('',(0.,3.5));
#7895 = VECTOR('',#7896,1.);
#7896 = DIRECTION('',(1.,0.));
#7897 = ( GEOMETRIC_REPRESENTATION_CONTEXT(2) 
PARAMETRIC_REPRESENTATION_CONTEXT() REPRESENTATION_CONTEXT('2D SPACE',''
  ) );
#7898 = ORIENTED_EDGE('',*,*,#7899,.T.);
#7899 = EDGE_CURVE('',#7872,#7900,#7902,.T.);
#7900 = VERTEX_POINT('',#7901);
#7901 = CARTESIAN_POINT('',(11.,11.11803398875,8.));
#7902 = SURFACE_CURVE('',#7903,(#7907,#7913),.PCURVE_S1.);
#7903 = LINE('',#7904,#7905);
#7904 = CARTESIAN_POINT('',(11.,0.51393372989,8.));
#7905 = VECTOR('',#7906,1.);
#7906 = DIRECTION('',(0.,-1.,0.));
#7907 = PCURVE('',#95,#7908);
#7908 = DEFINITIONAL_REPRESENTATION('',(#7909),#7912);
#7909 = B_SPLINE_CURVE_WITH_KNOTS('',1,(#7910,#7911),.UNSPECIFIED.,.F.,
  .F.,(2,2),(-17.98606727011,-8.98606527011),.PIECEWISE_BEZIER_KNOTS.);
#7910 = CARTESIAN_POINT('',(-11.,26.972132540219));
#7911 = CARTESIAN_POINT('',(-11.,17.972130540219));
#7912 = ( GEOMETRIC_REPRESENTATION_CONTEXT(2) 
PARAMETRIC_REPRESENTATION_CONTEXT() REPRESENTATION_CONTEXT('2D SPACE',''
  ) );
#7913 = PCURVE('',#3660,#7914);
#7914 = DEFINITIONAL_REPRESENTATION('',(#7915),#7918);
#7915 = B_SPLINE_CURVE_WITH_KNOTS('',1,(#7916,#7917),.UNSPECIFIED.,.F.,
  .F.,(2,2),(-17.98606727011,-8.98606527011),.PIECEWISE_BEZIER_KNOTS.);
#7916 = CARTESIAN_POINT('',(3.5,-9.000002));
#7917 = CARTESIAN_POINT('',(3.5,0.));
#7918 = ( GEOMETRIC_REPRESENTATION_CONTEXT(2) 
PARAMETRIC_REPRESENTATION_CONTEXT() REPRESENTATION_CONTEXT('2D SPACE',''
  ) );
#7919 = ORIENTED_EDGE('',*,*,#7920,.T.);
#7920 = EDGE_CURVE('',#7900,#7921,#7923,.T.);
#7921 = VERTEX_POINT('',#7922);
#7922 = CARTESIAN_POINT('',(11.054102703301,8.932822652558,8.));
#7923 = SURFACE_CURVE('',#7924,(#7929,#7940),.PCURVE_S1.);
#7924 = CIRCLE('',#7925,1.5);
#7925 = AXIS2_PLACEMENT_3D('',#7926,#7927,#7928);
#7926 = CARTESIAN_POINT('',(10.,10.,8.));
#7927 = DIRECTION('',(0.,0.,1.));
#7928 = DIRECTION('',(1.,0.,-0.));
#7929 = PCURVE('',#95,#7930);
#7930 = DEFINITIONAL_REPRESENTATION('',(#7931),#7939);
#7931 = ( BOUNDED_CURVE() B_SPLINE_CURVE(2,(#7932,#7933,#7934,#7935,
#7936,#7937,#7938),.UNSPECIFIED.,.T.,.F.) B_SPLINE_CURVE_WITH_KNOTS((1,2
    ,2,2,2,1),(-2.094395102393,0.,2.094395102393,4.188790204786,
6.28318530718,8.377580409573),.UNSPECIFIED.) CURVE() 
GEOMETRIC_REPRESENTATION_ITEM() RATIONAL_B_SPLINE_CURVE((1.,0.5,1.,0.5,
1.,0.5,1.)) REPRESENTATION_ITEM('') );
#7932 = CARTESIAN_POINT('',(-11.5,18.472131540219));
#7933 = CARTESIAN_POINT('',(-11.5,21.070207751572));
#7934 = CARTESIAN_POINT('',(-9.25,19.771169645896));
#7935 = CARTESIAN_POINT('',(-7.,18.472131540219));
#7936 = CARTESIAN_POINT('',(-9.25,17.173093434542));
#7937 = CARTESIAN_POINT('',(-11.5,15.874055328866));
#7938 = CARTESIAN_POINT('',(-11.5,18.472131540219));
#7939 = ( GEOMETRIC_REPRESENTATION_CONTEXT(2) 
PARAMETRIC_REPRESENTATION_CONTEXT() REPRESENTATION_CONTEXT('2D SPACE',''
  ) );
#7940 = PCURVE('',#3692,#7941);
#7941 = DEFINITIONAL_REPRESENTATION('',(#7942),#7946);
#7942 = LINE('',#7943,#7944);
#7943 = CARTESIAN_POINT('',(0.,3.5));
#7944 = VECTOR('',#7945,1.);
#7945 = DIRECTION('',(1.,0.));
#7946 = ( GEOMETRIC_REPRESENTATION_CONTEXT(2) 
PARAMETRIC_REPRESENTATION_CONTEXT() REPRESENTATION_CONTEXT('2D SPACE',''
  ) );
#7947 = ORIENTED_EDGE('',*,*,#7948,.T.);
#7948 = EDGE_CURVE('',#7921,#7949,#7951,.T.);
#7949 = VERTEX_POINT('',#7950);
#7950 = CARTESIAN_POINT('',(13.999999,6.5,8.));
#7951 = SURFACE_CURVE('',#7952,(#7957,#7968),.PCURVE_S1.);
#7952 = CIRCLE('',#7953,2.999999);
#7953 = AXIS2_PLACEMENT_3D('',#7954,#7955,#7956);
#7954 = CARTESIAN_POINT('',(13.999999,9.499999,8.));
#7955 = DIRECTION('',(0.,0.,1.));
#7956 = DIRECTION('',(1.,0.,-0.));
#7957 = PCURVE('',#95,#7958);
#7958 = DEFINITIONAL_REPRESENTATION('',(#7959),#7967);
#7959 = ( BOUNDED_CURVE() B_SPLINE_CURVE(2,(#7960,#7961,#7962,#7963,
#7964,#7965,#7966),.UNSPECIFIED.,.T.,.F.) B_SPLINE_CURVE_WITH_KNOTS((1,2
    ,2,2,2,1),(-2.094395102393,0.,2.094395102393,4.188790204786,
6.28318530718,8.377580409573),.UNSPECIFIED.) CURVE() 
GEOMETRIC_REPRESENTATION_ITEM() RATIONAL_B_SPLINE_CURVE((1.,0.5,1.,0.5,
1.,0.5,1.)) REPRESENTATION_ITEM('') );
#7960 = CARTESIAN_POINT('',(-16.999998,17.972130540219));
#7961 = CARTESIAN_POINT('',(-16.999998,23.168281230875));
#7962 = CARTESIAN_POINT('',(-12.4999995,20.570205885547));
#7963 = CARTESIAN_POINT('',(-8.000001,17.972130540219));
#7964 = CARTESIAN_POINT('',(-12.4999995,15.374055194891));
#7965 = CARTESIAN_POINT('',(-16.999998,12.775979849563));
#7966 = CARTESIAN_POINT('',(-16.999998,17.972130540219));
#7967 = ( GEOMETRIC_REPRESENTATION_CONTEXT(2) 
PARAMETRIC_REPRESENTATION_CONTEXT() REPRESENTATION_CONTEXT('2D SPACE',''
  ) );
#7968 = PCURVE('',#3725,#7969);
#7969 = DEFINITIONAL_REPRESENTATION('',(#7970),#7974);
#7970 = LINE('',#7971,#7972);
#7971 = CARTESIAN_POINT('',(0.,3.5));
#7972 = VECTOR('',#7973,1.);
#7973 = DIRECTION('',(1.,0.));
#7974 = ( GEOMETRIC_REPRESENTATION_CONTEXT(2) 
PARAMETRIC_REPRESENTATION_CONTEXT() REPRESENTATION_CONTEXT('2D SPACE',''
  ) );
#7975 = ORIENTED_EDGE('',*,*,#7976,.T.);
#7976 = EDGE_CURVE('',#7949,#7977,#7979,.T.);
#7977 = VERTEX_POINT('',#7978);
#7978 = CARTESIAN_POINT('',(14.000001,6.5,8.));
#7979 = SURFACE_CURVE('',#7980,(#7984,#7990),.PCURVE_S1.);
#7980 = LINE('',#7981,#7982);
#7981 = CARTESIAN_POINT('',(6.9999995,6.5,8.));
#7982 = VECTOR('',#7983,1.);
#7983 = DIRECTION('',(1.,0.,-0.));
#7984 = PCURVE('',#95,#7985);
#7985 = DEFINITIONAL_REPRESENTATION('',(#7986),#7989);
#7986 = B_SPLINE_CURVE_WITH_KNOTS('',1,(#7987,#7988),.UNSPECIFIED.,.F.,
  .F.,(2,2),(6.9999995,7.0000015),.PIECEWISE_BEZIER_KNOTS.);
#7987 = CARTESIAN_POINT('',(-13.999999,14.972131540219));
#7988 = CARTESIAN_POINT('',(-14.000001,14.972131540219));
#7989 = ( GEOMETRIC_REPRESENTATION_CONTEXT(2) 
PARAMETRIC_REPRESENTATION_CONTEXT() REPRESENTATION_CONTEXT('2D SPACE',''
  ) );
#7990 = PCURVE('',#3752,#7991);
#7991 = DEFINITIONAL_REPRESENTATION('',(#7992),#7995);
#7992 = B_SPLINE_CURVE_WITH_KNOTS('',1,(#7993,#7994),.UNSPECIFIED.,.F.,
  .F.,(2,2),(6.9999995,7.0000015),.PIECEWISE_BEZIER_KNOTS.);
#7993 = CARTESIAN_POINT('',(3.5,0.));
#7994 = CARTESIAN_POINT('',(3.5,2.00000000028E-06));
#7995 = ( GEOMETRIC_REPRESENTATION_CONTEXT(2) 
PARAMETRIC_REPRESENTATION_CONTEXT() REPRESENTATION_CONTEXT('2D SPACE',''
  ) );
#7996 = ORIENTED_EDGE('',*,*,#7997,.T.);
#7997 = EDGE_CURVE('',#7977,#7998,#8000,.T.);
#7998 = VERTEX_POINT('',#7999);
#7999 = CARTESIAN_POINT('',(17.,9.499999,8.));
#8000 = SURFACE_CURVE('',#8001,(#8006,#8017),.PCURVE_S1.);
#8001 = CIRCLE('',#8002,2.999999);
#8002 = AXIS2_PLACEMENT_3D('',#8003,#8004,#8005);
#8003 = CARTESIAN_POINT('',(14.000001,9.499999,8.));
#8004 = DIRECTION('',(0.,0.,1.));
#8005 = DIRECTION('',(1.,0.,-0.));
#8006 = PCURVE('',#95,#8007);
#8007 = DEFINITIONAL_REPRESENTATION('',(#8008),#8016);
#8008 = ( BOUNDED_CURVE() B_SPLINE_CURVE(2,(#8009,#8010,#8011,#8012,
#8013,#8014,#8015),.UNSPECIFIED.,.T.,.F.) B_SPLINE_CURVE_WITH_KNOTS((1,2
    ,2,2,2,1),(-2.094395102393,0.,2.094395102393,4.188790204786,
6.28318530718,8.377580409573),.UNSPECIFIED.) CURVE() 
GEOMETRIC_REPRESENTATION_ITEM() RATIONAL_B_SPLINE_CURVE((1.,0.5,1.,0.5,
1.,0.5,1.)) REPRESENTATION_ITEM('') );
#8009 = CARTESIAN_POINT('',(-17.,17.972130540219));
#8010 = CARTESIAN_POINT('',(-17.,23.168281230875));
#8011 = CARTESIAN_POINT('',(-12.5000015,20.570205885547));
#8012 = CARTESIAN_POINT('',(-8.000003,17.972130540219));
#8013 = CARTESIAN_POINT('',(-12.5000015,15.374055194891));
#8014 = CARTESIAN_POINT('',(-17.,12.775979849563));
#8015 = CARTESIAN_POINT('',(-17.,17.972130540219));
#8016 = ( GEOMETRIC_REPRESENTATION_CONTEXT(2) 
PARAMETRIC_REPRESENTATION_CONTEXT() REPRESENTATION_CONTEXT('2D SPACE',''
  ) );
#8017 = PCURVE('',#3784,#8018);
#8018 = DEFINITIONAL_REPRESENTATION('',(#8019),#8023);
#8019 = LINE('',#8020,#8021);
#8020 = CARTESIAN_POINT('',(0.,3.5));
#8021 = VECTOR('',#8022,1.);
#8022 = DIRECTION('',(1.,0.));
#8023 = ( GEOMETRIC_REPRESENTATION_CONTEXT(2) 
PARAMETRIC_REPRESENTATION_CONTEXT() REPRESENTATION_CONTEXT('2D SPACE',''
  ) );
#8024 = ORIENTED_EDGE('',*,*,#8025,.F.);
#8025 = EDGE_CURVE('',#8026,#7998,#8028,.T.);
#8026 = VERTEX_POINT('',#8027);
#8027 = CARTESIAN_POINT('',(17.,9.559836127877,8.));
#8028 = SURFACE_CURVE('',#8029,(#8033,#8039),.PCURVE_S1.);
#8029 = LINE('',#8030,#8031);
#8030 = CARTESIAN_POINT('',(17.,0.51393372989,8.));
#8031 = VECTOR('',#8032,1.);
#8032 = DIRECTION('',(0.,-1.,0.));
#8033 = PCURVE('',#95,#8034);
#8034 = DEFINITIONAL_REPRESENTATION('',(#8035),#8038);
#8035 = B_SPLINE_CURVE_WITH_KNOTS('',1,(#8036,#8037),.UNSPECIFIED.,.F.,
  .F.,(2,2),(-17.98606727011,-8.98606527011),.PIECEWISE_BEZIER_KNOTS.);
#8036 = CARTESIAN_POINT('',(-17.,26.972132540219));
#8037 = CARTESIAN_POINT('',(-17.,17.972130540219));
#8038 = ( GEOMETRIC_REPRESENTATION_CONTEXT(2) 
PARAMETRIC_REPRESENTATION_CONTEXT() REPRESENTATION_CONTEXT('2D SPACE',''
  ) );
#8039 = PCURVE('',#3811,#8040);
#8040 = DEFINITIONAL_REPRESENTATION('',(#8041),#8044);
#8041 = B_SPLINE_CURVE_WITH_KNOTS('',1,(#8042,#8043),.UNSPECIFIED.,.F.,
  .F.,(2,2),(-17.98606727011,-8.98606527011),.PIECEWISE_BEZIER_KNOTS.);
#8042 = CARTESIAN_POINT('',(3.5,-9.000002));
#8043 = CARTESIAN_POINT('',(3.5,0.));
#8044 = ( GEOMETRIC_REPRESENTATION_CONTEXT(2) 
PARAMETRIC_REPRESENTATION_CONTEXT() REPRESENTATION_CONTEXT('2D SPACE',''
  ) );
#8045 = ORIENTED_EDGE('',*,*,#8046,.T.);
#8046 = EDGE_CURVE('',#8026,#8047,#8049,.T.);
#8047 = VERTEX_POINT('',#8048);
#8048 = CARTESIAN_POINT('',(17.333333333333,10.502645169459,8.));
#8049 = SURFACE_CURVE('',#8050,(#8055,#8066),.PCURVE_S1.);
#8050 = CIRCLE('',#8051,1.5);
#8051 = AXIS2_PLACEMENT_3D('',#8052,#8053,#8054);
#8052 = CARTESIAN_POINT('',(15.833333333333,10.502645169459,8.));
#8053 = DIRECTION('',(0.,0.,1.));
#8054 = DIRECTION('',(1.,0.,-0.));
#8055 = PCURVE('',#95,#8056);
#8056 = DEFINITIONAL_REPRESENTATION('',(#8057),#8065);
#8057 = ( BOUNDED_CURVE() B_SPLINE_CURVE(2,(#8058,#8059,#8060,#8061,
#8062,#8063,#8064),.UNSPECIFIED.,.T.,.F.) B_SPLINE_CURVE_WITH_KNOTS((1,2
    ,2,2,2,1),(-2.094395102393,0.,2.094395102393,4.188790204786,
6.28318530718,8.377580409573),.UNSPECIFIED.) CURVE() 
GEOMETRIC_REPRESENTATION_ITEM() RATIONAL_B_SPLINE_CURVE((1.,0.5,1.,0.5,
1.,0.5,1.)) REPRESENTATION_ITEM('') );
#8058 = CARTESIAN_POINT('',(-17.33333333333,18.974776709678));
#8059 = CARTESIAN_POINT('',(-17.33333333333,21.572852921031));
#8060 = CARTESIAN_POINT('',(-15.08333333333,20.273814815355));
#8061 = CARTESIAN_POINT('',(-12.83333333333,18.974776709678));
#8062 = CARTESIAN_POINT('',(-15.08333333333,17.675738604001));
#8063 = CARTESIAN_POINT('',(-17.33333333333,16.376700498325));
#8064 = CARTESIAN_POINT('',(-17.33333333333,18.974776709678));
#8065 = ( GEOMETRIC_REPRESENTATION_CONTEXT(2) 
PARAMETRIC_REPRESENTATION_CONTEXT() REPRESENTATION_CONTEXT('2D SPACE',''
  ) );
#8066 = PCURVE('',#3843,#8067);
#8067 = DEFINITIONAL_REPRESENTATION('',(#8068),#8072);
#8068 = LINE('',#8069,#8070);
#8069 = CARTESIAN_POINT('',(0.,3.5));
#8070 = VECTOR('',#8071,1.);
#8071 = DIRECTION('',(1.,0.));
#8072 = ( GEOMETRIC_REPRESENTATION_CONTEXT(2) 
PARAMETRIC_REPRESENTATION_CONTEXT() REPRESENTATION_CONTEXT('2D SPACE',''
  ) );
#8073 = ORIENTED_EDGE('',*,*,#8074,.T.);
#8074 = EDGE_CURVE('',#8047,#8075,#8077,.T.);
#8075 = VERTEX_POINT('',#8076);
#8076 = CARTESIAN_POINT('',(17.,11.445454211041,8.));
#8077 = SURFACE_CURVE('',#8078,(#8083,#8094),.PCURVE_S1.);
#8078 = CIRCLE('',#8079,1.5);
#8079 = AXIS2_PLACEMENT_3D('',#8080,#8081,#8082);
#8080 = CARTESIAN_POINT('',(15.833333333333,10.502645169459,8.));
#8081 = DIRECTION('',(0.,0.,1.));
#8082 = DIRECTION('',(1.,0.,-0.));
#8083 = PCURVE('',#95,#8084);
#8084 = DEFINITIONAL_REPRESENTATION('',(#8085),#8093);
#8085 = ( BOUNDED_CURVE() B_SPLINE_CURVE(2,(#8086,#8087,#8088,#8089,
#8090,#8091,#8092),.UNSPECIFIED.,.T.,.F.) B_SPLINE_CURVE_WITH_KNOTS((1,2
    ,2,2,2,1),(-2.094395102393,0.,2.094395102393,4.188790204786,
6.28318530718,8.377580409573),.UNSPECIFIED.) CURVE() 
GEOMETRIC_REPRESENTATION_ITEM() RATIONAL_B_SPLINE_CURVE((1.,0.5,1.,0.5,
1.,0.5,1.)) REPRESENTATION_ITEM('') );
#8086 = CARTESIAN_POINT('',(-17.33333333333,18.974776709678));
#8087 = CARTESIAN_POINT('',(-17.33333333333,21.572852921031));
#8088 = CARTESIAN_POINT('',(-15.08333333333,20.273814815355));
#8089 = CARTESIAN_POINT('',(-12.83333333333,18.974776709678));
#8090 = CARTESIAN_POINT('',(-15.08333333333,17.675738604001));
#8091 = CARTESIAN_POINT('',(-17.33333333333,16.376700498325));
#8092 = CARTESIAN_POINT('',(-17.33333333333,18.974776709678));
#8093 = ( GEOMETRIC_REPRESENTATION_CONTEXT(2) 
PARAMETRIC_REPRESENTATION_CONTEXT() REPRESENTATION_CONTEXT('2D SPACE',''
  ) );
#8094 = PCURVE('',#3876,#8095);
#8095 = DEFINITIONAL_REPRESENTATION('',(#8096),#8100);
#8096 = LINE('',#8097,#8098);
#8097 = CARTESIAN_POINT('',(0.,3.5));
#8098 = VECTOR('',#8099,1.);
#8099 = DIRECTION('',(1.,0.));
#8100 = ( GEOMETRIC_REPRESENTATION_CONTEXT(2) 
PARAMETRIC_REPRESENTATION_CONTEXT() REPRESENTATION_CONTEXT('2D SPACE',''
  ) );
#8101 = ORIENTED_EDGE('',*,*,#8102,.F.);
#8102 = EDGE_CURVE('',#8103,#8075,#8105,.T.);
#8103 = VERTEX_POINT('',#8104);
#8104 = CARTESIAN_POINT('',(17.,18.500001,8.));
#8105 = SURFACE_CURVE('',#8106,(#8110,#8116),.PCURVE_S1.);
#8106 = LINE('',#8107,#8108);
#8107 = CARTESIAN_POINT('',(17.,0.51393372989,8.));
#8108 = VECTOR('',#8109,1.);
#8109 = DIRECTION('',(0.,-1.,0.));
#8110 = PCURVE('',#95,#8111);
#8111 = DEFINITIONAL_REPRESENTATION('',(#8112),#8115);
#8112 = B_SPLINE_CURVE_WITH_KNOTS('',1,(#8113,#8114),.UNSPECIFIED.,.F.,
  .F.,(2,2),(-17.98606727011,-8.98606527011),.PIECEWISE_BEZIER_KNOTS.);
#8113 = CARTESIAN_POINT('',(-17.,26.972132540219));
#8114 = CARTESIAN_POINT('',(-17.,17.972130540219));
#8115 = ( GEOMETRIC_REPRESENTATION_CONTEXT(2) 
PARAMETRIC_REPRESENTATION_CONTEXT() REPRESENTATION_CONTEXT('2D SPACE',''
  ) );
#8116 = PCURVE('',#3903,#8117);
#8117 = DEFINITIONAL_REPRESENTATION('',(#8118),#8121);
#8118 = B_SPLINE_CURVE_WITH_KNOTS('',1,(#8119,#8120),.UNSPECIFIED.,.F.,
  .F.,(2,2),(-17.98606727011,-8.98606527011),.PIECEWISE_BEZIER_KNOTS.);
#8119 = CARTESIAN_POINT('',(3.5,-9.000002));
#8120 = CARTESIAN_POINT('',(3.5,0.));
#8121 = ( GEOMETRIC_REPRESENTATION_CONTEXT(2) 
PARAMETRIC_REPRESENTATION_CONTEXT() REPRESENTATION_CONTEXT('2D SPACE',''
  ) );
#8122 = ORIENTED_EDGE('',*,*,#8123,.T.);
#8123 = EDGE_CURVE('',#8103,#8124,#8126,.T.);
#8124 = VERTEX_POINT('',#8125);
#8125 = CARTESIAN_POINT('',(14.000001,21.5,8.));
#8126 = SURFACE_CURVE('',#8127,(#8132,#8143),.PCURVE_S1.);
#8127 = CIRCLE('',#8128,2.999999);
#8128 = AXIS2_PLACEMENT_3D('',#8129,#8130,#8131);
#8129 = CARTESIAN_POINT('',(14.000001,18.500001,8.));
#8130 = DIRECTION('',(0.,0.,1.));
#8131 = DIRECTION('',(1.,0.,-0.));
#8132 = PCURVE('',#95,#8133);
#8133 = DEFINITIONAL_REPRESENTATION('',(#8134),#8142);
#8134 = ( BOUNDED_CURVE() B_SPLINE_CURVE(2,(#8135,#8136,#8137,#8138,
#8139,#8140,#8141),.UNSPECIFIED.,.T.,.F.) B_SPLINE_CURVE_WITH_KNOTS((1,2
    ,2,2,2,1),(-2.094395102393,0.,2.094395102393,4.188790204786,
6.28318530718,8.377580409573),.UNSPECIFIED.) CURVE() 
GEOMETRIC_REPRESENTATION_ITEM() RATIONAL_B_SPLINE_CURVE((1.,0.5,1.,0.5,
1.,0.5,1.)) REPRESENTATION_ITEM('') );
#8135 = CARTESIAN_POINT('',(-17.,26.972132540219));
#8136 = CARTESIAN_POINT('',(-17.,32.168283230875));
#8137 = CARTESIAN_POINT('',(-12.5000015,29.570207885547));
#8138 = CARTESIAN_POINT('',(-8.000003,26.972132540219));
#8139 = CARTESIAN_POINT('',(-12.5000015,24.374057194891));
#8140 = CARTESIAN_POINT('',(-17.,21.775981849563));
#8141 = CARTESIAN_POINT('',(-17.,26.972132540219));
#8142 = ( GEOMETRIC_REPRESENTATION_CONTEXT(2) 
PARAMETRIC_REPRESENTATION_CONTEXT() REPRESENTATION_CONTEXT('2D SPACE',''
  ) );
#8143 = PCURVE('',#3935,#8144);
#8144 = DEFINITIONAL_REPRESENTATION('',(#8145),#8149);
#8145 = LINE('',#8146,#8147);
#8146 = CARTESIAN_POINT('',(0.,3.5));
#8147 = VECTOR('',#8148,1.);
#8148 = DIRECTION('',(1.,0.));
#8149 = ( GEOMETRIC_REPRESENTATION_CONTEXT(2) 
PARAMETRIC_REPRESENTATION_CONTEXT() REPRESENTATION_CONTEXT('2D SPACE',''
  ) );
#8150 = ORIENTED_EDGE('',*,*,#8151,.F.);
#8151 = EDGE_CURVE('',#7870,#8124,#8152,.T.);
#8152 = SURFACE_CURVE('',#8153,(#8157,#8163),.PCURVE_S1.);
#8153 = LINE('',#8154,#8155);
#8154 = CARTESIAN_POINT('',(6.9999995,21.5,8.));
#8155 = VECTOR('',#8156,1.);
#8156 = DIRECTION('',(1.,0.,-0.));
#8157 = PCURVE('',#95,#8158);
#8158 = DEFINITIONAL_REPRESENTATION('',(#8159),#8162);
#8159 = B_SPLINE_CURVE_WITH_KNOTS('',1,(#8160,#8161),.UNSPECIFIED.,.F.,
  .F.,(2,2),(6.9999995,7.0000015),.PIECEWISE_BEZIER_KNOTS.);
#8160 = CARTESIAN_POINT('',(-13.999999,29.972131540219));
#8161 = CARTESIAN_POINT('',(-14.000001,29.972131540219));
#8162 = ( GEOMETRIC_REPRESENTATION_CONTEXT(2) 
PARAMETRIC_REPRESENTATION_CONTEXT() REPRESENTATION_CONTEXT('2D SPACE',''
  ) );
#8163 = PCURVE('',#3960,#8164);
#8164 = DEFINITIONAL_REPRESENTATION('',(#8165),#8168);
#8165 = B_SPLINE_CURVE_WITH_KNOTS('',1,(#8166,#8167),.UNSPECIFIED.,.F.,
  .F.,(2,2),(6.9999995,7.0000015),.PIECEWISE_BEZIER_KNOTS.);
#8166 = CARTESIAN_POINT('',(3.5,0.));
#8167 = CARTESIAN_POINT('',(3.5,2.00000000028E-06));
#8168 = ( GEOMETRIC_REPRESENTATION_CONTEXT(2) 
PARAMETRIC_REPRESENTATION_CONTEXT() REPRESENTATION_CONTEXT('2D SPACE',''
  ) );
#8169 = FACE_BOUND('',#8170,.F.);
#8170 = EDGE_LOOP('',(#8171,#8201,#8229,#8257));
#8171 = ORIENTED_EDGE('',*,*,#8172,.T.);
#8172 = EDGE_CURVE('',#8173,#8175,#8177,.T.);
#8173 = VERTEX_POINT('',#8174);
#8174 = CARTESIAN_POINT('',(14.414213562373,25.5,8.));
#8175 = VERTEX_POINT('',#8176);
#8176 = CARTESIAN_POINT('',(14.5,26.,8.));
#8177 = SURFACE_CURVE('',#8178,(#8183,#8194),.PCURVE_S1.);
#8178 = CIRCLE('',#8179,1.5);
#8179 = AXIS2_PLACEMENT_3D('',#8180,#8181,#8182);
#8180 = CARTESIAN_POINT('',(13.,26.,8.));
#8181 = DIRECTION('',(0.,0.,1.));
#8182 = DIRECTION('',(1.,0.,-0.));
#8183 = PCURVE('',#95,#8184);
#8184 = DEFINITIONAL_REPRESENTATION('',(#8185),#8193);
#8185 = ( BOUNDED_CURVE() B_SPLINE_CURVE(2,(#8186,#8187,#8188,#8189,
#8190,#8191,#8192),.UNSPECIFIED.,.T.,.F.) B_SPLINE_CURVE_WITH_KNOTS((1,2
    ,2,2,2,1),(-2.094395102393,0.,2.094395102393,4.188790204786,
6.28318530718,8.377580409573),.UNSPECIFIED.) CURVE() 
GEOMETRIC_REPRESENTATION_ITEM() RATIONAL_B_SPLINE_CURVE((1.,0.5,1.,0.5,
1.,0.5,1.)) REPRESENTATION_ITEM('') );
#8186 = CARTESIAN_POINT('',(-14.5,34.472131540219));
#8187 = CARTESIAN_POINT('',(-14.5,37.070207751572));
#8188 = CARTESIAN_POINT('',(-12.25,35.771169645896));
#8189 = CARTESIAN_POINT('',(-10.,34.472131540219));
#8190 = CARTESIAN_POINT('',(-12.25,33.173093434542));
#8191 = CARTESIAN_POINT('',(-14.5,31.874055328866));
#8192 = CARTESIAN_POINT('',(-14.5,34.472131540219));
#8193 = ( GEOMETRIC_REPRESENTATION_CONTEXT(2) 
PARAMETRIC_REPRESENTATION_CONTEXT() REPRESENTATION_CONTEXT('2D SPACE',''
  ) );
#8194 = PCURVE('',#3996,#8195);
#8195 = DEFINITIONAL_REPRESENTATION('',(#8196),#8200);
#8196 = LINE('',#8197,#8198);
#8197 = CARTESIAN_POINT('',(0.,3.5));
#8198 = VECTOR('',#8199,1.);
#8199 = DIRECTION('',(1.,0.));
#8200 = ( GEOMETRIC_REPRESENTATION_CONTEXT(2) 
PARAMETRIC_REPRESENTATION_CONTEXT() REPRESENTATION_CONTEXT('2D SPACE',''
  ) );
#8201 = ORIENTED_EDGE('',*,*,#8202,.T.);
#8202 = EDGE_CURVE('',#8175,#8203,#8205,.T.);
#8203 = VERTEX_POINT('',#8204);
#8204 = CARTESIAN_POINT('',(11.585786437627,25.5,8.));
#8205 = SURFACE_CURVE('',#8206,(#8211,#8222),.PCURVE_S1.);
#8206 = CIRCLE('',#8207,1.5);
#8207 = AXIS2_PLACEMENT_3D('',#8208,#8209,#8210);
#8208 = CARTESIAN_POINT('',(13.,26.,8.));
#8209 = DIRECTION('',(0.,0.,1.));
#8210 = DIRECTION('',(1.,0.,-0.));
#8211 = PCURVE('',#95,#8212);
#8212 = DEFINITIONAL_REPRESENTATION('',(#8213),#8221);
#8213 = ( BOUNDED_CURVE() B_SPLINE_CURVE(2,(#8214,#8215,#8216,#8217,
#8218,#8219,#8220),.UNSPECIFIED.,.T.,.F.) B_SPLINE_CURVE_WITH_KNOTS((1,2
    ,2,2,2,1),(-2.094395102393,0.,2.094395102393,4.188790204786,
6.28318530718,8.377580409573),.UNSPECIFIED.) CURVE() 
GEOMETRIC_REPRESENTATION_ITEM() RATIONAL_B_SPLINE_CURVE((1.,0.5,1.,0.5,
1.,0.5,1.)) REPRESENTATION_ITEM('') );
#8214 = CARTESIAN_POINT('',(-14.5,34.472131540219));
#8215 = CARTESIAN_POINT('',(-14.5,37.070207751572));
#8216 = CARTESIAN_POINT('',(-12.25,35.771169645896));
#8217 = CARTESIAN_POINT('',(-10.,34.472131540219));
#8218 = CARTESIAN_POINT('',(-12.25,33.173093434542));
#8219 = CARTESIAN_POINT('',(-14.5,31.874055328866));
#8220 = CARTESIAN_POINT('',(-14.5,34.472131540219));
#8221 = ( GEOMETRIC_REPRESENTATION_CONTEXT(2) 
PARAMETRIC_REPRESENTATION_CONTEXT() REPRESENTATION_CONTEXT('2D SPACE',''
  ) );
#8222 = PCURVE('',#4029,#8223);
#8223 = DEFINITIONAL_REPRESENTATION('',(#8224),#8228);
#8224 = LINE('',#8225,#8226);
#8225 = CARTESIAN_POINT('',(0.,3.5));
#8226 = VECTOR('',#8227,1.);
#8227 = DIRECTION('',(1.,0.));
#8228 = ( GEOMETRIC_REPRESENTATION_CONTEXT(2) 
PARAMETRIC_REPRESENTATION_CONTEXT() REPRESENTATION_CONTEXT('2D SPACE',''
  ) );
#8229 = ORIENTED_EDGE('',*,*,#8230,.T.);
#8230 = EDGE_CURVE('',#8203,#8231,#8233,.T.);
#8231 = VERTEX_POINT('',#8232);
#8232 = CARTESIAN_POINT('',(14.5,25.,8.));
#8233 = SURFACE_CURVE('',#8234,(#8239,#8250),.PCURVE_S1.);
#8234 = CIRCLE('',#8235,1.5);
#8235 = AXIS2_PLACEMENT_3D('',#8236,#8237,#8238);
#8236 = CARTESIAN_POINT('',(13.,25.,8.));
#8237 = DIRECTION('',(0.,0.,1.));
#8238 = DIRECTION('',(1.,0.,-0.));
#8239 = PCURVE('',#95,#8240);
#8240 = DEFINITIONAL_REPRESENTATION('',(#8241),#8249);
#8241 = ( BOUNDED_CURVE() B_SPLINE_CURVE(2,(#8242,#8243,#8244,#8245,
#8246,#8247,#8248),.UNSPECIFIED.,.T.,.F.) B_SPLINE_CURVE_WITH_KNOTS((1,2
    ,2,2,2,1),(-2.094395102393,0.,2.094395102393,4.188790204786,
6.28318530718,8.377580409573),.UNSPECIFIED.) CURVE() 
GEOMETRIC_REPRESENTATION_ITEM() RATIONAL_B_SPLINE_CURVE((1.,0.5,1.,0.5,
1.,0.5,1.)) REPRESENTATION_ITEM('') );
#8242 = CARTESIAN_POINT('',(-14.5,33.472131540219));
#8243 = CARTESIAN_POINT('',(-14.5,36.070207751572));
#8244 = CARTESIAN_POINT('',(-12.25,34.771169645896));
#8245 = CARTESIAN_POINT('',(-10.,33.472131540219));
#8246 = CARTESIAN_POINT('',(-12.25,32.173093434542));
#8247 = CARTESIAN_POINT('',(-14.5,30.874055328866));
#8248 = CARTESIAN_POINT('',(-14.5,33.472131540219));
#8249 = ( GEOMETRIC_REPRESENTATION_CONTEXT(2) 
PARAMETRIC_REPRESENTATION_CONTEXT() REPRESENTATION_CONTEXT('2D SPACE',''
  ) );
#8250 = PCURVE('',#4062,#8251);
#8251 = DEFINITIONAL_REPRESENTATION('',(#8252),#8256);
#8252 = LINE('',#8253,#8254);
#8253 = CARTESIAN_POINT('',(0.,3.5));
#8254 = VECTOR('',#8255,1.);
#8255 = DIRECTION('',(1.,0.));
#8256 = ( GEOMETRIC_REPRESENTATION_CONTEXT(2) 
PARAMETRIC_REPRESENTATION_CONTEXT() REPRESENTATION_CONTEXT('2D SPACE',''
  ) );
#8257 = ORIENTED_EDGE('',*,*,#8258,.T.);
#8258 = EDGE_CURVE('',#8231,#8173,#8259,.T.);
#8259 = SURFACE_CURVE('',#8260,(#8265,#8276),.PCURVE_S1.);
#8260 = CIRCLE('',#8261,1.5);
#8261 = AXIS2_PLACEMENT_3D('',#8262,#8263,#8264);
#8262 = CARTESIAN_POINT('',(13.,25.,8.));
#8263 = DIRECTION('',(0.,0.,1.));
#8264 = DIRECTION('',(1.,0.,-0.));
#8265 = PCURVE('',#95,#8266);
#8266 = DEFINITIONAL_REPRESENTATION('',(#8267),#8275);
#8267 = ( BOUNDED_CURVE() B_SPLINE_CURVE(2,(#8268,#8269,#8270,#8271,
#8272,#8273,#8274),.UNSPECIFIED.,.T.,.F.) B_SPLINE_CURVE_WITH_KNOTS((1,2
    ,2,2,2,1),(-2.094395102393,0.,2.094395102393,4.188790204786,
6.28318530718,8.377580409573),.UNSPECIFIED.) CURVE() 
GEOMETRIC_REPRESENTATION_ITEM() RATIONAL_B_SPLINE_CURVE((1.,0.5,1.,0.5,
1.,0.5,1.)) REPRESENTATION_ITEM('') );
#8268 = CARTESIAN_POINT('',(-14.5,33.472131540219));
#8269 = CARTESIAN_POINT('',(-14.5,36.070207751572));
#8270 = CARTESIAN_POINT('',(-12.25,34.771169645896));
#8271 = CARTESIAN_POINT('',(-10.,33.472131540219));
#8272 = CARTESIAN_POINT('',(-12.25,32.173093434542));
#8273 = CARTESIAN_POINT('',(-14.5,30.874055328866));
#8274 = CARTESIAN_POINT('',(-14.5,33.472131540219));
#8275 = ( GEOMETRIC_REPRESENTATION_CONTEXT(2) 
PARAMETRIC_REPRESENTATION_CONTEXT() REPRESENTATION_CONTEXT('2D SPACE',''
  ) );
#8276 = PCURVE('',#4093,#8277);
#8277 = DEFINITIONAL_REPRESENTATION('',(#8278),#8282);
#8278 = LINE('',#8279,#8280);
#8279 = CARTESIAN_POINT('',(0.,3.5));
#8280 = VECTOR('',#8281,1.);
#8281 = DIRECTION('',(1.,0.));
#8282 = ( GEOMETRIC_REPRESENTATION_CONTEXT(2) 
PARAMETRIC_REPRESENTATION_CONTEXT() REPRESENTATION_CONTEXT('2D SPACE',''
  ) );
#8283 = FACE_BOUND('',#8284,.F.);
#8284 = EDGE_LOOP('',(#8285,#8308,#8336,#8357,#8385,#8406,#8434,#8455));
#8285 = ORIENTED_EDGE('',*,*,#8286,.T.);
#8286 = EDGE_CURVE('',#8287,#8289,#8291,.T.);
#8287 = VERTEX_POINT('',#8288);
#8288 = CARTESIAN_POINT('',(-8.5,6.5,8.));
#8289 = VERTEX_POINT('',#8290);
#8290 = CARTESIAN_POINT('',(-8.5,-6.5,8.));
#8291 = SURFACE_CURVE('',#8292,(#8296,#8302),.PCURVE_S1.);
#8292 = LINE('',#8293,#8294);
#8293 = CARTESIAN_POINT('',(-8.5,-7.48606577011,8.));
#8294 = VECTOR('',#8295,1.);
#8295 = DIRECTION('',(0.,-1.,0.));
#8296 = PCURVE('',#95,#8297);
#8297 = DEFINITIONAL_REPRESENTATION('',(#8298),#8301);
#8298 = B_SPLINE_CURVE_WITH_KNOTS('',1,(#8299,#8300),.UNSPECIFIED.,.F.,
  .F.,(2,2),(-13.98606577011,-0.98606577011),.PIECEWISE_BEZIER_KNOTS.);
#8299 = CARTESIAN_POINT('',(8.5,14.972131540219));
#8300 = CARTESIAN_POINT('',(8.5,1.972131540219));
#8301 = ( GEOMETRIC_REPRESENTATION_CONTEXT(2) 
PARAMETRIC_REPRESENTATION_CONTEXT() REPRESENTATION_CONTEXT('2D SPACE',''
  ) );
#8302 = PCURVE('',#4124,#8303);
#8303 = DEFINITIONAL_REPRESENTATION('',(#8304),#8307);
#8304 = B_SPLINE_CURVE_WITH_KNOTS('',1,(#8305,#8306),.UNSPECIFIED.,.F.,
  .F.,(2,2),(-13.98606577011,-0.98606577011),.PIECEWISE_BEZIER_KNOTS.);
#8305 = CARTESIAN_POINT('',(3.5,-13.));
#8306 = CARTESIAN_POINT('',(3.5,0.));
#8307 = ( GEOMETRIC_REPRESENTATION_CONTEXT(2) 
PARAMETRIC_REPRESENTATION_CONTEXT() REPRESENTATION_CONTEXT('2D SPACE',''
  ) );
#8308 = ORIENTED_EDGE('',*,*,#8309,.T.);
#8309 = EDGE_CURVE('',#8289,#8310,#8312,.T.);
#8310 = VERTEX_POINT('',#8311);
#8311 = CARTESIAN_POINT('',(-6.5,-8.5,8.));
#8312 = SURFACE_CURVE('',#8313,(#8318,#8329),.PCURVE_S1.);
#8313 = CIRCLE('',#8314,2.);
#8314 = AXIS2_PLACEMENT_3D('',#8315,#8316,#8317);
#8315 = CARTESIAN_POINT('',(-6.5,-6.5,8.));
#8316 = DIRECTION('',(0.,0.,1.));
#8317 = DIRECTION('',(1.,0.,-0.));
#8318 = PCURVE('',#95,#8319);
#8319 = DEFINITIONAL_REPRESENTATION('',(#8320),#8328);
#8320 = ( BOUNDED_CURVE() B_SPLINE_CURVE(2,(#8321,#8322,#8323,#8324,
#8325,#8326,#8327),.UNSPECIFIED.,.T.,.F.) B_SPLINE_CURVE_WITH_KNOTS((1,2
    ,2,2,2,1),(-2.094395102393,0.,2.094395102393,4.188790204786,
6.28318530718,8.377580409573),.UNSPECIFIED.) CURVE() 
GEOMETRIC_REPRESENTATION_ITEM() RATIONAL_B_SPLINE_CURVE((1.,0.5,1.,0.5,
1.,0.5,1.)) REPRESENTATION_ITEM('') );
#8321 = CARTESIAN_POINT('',(4.5,1.972131540219));
#8322 = CARTESIAN_POINT('',(4.5,5.436233155357));
#8323 = CARTESIAN_POINT('',(7.5,3.704182347788));
#8324 = CARTESIAN_POINT('',(10.5,1.972131540219));
#8325 = CARTESIAN_POINT('',(7.5,0.24008073265));
#8326 = CARTESIAN_POINT('',(4.5,-1.491970074919));
#8327 = CARTESIAN_POINT('',(4.5,1.972131540219));
#8328 = ( GEOMETRIC_REPRESENTATION_CONTEXT(2) 
PARAMETRIC_REPRESENTATION_CONTEXT() REPRESENTATION_CONTEXT('2D SPACE',''
  ) );
#8329 = PCURVE('',#4156,#8330);
#8330 = DEFINITIONAL_REPRESENTATION('',(#8331),#8335);
#8331 = LINE('',#8332,#8333);
#8332 = CARTESIAN_POINT('',(0.,3.5));
#8333 = VECTOR('',#8334,1.);
#8334 = DIRECTION('',(1.,0.));
#8335 = ( GEOMETRIC_REPRESENTATION_CONTEXT(2) 
PARAMETRIC_REPRESENTATION_CONTEXT() REPRESENTATION_CONTEXT('2D SPACE',''
  ) );
#8336 = ORIENTED_EDGE('',*,*,#8337,.T.);
#8337 = EDGE_CURVE('',#8310,#8338,#8340,.T.);
#8338 = VERTEX_POINT('',#8339);
#8339 = CARTESIAN_POINT('',(6.5,-8.5,8.));
#8340 = SURFACE_CURVE('',#8341,(#8345,#8351),.PCURVE_S1.);
#8341 = LINE('',#8342,#8343);
#8342 = CARTESIAN_POINT('',(-3.25,-8.5,8.));
#8343 = VECTOR('',#8344,1.);
#8344 = DIRECTION('',(1.,0.,-0.));
#8345 = PCURVE('',#95,#8346);
#8346 = DEFINITIONAL_REPRESENTATION('',(#8347),#8350);
#8347 = B_SPLINE_CURVE_WITH_KNOTS('',1,(#8348,#8349),.UNSPECIFIED.,.F.,
  .F.,(2,2),(-3.25,9.75),.PIECEWISE_BEZIER_KNOTS.);
#8348 = CARTESIAN_POINT('',(6.5,-2.786845978086E-02));
#8349 = CARTESIAN_POINT('',(-6.5,-2.786845978086E-02));
#8350 = ( GEOMETRIC_REPRESENTATION_CONTEXT(2) 
PARAMETRIC_REPRESENTATION_CONTEXT() REPRESENTATION_CONTEXT('2D SPACE',''
  ) );
#8351 = PCURVE('',#4183,#8352);
#8352 = DEFINITIONAL_REPRESENTATION('',(#8353),#8356);
#8353 = B_SPLINE_CURVE_WITH_KNOTS('',1,(#8354,#8355),.UNSPECIFIED.,.F.,
  .F.,(2,2),(-3.25,9.75),.PIECEWISE_BEZIER_KNOTS.);
#8354 = CARTESIAN_POINT('',(3.5,0.));
#8355 = CARTESIAN_POINT('',(3.5,13.));
#8356 = ( GEOMETRIC_REPRESENTATION_CONTEXT(2) 
PARAMETRIC_REPRESENTATION_CONTEXT() REPRESENTATION_CONTEXT('2D SPACE',''
  ) );
#8357 = ORIENTED_EDGE('',*,*,#8358,.T.);
#8358 = EDGE_CURVE('',#8338,#8359,#8361,.T.);
#8359 = VERTEX_POINT('',#8360);
#8360 = CARTESIAN_POINT('',(8.5,-6.5,8.));
#8361 = SURFACE_CURVE('',#8362,(#8367,#8378),.PCURVE_S1.);
#8362 = CIRCLE('',#8363,2.);
#8363 = AXIS2_PLACEMENT_3D('',#8364,#8365,#8366);
#8364 = CARTESIAN_POINT('',(6.5,-6.5,8.));
#8365 = DIRECTION('',(0.,0.,1.));
#8366 = DIRECTION('',(1.,0.,-0.));
#8367 = PCURVE('',#95,#8368);
#8368 = DEFINITIONAL_REPRESENTATION('',(#8369),#8377);
#8369 = ( BOUNDED_CURVE() B_SPLINE_CURVE(2,(#8370,#8371,#8372,#8373,
#8374,#8375,#8376),.UNSPECIFIED.,.T.,.F.) B_SPLINE_CURVE_WITH_KNOTS((1,2
    ,2,2,2,1),(-2.094395102393,0.,2.094395102393,4.188790204786,
6.28318530718,8.377580409573),.UNSPECIFIED.) CURVE() 
GEOMETRIC_REPRESENTATION_ITEM() RATIONAL_B_SPLINE_CURVE((1.,0.5,1.,0.5,
1.,0.5,1.)) REPRESENTATION_ITEM('') );
#8370 = CARTESIAN_POINT('',(-8.5,1.972131540219));
#8371 = CARTESIAN_POINT('',(-8.5,5.436233155357));
#8372 = CARTESIAN_POINT('',(-5.5,3.704182347788));
#8373 = CARTESIAN_POINT('',(-2.5,1.972131540219));
#8374 = CARTESIAN_POINT('',(-5.5,0.24008073265));
#8375 = CARTESIAN_POINT('',(-8.5,-1.491970074919));
#8376 = CARTESIAN_POINT('',(-8.5,1.972131540219));
#8377 = ( GEOMETRIC_REPRESENTATION_CONTEXT(2) 
PARAMETRIC_REPRESENTATION_CONTEXT() REPRESENTATION_CONTEXT('2D SPACE',''
  ) );
#8378 = PCURVE('',#4215,#8379);
#8379 = DEFINITIONAL_REPRESENTATION('',(#8380),#8384);
#8380 = LINE('',#8381,#8382);
#8381 = CARTESIAN_POINT('',(0.,3.5));
#8382 = VECTOR('',#8383,1.);
#8383 = DIRECTION('',(1.,0.));
#8384 = ( GEOMETRIC_REPRESENTATION_CONTEXT(2) 
PARAMETRIC_REPRESENTATION_CONTEXT() REPRESENTATION_CONTEXT('2D SPACE',''
  ) );
#8385 = ORIENTED_EDGE('',*,*,#8386,.F.);
#8386 = EDGE_CURVE('',#8387,#8359,#8389,.T.);
#8387 = VERTEX_POINT('',#8388);
#8388 = CARTESIAN_POINT('',(8.5,6.5,8.));
#8389 = SURFACE_CURVE('',#8390,(#8394,#8400),.PCURVE_S1.);
#8390 = LINE('',#8391,#8392);
#8391 = CARTESIAN_POINT('',(8.5,-7.48606577011,8.));
#8392 = VECTOR('',#8393,1.);
#8393 = DIRECTION('',(0.,-1.,0.));
#8394 = PCURVE('',#95,#8395);
#8395 = DEFINITIONAL_REPRESENTATION('',(#8396),#8399);
#8396 = B_SPLINE_CURVE_WITH_KNOTS('',1,(#8397,#8398),.UNSPECIFIED.,.F.,
  .F.,(2,2),(-13.98606577011,-0.98606577011),.PIECEWISE_BEZIER_KNOTS.);
#8397 = CARTESIAN_POINT('',(-8.5,14.972131540219));
#8398 = CARTESIAN_POINT('',(-8.5,1.972131540219));
#8399 = ( GEOMETRIC_REPRESENTATION_CONTEXT(2) 
PARAMETRIC_REPRESENTATION_CONTEXT() REPRESENTATION_CONTEXT('2D SPACE',''
  ) );
#8400 = PCURVE('',#4242,#8401);
#8401 = DEFINITIONAL_REPRESENTATION('',(#8402),#8405);
#8402 = B_SPLINE_CURVE_WITH_KNOTS('',1,(#8403,#8404),.UNSPECIFIED.,.F.,
  .F.,(2,2),(-13.98606577011,-0.98606577011),.PIECEWISE_BEZIER_KNOTS.);
#8403 = CARTESIAN_POINT('',(3.5,-13.));
#8404 = CARTESIAN_POINT('',(3.5,0.));
#8405 = ( GEOMETRIC_REPRESENTATION_CONTEXT(2) 
PARAMETRIC_REPRESENTATION_CONTEXT() REPRESENTATION_CONTEXT('2D SPACE',''
  ) );
#8406 = ORIENTED_EDGE('',*,*,#8407,.T.);
#8407 = EDGE_CURVE('',#8387,#8408,#8410,.T.);
#8408 = VERTEX_POINT('',#8409);
#8409 = CARTESIAN_POINT('',(6.5,8.5,8.));
#8410 = SURFACE_CURVE('',#8411,(#8416,#8427),.PCURVE_S1.);
#8411 = CIRCLE('',#8412,2.);
#8412 = AXIS2_PLACEMENT_3D('',#8413,#8414,#8415);
#8413 = CARTESIAN_POINT('',(6.5,6.5,8.));
#8414 = DIRECTION('',(0.,0.,1.));
#8415 = DIRECTION('',(1.,0.,-0.));
#8416 = PCURVE('',#95,#8417);
#8417 = DEFINITIONAL_REPRESENTATION('',(#8418),#8426);
#8418 = ( BOUNDED_CURVE() B_SPLINE_CURVE(2,(#8419,#8420,#8421,#8422,
#8423,#8424,#8425),.UNSPECIFIED.,.T.,.F.) B_SPLINE_CURVE_WITH_KNOTS((1,2
    ,2,2,2,1),(-2.094395102393,0.,2.094395102393,4.188790204786,
6.28318530718,8.377580409573),.UNSPECIFIED.) CURVE() 
GEOMETRIC_REPRESENTATION_ITEM() RATIONAL_B_SPLINE_CURVE((1.,0.5,1.,0.5,
1.,0.5,1.)) REPRESENTATION_ITEM('') );
#8419 = CARTESIAN_POINT('',(-8.5,14.972131540219));
#8420 = CARTESIAN_POINT('',(-8.5,18.436233155357));
#8421 = CARTESIAN_POINT('',(-5.5,16.704182347788));
#8422 = CARTESIAN_POINT('',(-2.5,14.972131540219));
#8423 = CARTESIAN_POINT('',(-5.5,13.24008073265));
#8424 = CARTESIAN_POINT('',(-8.5,11.508029925081));
#8425 = CARTESIAN_POINT('',(-8.5,14.972131540219));
#8426 = ( GEOMETRIC_REPRESENTATION_CONTEXT(2) 
PARAMETRIC_REPRESENTATION_CONTEXT() REPRESENTATION_CONTEXT('2D SPACE',''
  ) );
#8427 = PCURVE('',#4274,#8428);
#8428 = DEFINITIONAL_REPRESENTATION('',(#8429),#8433);
#8429 = LINE('',#8430,#8431);
#8430 = CARTESIAN_POINT('',(0.,3.5));
#8431 = VECTOR('',#8432,1.);
#8432 = DIRECTION('',(1.,0.));
#8433 = ( GEOMETRIC_REPRESENTATION_CONTEXT(2) 
PARAMETRIC_REPRESENTATION_CONTEXT() REPRESENTATION_CONTEXT('2D SPACE',''
  ) );
#8434 = ORIENTED_EDGE('',*,*,#8435,.F.);
#8435 = EDGE_CURVE('',#8436,#8408,#8438,.T.);
#8436 = VERTEX_POINT('',#8437);
#8437 = CARTESIAN_POINT('',(-6.5,8.5,8.));
#8438 = SURFACE_CURVE('',#8439,(#8443,#8449),.PCURVE_S1.);
#8439 = LINE('',#8440,#8441);
#8440 = CARTESIAN_POINT('',(-3.25,8.5,8.));
#8441 = VECTOR('',#8442,1.);
#8442 = DIRECTION('',(1.,0.,-0.));
#8443 = PCURVE('',#95,#8444);
#8444 = DEFINITIONAL_REPRESENTATION('',(#8445),#8448);
#8445 = B_SPLINE_CURVE_WITH_KNOTS('',1,(#8446,#8447),.UNSPECIFIED.,.F.,
  .F.,(2,2),(-3.25,9.75),.PIECEWISE_BEZIER_KNOTS.);
#8446 = CARTESIAN_POINT('',(6.5,16.972131540219));
#8447 = CARTESIAN_POINT('',(-6.5,16.972131540219));
#8448 = ( GEOMETRIC_REPRESENTATION_CONTEXT(2) 
PARAMETRIC_REPRESENTATION_CONTEXT() REPRESENTATION_CONTEXT('2D SPACE',''
  ) );
#8449 = PCURVE('',#4301,#8450);
#8450 = DEFINITIONAL_REPRESENTATION('',(#8451),#8454);
#8451 = B_SPLINE_CURVE_WITH_KNOTS('',1,(#8452,#8453),.UNSPECIFIED.,.F.,
  .F.,(2,2),(-3.25,9.75),.PIECEWISE_BEZIER_KNOTS.);
#8452 = CARTESIAN_POINT('',(3.5,0.));
#8453 = CARTESIAN_POINT('',(3.5,13.));
#8454 = ( GEOMETRIC_REPRESENTATION_CONTEXT(2) 
PARAMETRIC_REPRESENTATION_CONTEXT() REPRESENTATION_CONTEXT('2D SPACE',''
  ) );
#8455 = ORIENTED_EDGE('',*,*,#8456,.T.);
#8456 = EDGE_CURVE('',#8436,#8287,#8457,.T.);
#8457 = SURFACE_CURVE('',#8458,(#8463,#8474),.PCURVE_S1.);
#8458 = CIRCLE('',#8459,2.);
#8459 = AXIS2_PLACEMENT_3D('',#8460,#8461,#8462);
#8460 = CARTESIAN_POINT('',(-6.5,6.5,8.));
#8461 = DIRECTION('',(0.,0.,1.));
#8462 = DIRECTION('',(1.,0.,-0.));
#8463 = PCURVE('',#95,#8464);
#8464 = DEFINITIONAL_REPRESENTATION('',(#8465),#8473);
#8465 = ( BOUNDED_CURVE() B_SPLINE_CURVE(2,(#8466,#8467,#8468,#8469,
#8470,#8471,#8472),.UNSPECIFIED.,.T.,.F.) B_SPLINE_CURVE_WITH_KNOTS((1,2
    ,2,2,2,1),(-2.094395102393,0.,2.094395102393,4.188790204786,
6.28318530718,8.377580409573),.UNSPECIFIED.) CURVE() 
GEOMETRIC_REPRESENTATION_ITEM() RATIONAL_B_SPLINE_CURVE((1.,0.5,1.,0.5,
1.,0.5,1.)) REPRESENTATION_ITEM('') );
#8466 = CARTESIAN_POINT('',(4.5,14.972131540219));
#8467 = CARTESIAN_POINT('',(4.5,18.436233155357));
#8468 = CARTESIAN_POINT('',(7.5,16.704182347788));
#8469 = CARTESIAN_POINT('',(10.5,14.972131540219));
#8470 = CARTESIAN_POINT('',(7.5,13.24008073265));
#8471 = CARTESIAN_POINT('',(4.5,11.508029925081));
#8472 = CARTESIAN_POINT('',(4.5,14.972131540219));
#8473 = ( GEOMETRIC_REPRESENTATION_CONTEXT(2) 
PARAMETRIC_REPRESENTATION_CONTEXT() REPRESENTATION_CONTEXT('2D SPACE',''
  ) );
#8474 = PCURVE('',#4331,#8475);
#8475 = DEFINITIONAL_REPRESENTATION('',(#8476),#8480);
#8476 = LINE('',#8477,#8478);
#8477 = CARTESIAN_POINT('',(0.,3.5));
#8478 = VECTOR('',#8479,1.);
#8479 = DIRECTION('',(1.,0.));
#8480 = ( GEOMETRIC_REPRESENTATION_CONTEXT(2) 
PARAMETRIC_REPRESENTATION_CONTEXT() REPRESENTATION_CONTEXT('2D SPACE',''
  ) );
#8481 = FACE_BOUND('',#8482,.F.);
#8482 = EDGE_LOOP('',(#8483,#8513,#8534,#8562,#8583,#8611,#8639,#8667,
    #8688,#8716,#8737,#8765));
#8483 = ORIENTED_EDGE('',*,*,#8484,.T.);
#8484 = EDGE_CURVE('',#8485,#8487,#8489,.T.);
#8485 = VERTEX_POINT('',#8486);
#8486 = CARTESIAN_POINT('',(-17.,11.445454211041,8.));
#8487 = VERTEX_POINT('',#8488);
#8488 = CARTESIAN_POINT('',(-17.,9.559836127877,8.));
#8489 = SURFACE_CURVE('',#8490,(#8495,#8506),.PCURVE_S1.);
#8490 = CIRCLE('',#8491,1.5);
#8491 = AXIS2_PLACEMENT_3D('',#8492,#8493,#8494);
#8492 = CARTESIAN_POINT('',(-15.83333333333,10.502645169459,8.));
#8493 = DIRECTION('',(0.,0.,1.));
#8494 = DIRECTION('',(1.,0.,-0.));
#8495 = PCURVE('',#95,#8496);
#8496 = DEFINITIONAL_REPRESENTATION('',(#8497),#8505);
#8497 = ( BOUNDED_CURVE() B_SPLINE_CURVE(2,(#8498,#8499,#8500,#8501,
#8502,#8503,#8504),.UNSPECIFIED.,.T.,.F.) B_SPLINE_CURVE_WITH_KNOTS((1,2
    ,2,2,2,1),(-2.094395102393,0.,2.094395102393,4.188790204786,
6.28318530718,8.377580409573),.UNSPECIFIED.) CURVE() 
GEOMETRIC_REPRESENTATION_ITEM() RATIONAL_B_SPLINE_CURVE((1.,0.5,1.,0.5,
1.,0.5,1.)) REPRESENTATION_ITEM('') );
#8498 = CARTESIAN_POINT('',(14.333333333333,18.974776709678));
#8499 = CARTESIAN_POINT('',(14.333333333333,21.572852921031));
#8500 = CARTESIAN_POINT('',(16.583333333333,20.273814815355));
#8501 = CARTESIAN_POINT('',(18.833333333333,18.974776709678));
#8502 = CARTESIAN_POINT('',(16.583333333333,17.675738604001));
#8503 = CARTESIAN_POINT('',(14.333333333333,16.376700498325));
#8504 = CARTESIAN_POINT('',(14.333333333333,18.974776709678));
#8505 = ( GEOMETRIC_REPRESENTATION_CONTEXT(2) 
PARAMETRIC_REPRESENTATION_CONTEXT() REPRESENTATION_CONTEXT('2D SPACE',''
  ) );
#8506 = PCURVE('',#4368,#8507);
#8507 = DEFINITIONAL_REPRESENTATION('',(#8508),#8512);
#8508 = LINE('',#8509,#8510);
#8509 = CARTESIAN_POINT('',(0.,3.5));
#8510 = VECTOR('',#8511,1.);
#8511 = DIRECTION('',(1.,0.));
#8512 = ( GEOMETRIC_REPRESENTATION_CONTEXT(2) 
PARAMETRIC_REPRESENTATION_CONTEXT() REPRESENTATION_CONTEXT('2D SPACE',''
  ) );
#8513 = ORIENTED_EDGE('',*,*,#8514,.T.);
#8514 = EDGE_CURVE('',#8487,#8515,#8517,.T.);
#8515 = VERTEX_POINT('',#8516);
#8516 = CARTESIAN_POINT('',(-17.,9.499999,8.));
#8517 = SURFACE_CURVE('',#8518,(#8522,#8528),.PCURVE_S1.);
#8518 = LINE('',#8519,#8520);
#8519 = CARTESIAN_POINT('',(-17.,0.51393372989,8.));
#8520 = VECTOR('',#8521,1.);
#8521 = DIRECTION('',(0.,-1.,0.));
#8522 = PCURVE('',#95,#8523);
#8523 = DEFINITIONAL_REPRESENTATION('',(#8524),#8527);
#8524 = B_SPLINE_CURVE_WITH_KNOTS('',1,(#8525,#8526),.UNSPECIFIED.,.F.,
  .F.,(2,2),(-17.98606727011,-8.98606527011),.PIECEWISE_BEZIER_KNOTS.);
#8525 = CARTESIAN_POINT('',(17.,26.972132540219));
#8526 = CARTESIAN_POINT('',(17.,17.972130540219));
#8527 = ( GEOMETRIC_REPRESENTATION_CONTEXT(2) 
PARAMETRIC_REPRESENTATION_CONTEXT() REPRESENTATION_CONTEXT('2D SPACE',''
  ) );
#8528 = PCURVE('',#4395,#8529);
#8529 = DEFINITIONAL_REPRESENTATION('',(#8530),#8533);
#8530 = B_SPLINE_CURVE_WITH_KNOTS('',1,(#8531,#8532),.UNSPECIFIED.,.F.,
  .F.,(2,2),(-17.98606727011,-8.98606527011),.PIECEWISE_BEZIER_KNOTS.);
#8531 = CARTESIAN_POINT('',(3.5,-9.000002));
#8532 = CARTESIAN_POINT('',(3.5,0.));
#8533 = ( GEOMETRIC_REPRESENTATION_CONTEXT(2) 
PARAMETRIC_REPRESENTATION_CONTEXT() REPRESENTATION_CONTEXT('2D SPACE',''
  ) );
#8534 = ORIENTED_EDGE('',*,*,#8535,.T.);
#8535 = EDGE_CURVE('',#8515,#8536,#8538,.T.);
#8536 = VERTEX_POINT('',#8537);
#8537 = CARTESIAN_POINT('',(-14.000001,6.5,8.));
#8538 = SURFACE_CURVE('',#8539,(#8544,#8555),.PCURVE_S1.);
#8539 = CIRCLE('',#8540,2.999999);
#8540 = AXIS2_PLACEMENT_3D('',#8541,#8542,#8543);
#8541 = CARTESIAN_POINT('',(-14.000001,9.499999,8.));
#8542 = DIRECTION('',(0.,0.,1.));
#8543 = DIRECTION('',(1.,0.,-0.));
#8544 = PCURVE('',#95,#8545);
#8545 = DEFINITIONAL_REPRESENTATION('',(#8546),#8554);
#8546 = ( BOUNDED_CURVE() B_SPLINE_CURVE(2,(#8547,#8548,#8549,#8550,
#8551,#8552,#8553),.UNSPECIFIED.,.T.,.F.) B_SPLINE_CURVE_WITH_KNOTS((1,2
    ,2,2,2,1),(-2.094395102393,0.,2.094395102393,4.188790204786,
6.28318530718,8.377580409573),.UNSPECIFIED.) CURVE() 
GEOMETRIC_REPRESENTATION_ITEM() RATIONAL_B_SPLINE_CURVE((1.,0.5,1.,0.5,
1.,0.5,1.)) REPRESENTATION_ITEM('') );
#8547 = CARTESIAN_POINT('',(11.000002,17.972130540219));
#8548 = CARTESIAN_POINT('',(11.000002,23.168281230875));
#8549 = CARTESIAN_POINT('',(15.5000005,20.570205885547));
#8550 = CARTESIAN_POINT('',(19.999999,17.972130540219));
#8551 = CARTESIAN_POINT('',(15.5000005,15.374055194891));
#8552 = CARTESIAN_POINT('',(11.000002,12.775979849563));
#8553 = CARTESIAN_POINT('',(11.000002,17.972130540219));
#8554 = ( GEOMETRIC_REPRESENTATION_CONTEXT(2) 
PARAMETRIC_REPRESENTATION_CONTEXT() REPRESENTATION_CONTEXT('2D SPACE',''
  ) );
#8555 = PCURVE('',#4427,#8556);
#8556 = DEFINITIONAL_REPRESENTATION('',(#8557),#8561);
#8557 = LINE('',#8558,#8559);
#8558 = CARTESIAN_POINT('',(0.,3.5));
#8559 = VECTOR('',#8560,1.);
#8560 = DIRECTION('',(1.,0.));
#8561 = ( GEOMETRIC_REPRESENTATION_CONTEXT(2) 
PARAMETRIC_REPRESENTATION_CONTEXT() REPRESENTATION_CONTEXT('2D SPACE',''
  ) );
#8562 = ORIENTED_EDGE('',*,*,#8563,.T.);
#8563 = EDGE_CURVE('',#8536,#8564,#8566,.T.);
#8564 = VERTEX_POINT('',#8565);
#8565 = CARTESIAN_POINT('',(-13.999999,6.5,8.));
#8566 = SURFACE_CURVE('',#8567,(#8571,#8577),.PCURVE_S1.);
#8567 = LINE('',#8568,#8569);
#8568 = CARTESIAN_POINT('',(-7.0000005,6.5,8.));
#8569 = VECTOR('',#8570,1.);
#8570 = DIRECTION('',(1.,0.,-0.));
#8571 = PCURVE('',#95,#8572);
#8572 = DEFINITIONAL_REPRESENTATION('',(#8573),#8576);
#8573 = B_SPLINE_CURVE_WITH_KNOTS('',1,(#8574,#8575),.UNSPECIFIED.,.F.,
  .F.,(2,2),(-7.0000005,-6.9999985),.PIECEWISE_BEZIER_KNOTS.);
#8574 = CARTESIAN_POINT('',(14.000001,14.972131540219));
#8575 = CARTESIAN_POINT('',(13.999999,14.972131540219));
#8576 = ( GEOMETRIC_REPRESENTATION_CONTEXT(2) 
PARAMETRIC_REPRESENTATION_CONTEXT() REPRESENTATION_CONTEXT('2D SPACE',''
  ) );
#8577 = PCURVE('',#4454,#8578);
#8578 = DEFINITIONAL_REPRESENTATION('',(#8579),#8582);
#8579 = B_SPLINE_CURVE_WITH_KNOTS('',1,(#8580,#8581),.UNSPECIFIED.,.F.,
  .F.,(2,2),(-7.0000005,-6.9999985),.PIECEWISE_BEZIER_KNOTS.);
#8580 = CARTESIAN_POINT('',(3.5,0.));
#8581 = CARTESIAN_POINT('',(3.5,2.00000000028E-06));
#8582 = ( GEOMETRIC_REPRESENTATION_CONTEXT(2) 
PARAMETRIC_REPRESENTATION_CONTEXT() REPRESENTATION_CONTEXT('2D SPACE',''
  ) );
#8583 = ORIENTED_EDGE('',*,*,#8584,.T.);
#8584 = EDGE_CURVE('',#8564,#8585,#8587,.T.);
#8585 = VERTEX_POINT('',#8586);
#8586 = CARTESIAN_POINT('',(-11.0541027033,8.932822652558,8.));
#8587 = SURFACE_CURVE('',#8588,(#8593,#8604),.PCURVE_S1.);
#8588 = CIRCLE('',#8589,2.999999);
#8589 = AXIS2_PLACEMENT_3D('',#8590,#8591,#8592);
#8590 = CARTESIAN_POINT('',(-13.999999,9.499999,8.));
#8591 = DIRECTION('',(0.,0.,1.));
#8592 = DIRECTION('',(1.,0.,-0.));
#8593 = PCURVE('',#95,#8594);
#8594 = DEFINITIONAL_REPRESENTATION('',(#8595),#8603);
#8595 = ( BOUNDED_CURVE() B_SPLINE_CURVE(2,(#8596,#8597,#8598,#8599,
#8600,#8601,#8602),.UNSPECIFIED.,.T.,.F.) B_SPLINE_CURVE_WITH_KNOTS((1,2
    ,2,2,2,1),(-2.094395102393,0.,2.094395102393,4.188790204786,
6.28318530718,8.377580409573),.UNSPECIFIED.) CURVE() 
GEOMETRIC_REPRESENTATION_ITEM() RATIONAL_B_SPLINE_CURVE((1.,0.5,1.,0.5,
1.,0.5,1.)) REPRESENTATION_ITEM('') );
#8596 = CARTESIAN_POINT('',(11.,17.972130540219));
#8597 = CARTESIAN_POINT('',(11.,23.168281230875));
#8598 = CARTESIAN_POINT('',(15.4999985,20.570205885547));
#8599 = CARTESIAN_POINT('',(19.999997,17.972130540219));
#8600 = CARTESIAN_POINT('',(15.4999985,15.374055194891));
#8601 = CARTESIAN_POINT('',(11.,12.775979849563));
#8602 = CARTESIAN_POINT('',(11.,17.972130540219));
#8603 = ( GEOMETRIC_REPRESENTATION_CONTEXT(2) 
PARAMETRIC_REPRESENTATION_CONTEXT() REPRESENTATION_CONTEXT('2D SPACE',''
  ) );
#8604 = PCURVE('',#4486,#8605);
#8605 = DEFINITIONAL_REPRESENTATION('',(#8606),#8610);
#8606 = LINE('',#8607,#8608);
#8607 = CARTESIAN_POINT('',(0.,3.5));
#8608 = VECTOR('',#8609,1.);
#8609 = DIRECTION('',(1.,0.));
#8610 = ( GEOMETRIC_REPRESENTATION_CONTEXT(2) 
PARAMETRIC_REPRESENTATION_CONTEXT() REPRESENTATION_CONTEXT('2D SPACE',''
  ) );
#8611 = ORIENTED_EDGE('',*,*,#8612,.T.);
#8612 = EDGE_CURVE('',#8585,#8613,#8615,.T.);
#8613 = VERTEX_POINT('',#8614);
#8614 = CARTESIAN_POINT('',(-8.5,10.,8.));
#8615 = SURFACE_CURVE('',#8616,(#8621,#8632),.PCURVE_S1.);
#8616 = CIRCLE('',#8617,1.5);
#8617 = AXIS2_PLACEMENT_3D('',#8618,#8619,#8620);
#8618 = CARTESIAN_POINT('',(-10.,10.,8.));
#8619 = DIRECTION('',(0.,0.,1.));
#8620 = DIRECTION('',(1.,0.,-0.));
#8621 = PCURVE('',#95,#8622);
#8622 = DEFINITIONAL_REPRESENTATION('',(#8623),#8631);
#8623 = ( BOUNDED_CURVE() B_SPLINE_CURVE(2,(#8624,#8625,#8626,#8627,
#8628,#8629,#8630),.UNSPECIFIED.,.T.,.F.) B_SPLINE_CURVE_WITH_KNOTS((1,2
    ,2,2,2,1),(-2.094395102393,0.,2.094395102393,4.188790204786,
6.28318530718,8.377580409573),.UNSPECIFIED.) CURVE() 
GEOMETRIC_REPRESENTATION_ITEM() RATIONAL_B_SPLINE_CURVE((1.,0.5,1.,0.5,
1.,0.5,1.)) REPRESENTATION_ITEM('') );
#8624 = CARTESIAN_POINT('',(8.5,18.472131540219));
#8625 = CARTESIAN_POINT('',(8.5,21.070207751572));
#8626 = CARTESIAN_POINT('',(10.75,19.771169645896));
#8627 = CARTESIAN_POINT('',(13.,18.472131540219));
#8628 = CARTESIAN_POINT('',(10.75,17.173093434542));
#8629 = CARTESIAN_POINT('',(8.5,15.874055328866));
#8630 = CARTESIAN_POINT('',(8.5,18.472131540219));
#8631 = ( GEOMETRIC_REPRESENTATION_CONTEXT(2) 
PARAMETRIC_REPRESENTATION_CONTEXT() REPRESENTATION_CONTEXT('2D SPACE',''
  ) );
#8632 = PCURVE('',#4519,#8633);
#8633 = DEFINITIONAL_REPRESENTATION('',(#8634),#8638);
#8634 = LINE('',#8635,#8636);
#8635 = CARTESIAN_POINT('',(0.,3.5));
#8636 = VECTOR('',#8637,1.);
#8637 = DIRECTION('',(1.,0.));
#8638 = ( GEOMETRIC_REPRESENTATION_CONTEXT(2) 
PARAMETRIC_REPRESENTATION_CONTEXT() REPRESENTATION_CONTEXT('2D SPACE',''
  ) );
#8639 = ORIENTED_EDGE('',*,*,#8640,.T.);
#8640 = EDGE_CURVE('',#8613,#8641,#8643,.T.);
#8641 = VERTEX_POINT('',#8642);
#8642 = CARTESIAN_POINT('',(-11.,11.11803398875,8.));
#8643 = SURFACE_CURVE('',#8644,(#8649,#8660),.PCURVE_S1.);
#8644 = CIRCLE('',#8645,1.5);
#8645 = AXIS2_PLACEMENT_3D('',#8646,#8647,#8648);
#8646 = CARTESIAN_POINT('',(-10.,10.,8.));
#8647 = DIRECTION('',(0.,0.,1.));
#8648 = DIRECTION('',(1.,0.,-0.));
#8649 = PCURVE('',#95,#8650);
#8650 = DEFINITIONAL_REPRESENTATION('',(#8651),#8659);
#8651 = ( BOUNDED_CURVE() B_SPLINE_CURVE(2,(#8652,#8653,#8654,#8655,
#8656,#8657,#8658),.UNSPECIFIED.,.T.,.F.) B_SPLINE_CURVE_WITH_KNOTS((1,2
    ,2,2,2,1),(-2.094395102393,0.,2.094395102393,4.188790204786,
6.28318530718,8.377580409573),.UNSPECIFIED.) CURVE() 
GEOMETRIC_REPRESENTATION_ITEM() RATIONAL_B_SPLINE_CURVE((1.,0.5,1.,0.5,
1.,0.5,1.)) REPRESENTATION_ITEM('') );
#8652 = CARTESIAN_POINT('',(8.5,18.472131540219));
#8653 = CARTESIAN_POINT('',(8.5,21.070207751572));
#8654 = CARTESIAN_POINT('',(10.75,19.771169645896));
#8655 = CARTESIAN_POINT('',(13.,18.472131540219));
#8656 = CARTESIAN_POINT('',(10.75,17.173093434542));
#8657 = CARTESIAN_POINT('',(8.5,15.874055328866));
#8658 = CARTESIAN_POINT('',(8.5,18.472131540219));
#8659 = ( GEOMETRIC_REPRESENTATION_CONTEXT(2) 
PARAMETRIC_REPRESENTATION_CONTEXT() REPRESENTATION_CONTEXT('2D SPACE',''
  ) );
#8660 = PCURVE('',#4552,#8661);
#8661 = DEFINITIONAL_REPRESENTATION('',(#8662),#8666);
#8662 = LINE('',#8663,#8664);
#8663 = CARTESIAN_POINT('',(0.,3.5));
#8664 = VECTOR('',#8665,1.);
#8665 = DIRECTION('',(1.,0.));
#8666 = ( GEOMETRIC_REPRESENTATION_CONTEXT(2) 
PARAMETRIC_REPRESENTATION_CONTEXT() REPRESENTATION_CONTEXT('2D SPACE',''
  ) );
#8667 = ORIENTED_EDGE('',*,*,#8668,.F.);
#8668 = EDGE_CURVE('',#8669,#8641,#8671,.T.);
#8669 = VERTEX_POINT('',#8670);
#8670 = CARTESIAN_POINT('',(-11.,18.500001,8.));
#8671 = SURFACE_CURVE('',#8672,(#8676,#8682),.PCURVE_S1.);
#8672 = LINE('',#8673,#8674);
#8673 = CARTESIAN_POINT('',(-11.,0.51393372989,8.));
#8674 = VECTOR('',#8675,1.);
#8675 = DIRECTION('',(0.,-1.,0.));
#8676 = PCURVE('',#95,#8677);
#8677 = DEFINITIONAL_REPRESENTATION('',(#8678),#8681);
#8678 = B_SPLINE_CURVE_WITH_KNOTS('',1,(#8679,#8680),.UNSPECIFIED.,.F.,
  .F.,(2,2),(-17.98606727011,-8.98606527011),.PIECEWISE_BEZIER_KNOTS.);
#8679 = CARTESIAN_POINT('',(11.,26.972132540219));
#8680 = CARTESIAN_POINT('',(11.,17.972130540219));
#8681 = ( GEOMETRIC_REPRESENTATION_CONTEXT(2) 
PARAMETRIC_REPRESENTATION_CONTEXT() REPRESENTATION_CONTEXT('2D SPACE',''
  ) );
#8682 = PCURVE('',#4579,#8683);
#8683 = DEFINITIONAL_REPRESENTATION('',(#8684),#8687);
#8684 = B_SPLINE_CURVE_WITH_KNOTS('',1,(#8685,#8686),.UNSPECIFIED.,.F.,
  .F.,(2,2),(-17.98606727011,-8.98606527011),.PIECEWISE_BEZIER_KNOTS.);
#8685 = CARTESIAN_POINT('',(3.5,-9.000002));
#8686 = CARTESIAN_POINT('',(3.5,0.));
#8687 = ( GEOMETRIC_REPRESENTATION_CONTEXT(2) 
PARAMETRIC_REPRESENTATION_CONTEXT() REPRESENTATION_CONTEXT('2D SPACE',''
  ) );
#8688 = ORIENTED_EDGE('',*,*,#8689,.T.);
#8689 = EDGE_CURVE('',#8669,#8690,#8692,.T.);
#8690 = VERTEX_POINT('',#8691);
#8691 = CARTESIAN_POINT('',(-13.999999,21.5,8.));
#8692 = SURFACE_CURVE('',#8693,(#8698,#8709),.PCURVE_S1.);
#8693 = CIRCLE('',#8694,2.999999);
#8694 = AXIS2_PLACEMENT_3D('',#8695,#8696,#8697);
#8695 = CARTESIAN_POINT('',(-13.999999,18.500001,8.));
#8696 = DIRECTION('',(0.,0.,1.));
#8697 = DIRECTION('',(1.,0.,-0.));
#8698 = PCURVE('',#95,#8699);
#8699 = DEFINITIONAL_REPRESENTATION('',(#8700),#8708);
#8700 = ( BOUNDED_CURVE() B_SPLINE_CURVE(2,(#8701,#8702,#8703,#8704,
#8705,#8706,#8707),.UNSPECIFIED.,.T.,.F.) B_SPLINE_CURVE_WITH_KNOTS((1,2
    ,2,2,2,1),(-2.094395102393,0.,2.094395102393,4.188790204786,
6.28318530718,8.377580409573),.UNSPECIFIED.) CURVE() 
GEOMETRIC_REPRESENTATION_ITEM() RATIONAL_B_SPLINE_CURVE((1.,0.5,1.,0.5,
1.,0.5,1.)) REPRESENTATION_ITEM('') );
#8701 = CARTESIAN_POINT('',(11.,26.972132540219));
#8702 = CARTESIAN_POINT('',(11.,32.168283230875));
#8703 = CARTESIAN_POINT('',(15.4999985,29.570207885547));
#8704 = CARTESIAN_POINT('',(19.999997,26.972132540219));
#8705 = CARTESIAN_POINT('',(15.4999985,24.374057194891));
#8706 = CARTESIAN_POINT('',(11.,21.775981849563));
#8707 = CARTESIAN_POINT('',(11.,26.972132540219));
#8708 = ( GEOMETRIC_REPRESENTATION_CONTEXT(2) 
PARAMETRIC_REPRESENTATION_CONTEXT() REPRESENTATION_CONTEXT('2D SPACE',''
  ) );
#8709 = PCURVE('',#4611,#8710);
#8710 = DEFINITIONAL_REPRESENTATION('',(#8711),#8715);
#8711 = LINE('',#8712,#8713);
#8712 = CARTESIAN_POINT('',(0.,3.5));
#8713 = VECTOR('',#8714,1.);
#8714 = DIRECTION('',(1.,0.));
#8715 = ( GEOMETRIC_REPRESENTATION_CONTEXT(2) 
PARAMETRIC_REPRESENTATION_CONTEXT() REPRESENTATION_CONTEXT('2D SPACE',''
  ) );
#8716 = ORIENTED_EDGE('',*,*,#8717,.F.);
#8717 = EDGE_CURVE('',#8718,#8690,#8720,.T.);
#8718 = VERTEX_POINT('',#8719);
#8719 = CARTESIAN_POINT('',(-14.000001,21.5,8.));
#8720 = SURFACE_CURVE('',#8721,(#8725,#8731),.PCURVE_S1.);
#8721 = LINE('',#8722,#8723);
#8722 = CARTESIAN_POINT('',(-7.0000005,21.5,8.));
#8723 = VECTOR('',#8724,1.);
#8724 = DIRECTION('',(1.,0.,-0.));
#8725 = PCURVE('',#95,#8726);
#8726 = DEFINITIONAL_REPRESENTATION('',(#8727),#8730);
#8727 = B_SPLINE_CURVE_WITH_KNOTS('',1,(#8728,#8729),.UNSPECIFIED.,.F.,
  .F.,(2,2),(-7.0000005,-6.9999985),.PIECEWISE_BEZIER_KNOTS.);
#8728 = CARTESIAN_POINT('',(14.000001,29.972131540219));
#8729 = CARTESIAN_POINT('',(13.999999,29.972131540219));
#8730 = ( GEOMETRIC_REPRESENTATION_CONTEXT(2) 
PARAMETRIC_REPRESENTATION_CONTEXT() REPRESENTATION_CONTEXT('2D SPACE',''
  ) );
#8731 = PCURVE('',#4638,#8732);
#8732 = DEFINITIONAL_REPRESENTATION('',(#8733),#8736);
#8733 = B_SPLINE_CURVE_WITH_KNOTS('',1,(#8734,#8735),.UNSPECIFIED.,.F.,
  .F.,(2,2),(-7.0000005,-6.9999985),.PIECEWISE_BEZIER_KNOTS.);
#8734 = CARTESIAN_POINT('',(3.5,0.));
#8735 = CARTESIAN_POINT('',(3.5,2.00000000028E-06));
#8736 = ( GEOMETRIC_REPRESENTATION_CONTEXT(2) 
PARAMETRIC_REPRESENTATION_CONTEXT() REPRESENTATION_CONTEXT('2D SPACE',''
  ) );
#8737 = ORIENTED_EDGE('',*,*,#8738,.T.);
#8738 = EDGE_CURVE('',#8718,#8739,#8741,.T.);
#8739 = VERTEX_POINT('',#8740);
#8740 = CARTESIAN_POINT('',(-17.,18.500001,8.));
#8741 = SURFACE_CURVE('',#8742,(#8747,#8758),.PCURVE_S1.);
#8742 = CIRCLE('',#8743,2.999999);
#8743 = AXIS2_PLACEMENT_3D('',#8744,#8745,#8746);
#8744 = CARTESIAN_POINT('',(-14.000001,18.500001,8.));
#8745 = DIRECTION('',(0.,0.,1.));
#8746 = DIRECTION('',(1.,0.,-0.));
#8747 = PCURVE('',#95,#8748);
#8748 = DEFINITIONAL_REPRESENTATION('',(#8749),#8757);
#8749 = ( BOUNDED_CURVE() B_SPLINE_CURVE(2,(#8750,#8751,#8752,#8753,
#8754,#8755,#8756),.UNSPECIFIED.,.T.,.F.) B_SPLINE_CURVE_WITH_KNOTS((1,2
    ,2,2,2,1),(-2.094395102393,0.,2.094395102393,4.188790204786,
6.28318530718,8.377580409573),.UNSPECIFIED.) CURVE() 
GEOMETRIC_REPRESENTATION_ITEM() RATIONAL_B_SPLINE_CURVE((1.,0.5,1.,0.5,
1.,0.5,1.)) REPRESENTATION_ITEM('') );
#8750 = CARTESIAN_POINT('',(11.000002,26.972132540219));
#8751 = CARTESIAN_POINT('',(11.000002,32.168283230875));
#8752 = CARTESIAN_POINT('',(15.5000005,29.570207885547));
#8753 = CARTESIAN_POINT('',(19.999999,26.972132540219));
#8754 = CARTESIAN_POINT('',(15.5000005,24.374057194891));
#8755 = CARTESIAN_POINT('',(11.000002,21.775981849563));
#8756 = CARTESIAN_POINT('',(11.000002,26.972132540219));
#8757 = ( GEOMETRIC_REPRESENTATION_CONTEXT(2) 
PARAMETRIC_REPRESENTATION_CONTEXT() REPRESENTATION_CONTEXT('2D SPACE',''
  ) );
#8758 = PCURVE('',#4670,#8759);
#8759 = DEFINITIONAL_REPRESENTATION('',(#8760),#8764);
#8760 = LINE('',#8761,#8762);
#8761 = CARTESIAN_POINT('',(0.,3.5));
#8762 = VECTOR('',#8763,1.);
#8763 = DIRECTION('',(1.,0.));
#8764 = ( GEOMETRIC_REPRESENTATION_CONTEXT(2) 
PARAMETRIC_REPRESENTATION_CONTEXT() REPRESENTATION_CONTEXT('2D SPACE',''
  ) );
#8765 = ORIENTED_EDGE('',*,*,#8766,.T.);
#8766 = EDGE_CURVE('',#8739,#8485,#8767,.T.);
#8767 = SURFACE_CURVE('',#8768,(#8772,#8778),.PCURVE_S1.);
#8768 = LINE('',#8769,#8770);
#8769 = CARTESIAN_POINT('',(-17.,0.51393372989,8.));
#8770 = VECTOR('',#8771,1.);
#8771 = DIRECTION('',(0.,-1.,0.));
#8772 = PCURVE('',#95,#8773);
#8773 = DEFINITIONAL_REPRESENTATION('',(#8774),#8777);
#8774 = B_SPLINE_CURVE_WITH_KNOTS('',1,(#8775,#8776),.UNSPECIFIED.,.F.,
  .F.,(2,2),(-17.98606727011,-8.98606527011),.PIECEWISE_BEZIER_KNOTS.);
#8775 = CARTESIAN_POINT('',(17.,26.972132540219));
#8776 = CARTESIAN_POINT('',(17.,17.972130540219));
#8777 = ( GEOMETRIC_REPRESENTATION_CONTEXT(2) 
PARAMETRIC_REPRESENTATION_CONTEXT() REPRESENTATION_CONTEXT('2D SPACE',''
  ) );
#8778 = PCURVE('',#4695,#8779);
#8779 = DEFINITIONAL_REPRESENTATION('',(#8780),#8783);
#8780 = B_SPLINE_CURVE_WITH_KNOTS('',1,(#8781,#8782),.UNSPECIFIED.,.F.,
  .F.,(2,2),(-17.98606727011,-8.98606527011),.PIECEWISE_BEZIER_KNOTS.);
#8781 = CARTESIAN_POINT('',(3.5,-9.000002));
#8782 = CARTESIAN_POINT('',(3.5,0.));
#8783 = ( GEOMETRIC_REPRESENTATION_CONTEXT(2) 
PARAMETRIC_REPRESENTATION_CONTEXT() REPRESENTATION_CONTEXT('2D SPACE',''
  ) );
#8784 = FACE_BOUND('',#8785,.F.);
#8785 = EDGE_LOOP('',(#8786));
#8786 = ORIENTED_EDGE('',*,*,#8787,.T.);
#8787 = EDGE_CURVE('',#8788,#8788,#8790,.T.);
#8788 = VERTEX_POINT('',#8789);
#8789 = CARTESIAN_POINT('',(-19.33333333333,13.819269959814,8.));
#8790 = SURFACE_CURVE('',#8791,(#8796,#8807),.PCURVE_S1.);
#8791 = CIRCLE('',#8792,1.5);
#8792 = AXIS2_PLACEMENT_3D('',#8793,#8794,#8795);
#8793 = CARTESIAN_POINT('',(-20.83333333333,13.819269959814,8.));
#8794 = DIRECTION('',(0.,0.,1.));
#8795 = DIRECTION('',(1.,0.,-0.));
#8796 = PCURVE('',#95,#8797);
#8797 = DEFINITIONAL_REPRESENTATION('',(#8798),#8806);
#8798 = ( BOUNDED_CURVE() B_SPLINE_CURVE(2,(#8799,#8800,#8801,#8802,
#8803,#8804,#8805),.UNSPECIFIED.,.T.,.F.) B_SPLINE_CURVE_WITH_KNOTS((1,2
    ,2,2,2,1),(-2.094395102393,0.,2.094395102393,4.188790204786,
6.28318530718,8.377580409573),.UNSPECIFIED.) CURVE() 
GEOMETRIC_REPRESENTATION_ITEM() RATIONAL_B_SPLINE_CURVE((1.,0.5,1.,0.5,
1.,0.5,1.)) REPRESENTATION_ITEM('') );
#8799 = CARTESIAN_POINT('',(19.333333333333,22.291401500033));
#8800 = CARTESIAN_POINT('',(19.333333333333,24.889477711387));
#8801 = CARTESIAN_POINT('',(21.583333333333,23.59043960571));
#8802 = CARTESIAN_POINT('',(23.833333333333,22.291401500033));
#8803 = CARTESIAN_POINT('',(21.583333333333,20.992363394357));
#8804 = CARTESIAN_POINT('',(19.333333333333,19.69332528868));
#8805 = CARTESIAN_POINT('',(19.333333333333,22.291401500033));
#8806 = ( GEOMETRIC_REPRESENTATION_CONTEXT(2) 
PARAMETRIC_REPRESENTATION_CONTEXT() REPRESENTATION_CONTEXT('2D SPACE',''
  ) );
#8807 = PCURVE('',#4729,#8808);
#8808 = DEFINITIONAL_REPRESENTATION('',(#8809),#8813);
#8809 = LINE('',#8810,#8811);
#8810 = CARTESIAN_POINT('',(0.,3.5));
#8811 = VECTOR('',#8812,1.);
#8812 = DIRECTION('',(1.,0.));
#8813 = ( GEOMETRIC_REPRESENTATION_CONTEXT(2) 
PARAMETRIC_REPRESENTATION_CONTEXT() REPRESENTATION_CONTEXT('2D SPACE',''
  ) );
#8814 = FACE_BOUND('',#8815,.F.);
#8815 = EDGE_LOOP('',(#8816,#8839,#8867,#8888,#8916,#8937,#8965,#8986));
#8816 = ORIENTED_EDGE('',*,*,#8817,.T.);
#8817 = EDGE_CURVE('',#8818,#8820,#8822,.T.);
#8818 = VERTEX_POINT('',#8819);
#8819 = CARTESIAN_POINT('',(-4.5,30.,8.));
#8820 = VERTEX_POINT('',#8821);
#8821 = CARTESIAN_POINT('',(-4.5,22.,8.));
#8822 = SURFACE_CURVE('',#8823,(#8827,#8833),.PCURVE_S1.);
#8823 = LINE('',#8824,#8825);
#8824 = CARTESIAN_POINT('',(-4.5,6.76393422989,8.));
#8825 = VECTOR('',#8826,1.);
#8826 = DIRECTION('',(0.,-1.,0.));
#8827 = PCURVE('',#95,#8828);
#8828 = DEFINITIONAL_REPRESENTATION('',(#8829),#8832);
#8829 = B_SPLINE_CURVE_WITH_KNOTS('',1,(#8830,#8831),.UNSPECIFIED.,.F.,
  .F.,(2,2),(-23.23606577011,-15.23606577011),.PIECEWISE_BEZIER_KNOTS.);
#8830 = CARTESIAN_POINT('',(4.5,38.472131540219));
#8831 = CARTESIAN_POINT('',(4.5,30.472131540219));
#8832 = ( GEOMETRIC_REPRESENTATION_CONTEXT(2) 
PARAMETRIC_REPRESENTATION_CONTEXT() REPRESENTATION_CONTEXT('2D SPACE',''
  ) );
#8833 = PCURVE('',#4760,#8834);
#8834 = DEFINITIONAL_REPRESENTATION('',(#8835),#8838);
#8835 = B_SPLINE_CURVE_WITH_KNOTS('',1,(#8836,#8837),.UNSPECIFIED.,.F.,
  .F.,(2,2),(-23.23606577011,-15.23606577011),.PIECEWISE_BEZIER_KNOTS.);
#8836 = CARTESIAN_POINT('',(3.5,-8.));
#8837 = CARTESIAN_POINT('',(3.5,0.));
#8838 = ( GEOMETRIC_REPRESENTATION_CONTEXT(2) 
PARAMETRIC_REPRESENTATION_CONTEXT() REPRESENTATION_CONTEXT('2D SPACE',''
  ) );
#8839 = ORIENTED_EDGE('',*,*,#8840,.T.);
#8840 = EDGE_CURVE('',#8820,#8841,#8843,.T.);
#8841 = VERTEX_POINT('',#8842);
#8842 = CARTESIAN_POINT('',(-0.5,18.,8.));
#8843 = SURFACE_CURVE('',#8844,(#8849,#8860),.PCURVE_S1.);
#8844 = CIRCLE('',#8845,4.);
#8845 = AXIS2_PLACEMENT_3D('',#8846,#8847,#8848);
#8846 = CARTESIAN_POINT('',(-0.5,22.,8.));
#8847 = DIRECTION('',(0.,0.,1.));
#8848 = DIRECTION('',(1.,0.,-0.));
#8849 = PCURVE('',#95,#8850);
#8850 = DEFINITIONAL_REPRESENTATION('',(#8851),#8859);
#8851 = ( BOUNDED_CURVE() B_SPLINE_CURVE(2,(#8852,#8853,#8854,#8855,
#8856,#8857,#8858),.UNSPECIFIED.,.T.,.F.) B_SPLINE_CURVE_WITH_KNOTS((1,2
    ,2,2,2,1),(-2.094395102393,0.,2.094395102393,4.188790204786,
6.28318530718,8.377580409573),.UNSPECIFIED.) CURVE() 
GEOMETRIC_REPRESENTATION_ITEM() RATIONAL_B_SPLINE_CURVE((1.,0.5,1.,0.5,
1.,0.5,1.)) REPRESENTATION_ITEM('') );
#8852 = CARTESIAN_POINT('',(-3.5,30.472131540219));
#8853 = CARTESIAN_POINT('',(-3.5,37.400334770495));
#8854 = CARTESIAN_POINT('',(2.5,33.936233155357));
#8855 = CARTESIAN_POINT('',(8.5,30.472131540219));
#8856 = CARTESIAN_POINT('',(2.5,27.008029925081));
#8857 = CARTESIAN_POINT('',(-3.5,23.543928309944));
#8858 = CARTESIAN_POINT('',(-3.5,30.472131540219));
#8859 = ( GEOMETRIC_REPRESENTATION_CONTEXT(2) 
PARAMETRIC_REPRESENTATION_CONTEXT() REPRESENTATION_CONTEXT('2D SPACE',''
  ) );
#8860 = PCURVE('',#4792,#8861);
#8861 = DEFINITIONAL_REPRESENTATION('',(#8862),#8866);
#8862 = LINE('',#8863,#8864);
#8863 = CARTESIAN_POINT('',(0.,3.5));
#8864 = VECTOR('',#8865,1.);
#8865 = DIRECTION('',(1.,0.));
#8866 = ( GEOMETRIC_REPRESENTATION_CONTEXT(2) 
PARAMETRIC_REPRESENTATION_CONTEXT() REPRESENTATION_CONTEXT('2D SPACE',''
  ) );
#8867 = ORIENTED_EDGE('',*,*,#8868,.T.);
#8868 = EDGE_CURVE('',#8841,#8869,#8871,.T.);
#8869 = VERTEX_POINT('',#8870);
#8870 = CARTESIAN_POINT('',(0.5,18.,8.));
#8871 = SURFACE_CURVE('',#8872,(#8876,#8882),.PCURVE_S1.);
#8872 = LINE('',#8873,#8874);
#8873 = CARTESIAN_POINT('',(-0.25,18.,8.));
#8874 = VECTOR('',#8875,1.);
#8875 = DIRECTION('',(1.,0.,-0.));
#8876 = PCURVE('',#95,#8877);
#8877 = DEFINITIONAL_REPRESENTATION('',(#8878),#8881);
#8878 = B_SPLINE_CURVE_WITH_KNOTS('',1,(#8879,#8880),.UNSPECIFIED.,.F.,
  .F.,(2,2),(-0.25,0.75),.PIECEWISE_BEZIER_KNOTS.);
#8879 = CARTESIAN_POINT('',(0.5,26.472131540219));
#8880 = CARTESIAN_POINT('',(-0.5,26.472131540219));
#8881 = ( GEOMETRIC_REPRESENTATION_CONTEXT(2) 
PARAMETRIC_REPRESENTATION_CONTEXT() REPRESENTATION_CONTEXT('2D SPACE',''
  ) );
#8882 = PCURVE('',#4819,#8883);
#8883 = DEFINITIONAL_REPRESENTATION('',(#8884),#8887);
#8884 = B_SPLINE_CURVE_WITH_KNOTS('',1,(#8885,#8886),.UNSPECIFIED.,.F.,
  .F.,(2,2),(-0.25,0.75),.PIECEWISE_BEZIER_KNOTS.);
#8885 = CARTESIAN_POINT('',(3.5,0.));
#8886 = CARTESIAN_POINT('',(3.5,1.));
#8887 = ( GEOMETRIC_REPRESENTATION_CONTEXT(2) 
PARAMETRIC_REPRESENTATION_CONTEXT() REPRESENTATION_CONTEXT('2D SPACE',''
  ) );
#8888 = ORIENTED_EDGE('',*,*,#8889,.T.);
#8889 = EDGE_CURVE('',#8869,#8890,#8892,.T.);
#8890 = VERTEX_POINT('',#8891);
#8891 = CARTESIAN_POINT('',(4.5,22.,8.));
#8892 = SURFACE_CURVE('',#8893,(#8898,#8909),.PCURVE_S1.);
#8893 = CIRCLE('',#8894,4.);
#8894 = AXIS2_PLACEMENT_3D('',#8895,#8896,#8897);
#8895 = CARTESIAN_POINT('',(0.5,22.,8.));
#8896 = DIRECTION('',(0.,0.,1.));
#8897 = DIRECTION('',(1.,0.,-0.));
#8898 = PCURVE('',#95,#8899);
#8899 = DEFINITIONAL_REPRESENTATION('',(#8900),#8908);
#8900 = ( BOUNDED_CURVE() B_SPLINE_CURVE(2,(#8901,#8902,#8903,#8904,
#8905,#8906,#8907),.UNSPECIFIED.,.T.,.F.) B_SPLINE_CURVE_WITH_KNOTS((1,2
    ,2,2,2,1),(-2.094395102393,0.,2.094395102393,4.188790204786,
6.28318530718,8.377580409573),.UNSPECIFIED.) CURVE() 
GEOMETRIC_REPRESENTATION_ITEM() RATIONAL_B_SPLINE_CURVE((1.,0.5,1.,0.5,
1.,0.5,1.)) REPRESENTATION_ITEM('') );
#8901 = CARTESIAN_POINT('',(-4.5,30.472131540219));
#8902 = CARTESIAN_POINT('',(-4.5,37.400334770495));
#8903 = CARTESIAN_POINT('',(1.5,33.936233155357));
#8904 = CARTESIAN_POINT('',(7.5,30.472131540219));
#8905 = CARTESIAN_POINT('',(1.5,27.008029925081));
#8906 = CARTESIAN_POINT('',(-4.5,23.543928309944));
#8907 = CARTESIAN_POINT('',(-4.5,30.472131540219));
#8908 = ( GEOMETRIC_REPRESENTATION_CONTEXT(2) 
PARAMETRIC_REPRESENTATION_CONTEXT() REPRESENTATION_CONTEXT('2D SPACE',''
  ) );
#8909 = PCURVE('',#4851,#8910);
#8910 = DEFINITIONAL_REPRESENTATION('',(#8911),#8915);
#8911 = LINE('',#8912,#8913);
#8912 = CARTESIAN_POINT('',(0.,3.5));
#8913 = VECTOR('',#8914,1.);
#8914 = DIRECTION('',(1.,0.));
#8915 = ( GEOMETRIC_REPRESENTATION_CONTEXT(2) 
PARAMETRIC_REPRESENTATION_CONTEXT() REPRESENTATION_CONTEXT('2D SPACE',''
  ) );
#8916 = ORIENTED_EDGE('',*,*,#8917,.F.);
#8917 = EDGE_CURVE('',#8918,#8890,#8920,.T.);
#8918 = VERTEX_POINT('',#8919);
#8919 = CARTESIAN_POINT('',(4.5,30.,8.));
#8920 = SURFACE_CURVE('',#8921,(#8925,#8931),.PCURVE_S1.);
#8921 = LINE('',#8922,#8923);
#8922 = CARTESIAN_POINT('',(4.5,6.76393422989,8.));
#8923 = VECTOR('',#8924,1.);
#8924 = DIRECTION('',(0.,-1.,0.));
#8925 = PCURVE('',#95,#8926);
#8926 = DEFINITIONAL_REPRESENTATION('',(#8927),#8930);
#8927 = B_SPLINE_CURVE_WITH_KNOTS('',1,(#8928,#8929),.UNSPECIFIED.,.F.,
  .F.,(2,2),(-23.23606577011,-15.23606577011),.PIECEWISE_BEZIER_KNOTS.);
#8928 = CARTESIAN_POINT('',(-4.5,38.472131540219));
#8929 = CARTESIAN_POINT('',(-4.5,30.472131540219));
#8930 = ( GEOMETRIC_REPRESENTATION_CONTEXT(2) 
PARAMETRIC_REPRESENTATION_CONTEXT() REPRESENTATION_CONTEXT('2D SPACE',''
  ) );
#8931 = PCURVE('',#4878,#8932);
#8932 = DEFINITIONAL_REPRESENTATION('',(#8933),#8936);
#8933 = B_SPLINE_CURVE_WITH_KNOTS('',1,(#8934,#8935),.UNSPECIFIED.,.F.,
  .F.,(2,2),(-23.23606577011,-15.23606577011),.PIECEWISE_BEZIER_KNOTS.);
#8934 = CARTESIAN_POINT('',(3.5,-8.));
#8935 = CARTESIAN_POINT('',(3.5,0.));
#8936 = ( GEOMETRIC_REPRESENTATION_CONTEXT(2) 
PARAMETRIC_REPRESENTATION_CONTEXT() REPRESENTATION_CONTEXT('2D SPACE',''
  ) );
#8937 = ORIENTED_EDGE('',*,*,#8938,.T.);
#8938 = EDGE_CURVE('',#8918,#8939,#8941,.T.);
#8939 = VERTEX_POINT('',#8940);
#8940 = CARTESIAN_POINT('',(0.5,34.,8.));
#8941 = SURFACE_CURVE('',#8942,(#8947,#8958),.PCURVE_S1.);
#8942 = CIRCLE('',#8943,4.);
#8943 = AXIS2_PLACEMENT_3D('',#8944,#8945,#8946);
#8944 = CARTESIAN_POINT('',(0.5,30.,8.));
#8945 = DIRECTION('',(0.,0.,1.));
#8946 = DIRECTION('',(1.,0.,-0.));
#8947 = PCURVE('',#95,#8948);
#8948 = DEFINITIONAL_REPRESENTATION('',(#8949),#8957);
#8949 = ( BOUNDED_CURVE() B_SPLINE_CURVE(2,(#8950,#8951,#8952,#8953,
#8954,#8955,#8956),.UNSPECIFIED.,.T.,.F.) B_SPLINE_CURVE_WITH_KNOTS((1,2
    ,2,2,2,1),(-2.094395102393,0.,2.094395102393,4.188790204786,
6.28318530718,8.377580409573),.UNSPECIFIED.) CURVE() 
GEOMETRIC_REPRESENTATION_ITEM() RATIONAL_B_SPLINE_CURVE((1.,0.5,1.,0.5,
1.,0.5,1.)) REPRESENTATION_ITEM('') );
#8950 = CARTESIAN_POINT('',(-4.5,38.472131540219));
#8951 = CARTESIAN_POINT('',(-4.5,45.400334770495));
#8952 = CARTESIAN_POINT('',(1.5,41.936233155357));
#8953 = CARTESIAN_POINT('',(7.5,38.472131540219));
#8954 = CARTESIAN_POINT('',(1.5,35.008029925081));
#8955 = CARTESIAN_POINT('',(-4.5,31.543928309944));
#8956 = CARTESIAN_POINT('',(-4.5,38.472131540219));
#8957 = ( GEOMETRIC_REPRESENTATION_CONTEXT(2) 
PARAMETRIC_REPRESENTATION_CONTEXT() REPRESENTATION_CONTEXT('2D SPACE',''
  ) );
#8958 = PCURVE('',#4910,#8959);
#8959 = DEFINITIONAL_REPRESENTATION('',(#8960),#8964);
#8960 = LINE('',#8961,#8962);
#8961 = CARTESIAN_POINT('',(0.,3.5));
#8962 = VECTOR('',#8963,1.);
#8963 = DIRECTION('',(1.,0.));
#8964 = ( GEOMETRIC_REPRESENTATION_CONTEXT(2) 
PARAMETRIC_REPRESENTATION_CONTEXT() REPRESENTATION_CONTEXT('2D SPACE',''
  ) );
#8965 = ORIENTED_EDGE('',*,*,#8966,.F.);
#8966 = EDGE_CURVE('',#8967,#8939,#8969,.T.);
#8967 = VERTEX_POINT('',#8968);
#8968 = CARTESIAN_POINT('',(-0.5,34.,8.));
#8969 = SURFACE_CURVE('',#8970,(#8974,#8980),.PCURVE_S1.);
#8970 = LINE('',#8971,#8972);
#8971 = CARTESIAN_POINT('',(-0.25,34.,8.));
#8972 = VECTOR('',#8973,1.);
#8973 = DIRECTION('',(1.,0.,-0.));
#8974 = PCURVE('',#95,#8975);
#8975 = DEFINITIONAL_REPRESENTATION('',(#8976),#8979);
#8976 = B_SPLINE_CURVE_WITH_KNOTS('',1,(#8977,#8978),.UNSPECIFIED.,.F.,
  .F.,(2,2),(-0.25,0.75),.PIECEWISE_BEZIER_KNOTS.);
#8977 = CARTESIAN_POINT('',(0.5,42.472131540219));
#8978 = CARTESIAN_POINT('',(-0.5,42.472131540219));
#8979 = ( GEOMETRIC_REPRESENTATION_CONTEXT(2) 
PARAMETRIC_REPRESENTATION_CONTEXT() REPRESENTATION_CONTEXT('2D SPACE',''
  ) );
#8980 = PCURVE('',#4937,#8981);
#8981 = DEFINITIONAL_REPRESENTATION('',(#8982),#8985);
#8982 = B_SPLINE_CURVE_WITH_KNOTS('',1,(#8983,#8984),.UNSPECIFIED.,.F.,
  .F.,(2,2),(-0.25,0.75),.PIECEWISE_BEZIER_KNOTS.);
#8983 = CARTESIAN_POINT('',(3.5,0.));
#8984 = CARTESIAN_POINT('',(3.5,1.));
#8985 = ( GEOMETRIC_REPRESENTATION_CONTEXT(2) 
PARAMETRIC_REPRESENTATION_CONTEXT() REPRESENTATION_CONTEXT('2D SPACE',''
  ) );
#8986 = ORIENTED_EDGE('',*,*,#8987,.T.);
#8987 = EDGE_CURVE('',#8967,#8818,#8988,.T.);
#8988 = SURFACE_CURVE('',#8989,(#8994,#9005),.PCURVE_S1.);
#8989 = CIRCLE('',#8990,4.);
#8990 = AXIS2_PLACEMENT_3D('',#8991,#8992,#8993);
#8991 = CARTESIAN_POINT('',(-0.5,30.,8.));
#8992 = DIRECTION('',(0.,0.,1.));
#8993 = DIRECTION('',(1.,0.,-0.));
#8994 = PCURVE('',#95,#8995);
#8995 = DEFINITIONAL_REPRESENTATION('',(#8996),#9004);
#8996 = ( BOUNDED_CURVE() B_SPLINE_CURVE(2,(#8997,#8998,#8999,#9000,
#9001,#9002,#9003),.UNSPECIFIED.,.T.,.F.) B_SPLINE_CURVE_WITH_KNOTS((1,2
    ,2,2,2,1),(-2.094395102393,0.,2.094395102393,4.188790204786,
6.28318530718,8.377580409573),.UNSPECIFIED.) CURVE() 
GEOMETRIC_REPRESENTATION_ITEM() RATIONAL_B_SPLINE_CURVE((1.,0.5,1.,0.5,
1.,0.5,1.)) REPRESENTATION_ITEM('') );
#8997 = CARTESIAN_POINT('',(-3.5,38.472131540219));
#8998 = CARTESIAN_POINT('',(-3.5,45.400334770495));
#8999 = CARTESIAN_POINT('',(2.5,41.936233155357));
#9000 = CARTESIAN_POINT('',(8.5,38.472131540219));
#9001 = CARTESIAN_POINT('',(2.5,35.008029925081));
#9002 = CARTESIAN_POINT('',(-3.5,31.543928309944));
#9003 = CARTESIAN_POINT('',(-3.5,38.472131540219));
#9004 = ( GEOMETRIC_REPRESENTATION_CONTEXT(2) 
PARAMETRIC_REPRESENTATION_CONTEXT() REPRESENTATION_CONTEXT('2D SPACE',''
  ) );
#9005 = PCURVE('',#4967,#9006);
#9006 = DEFINITIONAL_REPRESENTATION('',(#9007),#9011);
#9007 = LINE('',#9008,#9009);
#9008 = CARTESIAN_POINT('',(0.,3.5));
#9009 = VECTOR('',#9010,1.);
#9010 = DIRECTION('',(1.,0.));
#9011 = ( GEOMETRIC_REPRESENTATION_CONTEXT(2) 
PARAMETRIC_REPRESENTATION_CONTEXT() REPRESENTATION_CONTEXT('2D SPACE',''
  ) );
#9012 = FACE_BOUND('',#9013,.F.);
#9013 = EDGE_LOOP('',(#9014,#9044,#9072,#9100));
#9014 = ORIENTED_EDGE('',*,*,#9015,.T.);
#9015 = EDGE_CURVE('',#9016,#9018,#9020,.T.);
#9016 = VERTEX_POINT('',#9017);
#9017 = CARTESIAN_POINT('',(-11.58578643762,25.5,8.));
#9018 = VERTEX_POINT('',#9019);
#9019 = CARTESIAN_POINT('',(-11.5,26.,8.));
#9020 = SURFACE_CURVE('',#9021,(#9026,#9037),.PCURVE_S1.);
#9021 = CIRCLE('',#9022,1.5);
#9022 = AXIS2_PLACEMENT_3D('',#9023,#9024,#9025);
#9023 = CARTESIAN_POINT('',(-13.,26.,8.));
#9024 = DIRECTION('',(0.,0.,1.));
#9025 = DIRECTION('',(1.,0.,-0.));
#9026 = PCURVE('',#95,#9027);
#9027 = DEFINITIONAL_REPRESENTATION('',(#9028),#9036);
#9028 = ( BOUNDED_CURVE() B_SPLINE_CURVE(2,(#9029,#9030,#9031,#9032,
#9033,#9034,#9035),.UNSPECIFIED.,.T.,.F.) B_SPLINE_CURVE_WITH_KNOTS((1,2
    ,2,2,2,1),(-2.094395102393,0.,2.094395102393,4.188790204786,
6.28318530718,8.377580409573),.UNSPECIFIED.) CURVE() 
GEOMETRIC_REPRESENTATION_ITEM() RATIONAL_B_SPLINE_CURVE((1.,0.5,1.,0.5,
1.,0.5,1.)) REPRESENTATION_ITEM('') );
#9029 = CARTESIAN_POINT('',(11.5,34.472131540219));
#9030 = CARTESIAN_POINT('',(11.5,37.070207751572));
#9031 = CARTESIAN_POINT('',(13.75,35.771169645896));
#9032 = CARTESIAN_POINT('',(16.,34.472131540219));
#9033 = CARTESIAN_POINT('',(13.75,33.173093434542));
#9034 = CARTESIAN_POINT('',(11.5,31.874055328866));
#9035 = CARTESIAN_POINT('',(11.5,34.472131540219));
#9036 = ( GEOMETRIC_REPRESENTATION_CONTEXT(2) 
PARAMETRIC_REPRESENTATION_CONTEXT() REPRESENTATION_CONTEXT('2D SPACE',''
  ) );
#9037 = PCURVE('',#5004,#9038);
#9038 = DEFINITIONAL_REPRESENTATION('',(#9039),#9043);
#9039 = LINE('',#9040,#9041);
#9040 = CARTESIAN_POINT('',(0.,3.5));
#9041 = VECTOR('',#9042,1.);
#9042 = DIRECTION('',(1.,0.));
#9043 = ( GEOMETRIC_REPRESENTATION_CONTEXT(2) 
PARAMETRIC_REPRESENTATION_CONTEXT() REPRESENTATION_CONTEXT('2D SPACE',''
  ) );
#9044 = ORIENTED_EDGE('',*,*,#9045,.T.);
#9045 = EDGE_CURVE('',#9018,#9046,#9048,.T.);
#9046 = VERTEX_POINT('',#9047);
#9047 = CARTESIAN_POINT('',(-14.41421356237,25.5,8.));
#9048 = SURFACE_CURVE('',#9049,(#9054,#9065),.PCURVE_S1.);
#9049 = CIRCLE('',#9050,1.5);
#9050 = AXIS2_PLACEMENT_3D('',#9051,#9052,#9053);
#9051 = CARTESIAN_POINT('',(-13.,26.,8.));
#9052 = DIRECTION('',(0.,0.,1.));
#9053 = DIRECTION('',(1.,0.,-0.));
#9054 = PCURVE('',#95,#9055);
#9055 = DEFINITIONAL_REPRESENTATION('',(#9056),#9064);
#9056 = ( BOUNDED_CURVE() B_SPLINE_CURVE(2,(#9057,#9058,#9059,#9060,
#9061,#9062,#9063),.UNSPECIFIED.,.T.,.F.) B_SPLINE_CURVE_WITH_KNOTS((1,2
    ,2,2,2,1),(-2.094395102393,0.,2.094395102393,4.188790204786,
6.28318530718,8.377580409573),.UNSPECIFIED.) CURVE() 
GEOMETRIC_REPRESENTATION_ITEM() RATIONAL_B_SPLINE_CURVE((1.,0.5,1.,0.5,
1.,0.5,1.)) REPRESENTATION_ITEM('') );
#9057 = CARTESIAN_POINT('',(11.5,34.472131540219));
#9058 = CARTESIAN_POINT('',(11.5,37.070207751572));
#9059 = CARTESIAN_POINT('',(13.75,35.771169645896));
#9060 = CARTESIAN_POINT('',(16.,34.472131540219));
#9061 = CARTESIAN_POINT('',(13.75,33.173093434542));
#9062 = CARTESIAN_POINT('',(11.5,31.874055328866));
#9063 = CARTESIAN_POINT('',(11.5,34.472131540219));
#9064 = ( GEOMETRIC_REPRESENTATION_CONTEXT(2) 
PARAMETRIC_REPRESENTATION_CONTEXT() REPRESENTATION_CONTEXT('2D SPACE',''
  ) );
#9065 = PCURVE('',#5037,#9066);
#9066 = DEFINITIONAL_REPRESENTATION('',(#9067),#9071);
#9067 = LINE('',#9068,#9069);
#9068 = CARTESIAN_POINT('',(0.,3.5));
#9069 = VECTOR('',#9070,1.);
#9070 = DIRECTION('',(1.,0.));
#9071 = ( GEOMETRIC_REPRESENTATION_CONTEXT(2) 
PARAMETRIC_REPRESENTATION_CONTEXT() REPRESENTATION_CONTEXT('2D SPACE',''
  ) );
#9072 = ORIENTED_EDGE('',*,*,#9073,.T.);
#9073 = EDGE_CURVE('',#9046,#9074,#9076,.T.);
#9074 = VERTEX_POINT('',#9075);
#9075 = CARTESIAN_POINT('',(-11.5,25.,8.));
#9076 = SURFACE_CURVE('',#9077,(#9082,#9093),.PCURVE_S1.);
#9077 = CIRCLE('',#9078,1.5);
#9078 = AXIS2_PLACEMENT_3D('',#9079,#9080,#9081);
#9079 = CARTESIAN_POINT('',(-13.,25.,8.));
#9080 = DIRECTION('',(0.,0.,1.));
#9081 = DIRECTION('',(1.,0.,-0.));
#9082 = PCURVE('',#95,#9083);
#9083 = DEFINITIONAL_REPRESENTATION('',(#9084),#9092);
#9084 = ( BOUNDED_CURVE() B_SPLINE_CURVE(2,(#9085,#9086,#9087,#9088,
#9089,#9090,#9091),.UNSPECIFIED.,.T.,.F.) B_SPLINE_CURVE_WITH_KNOTS((1,2
    ,2,2,2,1),(-2.094395102393,0.,2.094395102393,4.188790204786,
6.28318530718,8.377580409573),.UNSPECIFIED.) CURVE() 
GEOMETRIC_REPRESENTATION_ITEM() RATIONAL_B_SPLINE_CURVE((1.,0.5,1.,0.5,
1.,0.5,1.)) REPRESENTATION_ITEM('') );
#9085 = CARTESIAN_POINT('',(11.5,33.472131540219));
#9086 = CARTESIAN_POINT('',(11.5,36.070207751572));
#9087 = CARTESIAN_POINT('',(13.75,34.771169645896));
#9088 = CARTESIAN_POINT('',(16.,33.472131540219));
#9089 = CARTESIAN_POINT('',(13.75,32.173093434542));
#9090 = CARTESIAN_POINT('',(11.5,30.874055328866));
#9091 = CARTESIAN_POINT('',(11.5,33.472131540219));
#9092 = ( GEOMETRIC_REPRESENTATION_CONTEXT(2) 
PARAMETRIC_REPRESENTATION_CONTEXT() REPRESENTATION_CONTEXT('2D SPACE',''
  ) );
#9093 = PCURVE('',#5070,#9094);
#9094 = DEFINITIONAL_REPRESENTATION('',(#9095),#9099);
#9095 = LINE('',#9096,#9097);
#9096 = CARTESIAN_POINT('',(0.,3.5));
#9097 = VECTOR('',#9098,1.);
#9098 = DIRECTION('',(1.,0.));
#9099 = ( GEOMETRIC_REPRESENTATION_CONTEXT(2) 
PARAMETRIC_REPRESENTATION_CONTEXT() REPRESENTATION_CONTEXT('2D SPACE',''
  ) );
#9100 = ORIENTED_EDGE('',*,*,#9101,.T.);
#9101 = EDGE_CURVE('',#9074,#9016,#9102,.T.);
#9102 = SURFACE_CURVE('',#9103,(#9108,#9119),.PCURVE_S1.);
#9103 = CIRCLE('',#9104,1.5);
#9104 = AXIS2_PLACEMENT_3D('',#9105,#9106,#9107);
#9105 = CARTESIAN_POINT('',(-13.,25.,8.));
#9106 = DIRECTION('',(0.,0.,1.));
#9107 = DIRECTION('',(1.,0.,-0.));
#9108 = PCURVE('',#95,#9109);
#9109 = DEFINITIONAL_REPRESENTATION('',(#9110),#9118);
#9110 = ( BOUNDED_CURVE() B_SPLINE_CURVE(2,(#9111,#9112,#9113,#9114,
#9115,#9116,#9117),.UNSPECIFIED.,.T.,.F.) B_SPLINE_CURVE_WITH_KNOTS((1,2
    ,2,2,2,1),(-2.094395102393,0.,2.094395102393,4.188790204786,
6.28318530718,8.377580409573),.UNSPECIFIED.) CURVE() 
GEOMETRIC_REPRESENTATION_ITEM() RATIONAL_B_SPLINE_CURVE((1.,0.5,1.,0.5,
1.,0.5,1.)) REPRESENTATION_ITEM('') );
#9111 = CARTESIAN_POINT('',(11.5,33.472131540219));
#9112 = CARTESIAN_POINT('',(11.5,36.070207751572));
#9113 = CARTESIAN_POINT('',(13.75,34.771169645896));
#9114 = CARTESIAN_POINT('',(16.,33.472131540219));
#9115 = CARTESIAN_POINT('',(13.75,32.173093434542));
#9116 = CARTESIAN_POINT('',(11.5,30.874055328866));
#9117 = CARTESIAN_POINT('',(11.5,33.472131540219));
#9118 = ( GEOMETRIC_REPRESENTATION_CONTEXT(2) 
PARAMETRIC_REPRESENTATION_CONTEXT() REPRESENTATION_CONTEXT('2D SPACE',''
  ) );
#9119 = PCURVE('',#5101,#9120);
#9120 = DEFINITIONAL_REPRESENTATION('',(#9121),#9125);
#9121 = LINE('',#9122,#9123);
#9122 = CARTESIAN_POINT('',(0.,3.5));
#9123 = VECTOR('',#9124,1.);
#9124 = DIRECTION('',(1.,0.));
#9125 = ( GEOMETRIC_REPRESENTATION_CONTEXT(2) 
PARAMETRIC_REPRESENTATION_CONTEXT() REPRESENTATION_CONTEXT('2D SPACE',''
  ) );
#9126 = ADVANCED_FACE('',(#9127),#183,.T.);
#9127 = FACE_BOUND('',#9128,.T.);
#9128 = EDGE_LOOP('',(#9129,#9150,#9151,#9152));
#9129 = ORIENTED_EDGE('',*,*,#9130,.T.);
#9130 = EDGE_CURVE('',#2419,#6868,#9131,.T.);
#9131 = SURFACE_CURVE('',#9132,(#9136,#9143),.PCURVE_S1.);
#9132 = LINE('',#9133,#9134);
#9133 = CARTESIAN_POINT('',(-10.51282051282,46.769230769231,5.5));
#9134 = VECTOR('',#9135,1.);
#9135 = DIRECTION('',(0.,0.,1.));
#9136 = PCURVE('',#183,#9137);
#9137 = DEFINITIONAL_REPRESENTATION('',(#9138),#9142);
#9138 = LINE('',#9139,#9140);
#9139 = CARTESIAN_POINT('',(3.53638377329,0.));
#9140 = VECTOR('',#9141,1.);
#9141 = DIRECTION('',(0.,-1.));
#9142 = ( GEOMETRIC_REPRESENTATION_CONTEXT(2) 
PARAMETRIC_REPRESENTATION_CONTEXT() REPRESENTATION_CONTEXT('2D SPACE',''
  ) );
#9143 = PCURVE('',#2434,#9144);
#9144 = DEFINITIONAL_REPRESENTATION('',(#9145),#9149);
#9145 = LINE('',#9146,#9147);
#9146 = CARTESIAN_POINT('',(5.149046888942,0.));
#9147 = VECTOR('',#9148,1.);
#9148 = DIRECTION('',(0.,-1.));
#9149 = ( GEOMETRIC_REPRESENTATION_CONTEXT(2) 
PARAMETRIC_REPRESENTATION_CONTEXT() REPRESENTATION_CONTEXT('2D SPACE',''
  ) );
#9150 = ORIENTED_EDGE('',*,*,#6890,.T.);
#9151 = ORIENTED_EDGE('',*,*,#165,.F.);
#9152 = ORIENTED_EDGE('',*,*,#2446,.F.);
#9153 = ADVANCED_FACE('',(#9154),#281,.F.);
#9154 = FACE_BOUND('',#9155,.T.);
#9155 = EDGE_LOOP('',(#9156,#9157,#9158,#9179));
#9156 = ORIENTED_EDGE('',*,*,#265,.T.);
#9157 = ORIENTED_EDGE('',*,*,#5118,.T.);
#9158 = ORIENTED_EDGE('',*,*,#9159,.F.);
#9159 = EDGE_CURVE('',#320,#5119,#9160,.T.);
#9160 = SURFACE_CURVE('',#9161,(#9165,#9172),.PCURVE_S1.);
#9161 = LINE('',#9162,#9163);
#9162 = CARTESIAN_POINT('',(12.507062338763,41.983857511398,5.5));
#9163 = VECTOR('',#9164,1.);
#9164 = DIRECTION('',(0.,0.,1.));
#9165 = PCURVE('',#281,#9166);
#9166 = DEFINITIONAL_REPRESENTATION('',(#9167),#9171);
#9167 = LINE('',#9168,#9169);
#9168 = CARTESIAN_POINT('',(-0.412410441597,0.));
#9169 = VECTOR('',#9170,1.);
#9170 = DIRECTION('',(-0.,-1.));
#9171 = ( GEOMETRIC_REPRESENTATION_CONTEXT(2) 
PARAMETRIC_REPRESENTATION_CONTEXT() REPRESENTATION_CONTEXT('2D SPACE',''
  ) );
#9172 = PCURVE('',#363,#9173);
#9173 = DEFINITIONAL_REPRESENTATION('',(#9174),#9178);
#9174 = LINE('',#9175,#9176);
#9175 = CARTESIAN_POINT('',(0.,0.));
#9176 = VECTOR('',#9177,1.);
#9177 = DIRECTION('',(0.,-1.));
#9178 = ( GEOMETRIC_REPRESENTATION_CONTEXT(2) 
PARAMETRIC_REPRESENTATION_CONTEXT() REPRESENTATION_CONTEXT('2D SPACE',''
  ) );
#9179 = ORIENTED_EDGE('',*,*,#319,.F.);
#9180 = ADVANCED_FACE('',(#9181),#2434,.T.);
#9181 = FACE_BOUND('',#9182,.T.);
#9182 = EDGE_LOOP('',(#9183,#9204,#9205,#9206));
#9183 = ORIENTED_EDGE('',*,*,#9184,.T.);
#9184 = EDGE_CURVE('',#2386,#6840,#9185,.T.);
#9185 = SURFACE_CURVE('',#9186,(#9190,#9197),.PCURVE_S1.);
#9186 = LINE('',#9187,#9188);
#9187 = CARTESIAN_POINT('',(-12.49322316241,42.016264410207,5.5));
#9188 = VECTOR('',#9189,1.);
#9189 = DIRECTION('',(0.,0.,1.));
#9190 = PCURVE('',#2434,#9191);
#9191 = DEFINITIONAL_REPRESENTATION('',(#9192),#9196);
#9192 = LINE('',#9193,#9194);
#9193 = CARTESIAN_POINT('',(0.,0.));
#9194 = VECTOR('',#9195,1.);
#9195 = DIRECTION('',(0.,-1.));
#9196 = ( GEOMETRIC_REPRESENTATION_CONTEXT(2) 
PARAMETRIC_REPRESENTATION_CONTEXT() REPRESENTATION_CONTEXT('2D SPACE',''
  ) );
#9197 = PCURVE('',#2406,#9198);
#9198 = DEFINITIONAL_REPRESENTATION('',(#9199),#9203);
#9199 = LINE('',#9200,#9201);
#9200 = CARTESIAN_POINT('',(-2.74680153389,0.));
#9201 = VECTOR('',#9202,1.);
#9202 = DIRECTION('',(-0.,-1.));
#9203 = ( GEOMETRIC_REPRESENTATION_CONTEXT(2) 
PARAMETRIC_REPRESENTATION_CONTEXT() REPRESENTATION_CONTEXT('2D SPACE',''
  ) );
#9204 = ORIENTED_EDGE('',*,*,#6867,.T.);
#9205 = ORIENTED_EDGE('',*,*,#9130,.F.);
#9206 = ORIENTED_EDGE('',*,*,#2418,.F.);
#9207 = ADVANCED_FACE('',(#9208),#363,.T.);
#9208 = FACE_BOUND('',#9209,.T.);
#9209 = EDGE_LOOP('',(#9210,#9211,#9212,#9233));
#9210 = ORIENTED_EDGE('',*,*,#9159,.T.);
#9211 = ORIENTED_EDGE('',*,*,#5146,.T.);
#9212 = ORIENTED_EDGE('',*,*,#9213,.F.);
#9213 = EDGE_CURVE('',#348,#5147,#9214,.T.);
#9214 = SURFACE_CURVE('',#9215,(#9219,#9226),.PCURVE_S1.);
#9215 = LINE('',#9216,#9217);
#9216 = CARTESIAN_POINT('',(15.97945868427,34.046951578811,5.5));
#9217 = VECTOR('',#9218,1.);
#9218 = DIRECTION('',(0.,0.,1.));
#9219 = PCURVE('',#363,#9220);
#9220 = DEFINITIONAL_REPRESENTATION('',(#9221),#9225);
#9221 = LINE('',#9222,#9223);
#9222 = CARTESIAN_POINT('',(8.663256441029,0.));
#9223 = VECTOR('',#9224,1.);
#9224 = DIRECTION('',(0.,-1.));
#9225 = ( GEOMETRIC_REPRESENTATION_CONTEXT(2) 
PARAMETRIC_REPRESENTATION_CONTEXT() REPRESENTATION_CONTEXT('2D SPACE',''
  ) );
#9226 = PCURVE('',#396,#9227);
#9227 = DEFINITIONAL_REPRESENTATION('',(#9228),#9232);
#9228 = LINE('',#9229,#9230);
#9229 = CARTESIAN_POINT('',(-0.412410441597,0.));
#9230 = VECTOR('',#9231,1.);
#9231 = DIRECTION('',(-0.,-1.));
#9232 = ( GEOMETRIC_REPRESENTATION_CONTEXT(2) 
PARAMETRIC_REPRESENTATION_CONTEXT() REPRESENTATION_CONTEXT('2D SPACE',''
  ) );
#9233 = ORIENTED_EDGE('',*,*,#347,.F.);
#9234 = ADVANCED_FACE('',(#9235),#2406,.F.);
#9235 = FACE_BOUND('',#9236,.T.);
#9236 = EDGE_LOOP('',(#9237,#9258,#9259,#9260));
#9237 = ORIENTED_EDGE('',*,*,#9238,.T.);
#9238 = EDGE_CURVE('',#2358,#6817,#9239,.T.);
#9239 = SURFACE_CURVE('',#9240,(#9244,#9251),.PCURVE_S1.);
#9240 = LINE('',#9241,#9242);
#9241 = CARTESIAN_POINT('',(-12.50706233876,41.983857511398,5.5));
#9242 = VECTOR('',#9243,1.);
#9243 = DIRECTION('',(0.,0.,1.));
#9244 = PCURVE('',#2406,#9245);
#9245 = DEFINITIONAL_REPRESENTATION('',(#9246),#9250);
#9246 = LINE('',#9247,#9248);
#9247 = CARTESIAN_POINT('',(-2.729182211992,0.));
#9248 = VECTOR('',#9249,1.);
#9249 = DIRECTION('',(-0.,-1.));
#9250 = ( GEOMETRIC_REPRESENTATION_CONTEXT(2) 
PARAMETRIC_REPRESENTATION_CONTEXT() REPRESENTATION_CONTEXT('2D SPACE',''
  ) );
#9251 = PCURVE('',#2373,#9252);
#9252 = DEFINITIONAL_REPRESENTATION('',(#9253),#9257);
#9253 = LINE('',#9254,#9255);
#9254 = CARTESIAN_POINT('',(8.663256441029,0.));
#9255 = VECTOR('',#9256,1.);
#9256 = DIRECTION('',(0.,-1.));
#9257 = ( GEOMETRIC_REPRESENTATION_CONTEXT(2) 
PARAMETRIC_REPRESENTATION_CONTEXT() REPRESENTATION_CONTEXT('2D SPACE',''
  ) );
#9258 = ORIENTED_EDGE('',*,*,#6839,.T.);
#9259 = ORIENTED_EDGE('',*,*,#9184,.F.);
#9260 = ORIENTED_EDGE('',*,*,#2385,.F.);
#9261 = ADVANCED_FACE('',(#9262),#396,.F.);
#9262 = FACE_BOUND('',#9263,.T.);
#9263 = EDGE_LOOP('',(#9264,#9265,#9266,#9287));
#9264 = ORIENTED_EDGE('',*,*,#9213,.T.);
#9265 = ORIENTED_EDGE('',*,*,#5169,.T.);
#9266 = ORIENTED_EDGE('',*,*,#9267,.F.);
#9267 = EDGE_CURVE('',#376,#5170,#9268,.T.);
#9268 = SURFACE_CURVE('',#9269,(#9273,#9280),.PCURVE_S1.);
#9269 = LINE('',#9270,#9271);
#9270 = CARTESIAN_POINT('',(16.022918972075,33.954162055851,5.5));
#9271 = VECTOR('',#9272,1.);
#9272 = DIRECTION('',(0.,0.,1.));
#9273 = PCURVE('',#396,#9274);
#9274 = DEFINITIONAL_REPRESENTATION('',(#9275),#9279);
#9275 = LINE('',#9276,#9277);
#9276 = CARTESIAN_POINT('',(-0.463647609001,0.));
#9277 = VECTOR('',#9278,1.);
#9278 = DIRECTION('',(-0.,-1.));
#9279 = ( GEOMETRIC_REPRESENTATION_CONTEXT(2) 
PARAMETRIC_REPRESENTATION_CONTEXT() REPRESENTATION_CONTEXT('2D SPACE',''
  ) );
#9280 = PCURVE('',#424,#9281);
#9281 = DEFINITIONAL_REPRESENTATION('',(#9282),#9286);
#9282 = LINE('',#9283,#9284);
#9283 = CARTESIAN_POINT('',(0.,0.));
#9284 = VECTOR('',#9285,1.);
#9285 = DIRECTION('',(0.,-1.));
#9286 = ( GEOMETRIC_REPRESENTATION_CONTEXT(2) 
PARAMETRIC_REPRESENTATION_CONTEXT() REPRESENTATION_CONTEXT('2D SPACE',''
  ) );
#9287 = ORIENTED_EDGE('',*,*,#375,.F.);
#9288 = ADVANCED_FACE('',(#9289),#2373,.T.);
#9289 = FACE_BOUND('',#9290,.T.);
#9290 = EDGE_LOOP('',(#9291,#9312,#9313,#9314));
#9291 = ORIENTED_EDGE('',*,*,#9292,.T.);
#9292 = EDGE_CURVE('',#2325,#6789,#9293,.T.);
#9293 = SURFACE_CURVE('',#9294,(#9298,#9305),.PCURVE_S1.);
#9294 = LINE('',#9295,#9296);
#9295 = CARTESIAN_POINT('',(-15.97945868427,34.046951578811,5.5));
#9296 = VECTOR('',#9297,1.);
#9297 = DIRECTION('',(0.,0.,1.));
#9298 = PCURVE('',#2373,#9299);
#9299 = DEFINITIONAL_REPRESENTATION('',(#9300),#9304);
#9300 = LINE('',#9301,#9302);
#9301 = CARTESIAN_POINT('',(0.,0.));
#9302 = VECTOR('',#9303,1.);
#9303 = DIRECTION('',(0.,-1.));
#9304 = ( GEOMETRIC_REPRESENTATION_CONTEXT(2) 
PARAMETRIC_REPRESENTATION_CONTEXT() REPRESENTATION_CONTEXT('2D SPACE',''
  ) );
#9305 = PCURVE('',#2345,#9306);
#9306 = DEFINITIONAL_REPRESENTATION('',(#9307),#9311);
#9307 = LINE('',#9308,#9309);
#9308 = CARTESIAN_POINT('',(-2.729182211992,0.));
#9309 = VECTOR('',#9310,1.);
#9310 = DIRECTION('',(-0.,-1.));
#9311 = ( GEOMETRIC_REPRESENTATION_CONTEXT(2) 
PARAMETRIC_REPRESENTATION_CONTEXT() REPRESENTATION_CONTEXT('2D SPACE',''
  ) );
#9312 = ORIENTED_EDGE('',*,*,#6816,.T.);
#9313 = ORIENTED_EDGE('',*,*,#9238,.F.);
#9314 = ORIENTED_EDGE('',*,*,#2357,.F.);
#9315 = ADVANCED_FACE('',(#9316),#424,.T.);
#9316 = FACE_BOUND('',#9317,.T.);
#9317 = EDGE_LOOP('',(#9318,#9319,#9320,#9341));
#9318 = ORIENTED_EDGE('',*,*,#9267,.T.);
#9319 = ORIENTED_EDGE('',*,*,#5197,.T.);
#9320 = ORIENTED_EDGE('',*,*,#9321,.F.);
#9321 = EDGE_CURVE('',#409,#5198,#9322,.T.);
#9322 = SURFACE_CURVE('',#9323,(#9327,#9334),.PCURVE_S1.);
#9323 = LINE('',#9324,#9325);
#9324 = CARTESIAN_POINT('',(18.901816733882,28.196366532236,5.5));
#9325 = VECTOR('',#9326,1.);
#9326 = DIRECTION('',(0.,0.,1.));
#9327 = PCURVE('',#424,#9328);
#9328 = DEFINITIONAL_REPRESENTATION('',(#9329),#9333);
#9329 = LINE('',#9330,#9331);
#9330 = CARTESIAN_POINT('',(6.437411095673,0.));
#9331 = VECTOR('',#9332,1.);
#9332 = DIRECTION('',(0.,-1.));
#9333 = ( GEOMETRIC_REPRESENTATION_CONTEXT(2) 
PARAMETRIC_REPRESENTATION_CONTEXT() REPRESENTATION_CONTEXT('2D SPACE',''
  ) );
#9334 = PCURVE('',#453,#9335);
#9335 = DEFINITIONAL_REPRESENTATION('',(#9336),#9340);
#9336 = LINE('',#9337,#9338);
#9337 = CARTESIAN_POINT('',(5.819537698179,0.));
#9338 = VECTOR('',#9339,1.);
#9339 = DIRECTION('',(0.,-1.));
#9340 = ( GEOMETRIC_REPRESENTATION_CONTEXT(2) 
PARAMETRIC_REPRESENTATION_CONTEXT() REPRESENTATION_CONTEXT('2D SPACE',''
  ) );
#9341 = ORIENTED_EDGE('',*,*,#408,.F.);
#9342 = ADVANCED_FACE('',(#9343),#2345,.F.);
#9343 = FACE_BOUND('',#9344,.T.);
#9344 = EDGE_LOOP('',(#9345,#9366,#9367,#9368));
#9345 = ORIENTED_EDGE('',*,*,#9346,.T.);
#9346 = EDGE_CURVE('',#2297,#6766,#9347,.T.);
#9347 = SURFACE_CURVE('',#9348,(#9352,#9359),.PCURVE_S1.);
#9348 = LINE('',#9349,#9350);
#9349 = CARTESIAN_POINT('',(-16.02291897207,33.954162055851,5.5));
#9350 = VECTOR('',#9351,1.);
#9351 = DIRECTION('',(0.,0.,1.));
#9352 = PCURVE('',#2345,#9353);
#9353 = DEFINITIONAL_REPRESENTATION('',(#9354),#9358);
#9354 = LINE('',#9355,#9356);
#9355 = CARTESIAN_POINT('',(-2.677945044589,0.));
#9356 = VECTOR('',#9357,1.);
#9357 = DIRECTION('',(-0.,-1.));
#9358 = ( GEOMETRIC_REPRESENTATION_CONTEXT(2) 
PARAMETRIC_REPRESENTATION_CONTEXT() REPRESENTATION_CONTEXT('2D SPACE',''
  ) );
#9359 = PCURVE('',#2312,#9360);
#9360 = DEFINITIONAL_REPRESENTATION('',(#9361),#9365);
#9361 = LINE('',#9362,#9363);
#9362 = CARTESIAN_POINT('',(6.437411095673,0.));
#9363 = VECTOR('',#9364,1.);
#9364 = DIRECTION('',(0.,-1.));
#9365 = ( GEOMETRIC_REPRESENTATION_CONTEXT(2) 
PARAMETRIC_REPRESENTATION_CONTEXT() REPRESENTATION_CONTEXT('2D SPACE',''
  ) );
#9366 = ORIENTED_EDGE('',*,*,#6788,.T.);
#9367 = ORIENTED_EDGE('',*,*,#9292,.F.);
#9368 = ORIENTED_EDGE('',*,*,#2324,.F.);
#9369 = ADVANCED_FACE('',(#9370),#453,.T.);
#9370 = FACE_BOUND('',#9371,.T.);
#9371 = EDGE_LOOP('',(#9372,#9373,#9374,#9395));
#9372 = ORIENTED_EDGE('',*,*,#9321,.T.);
#9373 = ORIENTED_EDGE('',*,*,#5220,.T.);
#9374 = ORIENTED_EDGE('',*,*,#9375,.F.);
#9375 = EDGE_CURVE('',#437,#5221,#9376,.T.);
#9376 = SURFACE_CURVE('',#9377,(#9381,#9388),.PCURVE_S1.);
#9377 = LINE('',#9378,#9379);
#9378 = CARTESIAN_POINT('',(19.053247352173,27.787010591309,5.5));
#9379 = VECTOR('',#9380,1.);
#9380 = DIRECTION('',(0.,0.,1.));
#9381 = PCURVE('',#453,#9382);
#9382 = DEFINITIONAL_REPRESENTATION('',(#9383),#9387);
#9383 = LINE('',#9384,#9385);
#9384 = CARTESIAN_POINT('',(6.038206644053,0.));
#9385 = VECTOR('',#9386,1.);
#9386 = DIRECTION('',(0.,-1.));
#9387 = ( GEOMETRIC_REPRESENTATION_CONTEXT(2) 
PARAMETRIC_REPRESENTATION_CONTEXT() REPRESENTATION_CONTEXT('2D SPACE',''
  ) );
#9388 = PCURVE('',#481,#9389);
#9389 = DEFINITIONAL_REPRESENTATION('',(#9390),#9394);
#9390 = LINE('',#9391,#9392);
#9391 = CARTESIAN_POINT('',(0.,0.));
#9392 = VECTOR('',#9393,1.);
#9393 = DIRECTION('',(0.,-1.));
#9394 = ( GEOMETRIC_REPRESENTATION_CONTEXT(2) 
PARAMETRIC_REPRESENTATION_CONTEXT() REPRESENTATION_CONTEXT('2D SPACE',''
  ) );
#9395 = ORIENTED_EDGE('',*,*,#436,.F.);
#9396 = ADVANCED_FACE('',(#9397),#2312,.T.);
#9397 = FACE_BOUND('',#9398,.T.);
#9398 = EDGE_LOOP('',(#9399,#9420,#9421,#9422));
#9399 = ORIENTED_EDGE('',*,*,#9400,.T.);
#9400 = EDGE_CURVE('',#2268,#6742,#9401,.T.);
#9401 = SURFACE_CURVE('',#9402,(#9406,#9413),.PCURVE_S1.);
#9402 = LINE('',#9403,#9404);
#9403 = CARTESIAN_POINT('',(-18.90181673388,28.196366532236,5.5));
#9404 = VECTOR('',#9405,1.);
#9405 = DIRECTION('',(0.,0.,1.));
#9406 = PCURVE('',#2312,#9407);
#9407 = DEFINITIONAL_REPRESENTATION('',(#9408),#9412);
#9408 = LINE('',#9409,#9410);
#9409 = CARTESIAN_POINT('',(0.,0.));
#9410 = VECTOR('',#9411,1.);
#9411 = DIRECTION('',(0.,-1.));
#9412 = ( GEOMETRIC_REPRESENTATION_CONTEXT(2) 
PARAMETRIC_REPRESENTATION_CONTEXT() REPRESENTATION_CONTEXT('2D SPACE',''
  ) );
#9413 = PCURVE('',#2284,#9414);
#9414 = DEFINITIONAL_REPRESENTATION('',(#9415),#9419);
#9415 = LINE('',#9416,#9417);
#9416 = CARTESIAN_POINT('',(3.605240262591,0.));
#9417 = VECTOR('',#9418,1.);
#9418 = DIRECTION('',(0.,-1.));
#9419 = ( GEOMETRIC_REPRESENTATION_CONTEXT(2) 
PARAMETRIC_REPRESENTATION_CONTEXT() REPRESENTATION_CONTEXT('2D SPACE',''
  ) );
#9420 = ORIENTED_EDGE('',*,*,#6765,.T.);
#9421 = ORIENTED_EDGE('',*,*,#9346,.F.);
#9422 = ORIENTED_EDGE('',*,*,#2296,.F.);
#9423 = ADVANCED_FACE('',(#9424),#481,.T.);
#9424 = FACE_BOUND('',#9425,.T.);
#9425 = EDGE_LOOP('',(#9426,#9427,#9428,#9449));
#9426 = ORIENTED_EDGE('',*,*,#9375,.T.);
#9427 = ORIENTED_EDGE('',*,*,#5244,.T.);
#9428 = ORIENTED_EDGE('',*,*,#9429,.F.);
#9429 = EDGE_CURVE('',#466,#5245,#9430,.T.);
#9430 = SURFACE_CURVE('',#9431,(#9435,#9442),.PCURVE_S1.);
#9431 = LINE('',#9432,#9433);
#9432 = CARTESIAN_POINT('',(20.89413286608,20.423468535681,5.5));
#9433 = VECTOR('',#9434,1.);
#9434 = DIRECTION('',(0.,0.,1.));
#9435 = PCURVE('',#481,#9436);
#9436 = DEFINITIONAL_REPRESENTATION('',(#9437),#9441);
#9437 = LINE('',#9438,#9439);
#9438 = CARTESIAN_POINT('',(7.590165418508,0.));
#9439 = VECTOR('',#9440,1.);
#9440 = DIRECTION('',(0.,-1.));
#9441 = ( GEOMETRIC_REPRESENTATION_CONTEXT(2) 
PARAMETRIC_REPRESENTATION_CONTEXT() REPRESENTATION_CONTEXT('2D SPACE',''
  ) );
#9442 = PCURVE('',#514,#9443);
#9443 = DEFINITIONAL_REPRESENTATION('',(#9444),#9448);
#9444 = LINE('',#9445,#9446);
#9445 = CARTESIAN_POINT('',(-0.244978663127,0.));
#9446 = VECTOR('',#9447,1.);
#9447 = DIRECTION('',(-0.,-1.));
#9448 = ( GEOMETRIC_REPRESENTATION_CONTEXT(2) 
PARAMETRIC_REPRESENTATION_CONTEXT() REPRESENTATION_CONTEXT('2D SPACE',''
  ) );
#9449 = ORIENTED_EDGE('',*,*,#465,.F.);
#9450 = ADVANCED_FACE('',(#9451),#2284,.T.);
#9451 = FACE_BOUND('',#9452,.T.);
#9452 = EDGE_LOOP('',(#9453,#9474,#9475,#9476));
#9453 = ORIENTED_EDGE('',*,*,#9454,.T.);
#9454 = EDGE_CURVE('',#2240,#6719,#9455,.T.);
#9455 = SURFACE_CURVE('',#9456,(#9460,#9467),.PCURVE_S1.);
#9456 = LINE('',#9457,#9458);
#9457 = CARTESIAN_POINT('',(-19.05324735217,27.787010591309,5.5));
#9458 = VECTOR('',#9459,1.);
#9459 = DIRECTION('',(0.,0.,1.));
#9460 = PCURVE('',#2284,#9461);
#9461 = DEFINITIONAL_REPRESENTATION('',(#9462),#9466);
#9462 = LINE('',#9463,#9464);
#9463 = CARTESIAN_POINT('',(3.386571316717,0.));
#9464 = VECTOR('',#9465,1.);
#9465 = DIRECTION('',(0.,-1.));
#9466 = ( GEOMETRIC_REPRESENTATION_CONTEXT(2) 
PARAMETRIC_REPRESENTATION_CONTEXT() REPRESENTATION_CONTEXT('2D SPACE',''
  ) );
#9467 = PCURVE('',#2255,#9468);
#9468 = DEFINITIONAL_REPRESENTATION('',(#9469),#9473);
#9469 = LINE('',#9470,#9471);
#9470 = CARTESIAN_POINT('',(7.590165418508,0.));
#9471 = VECTOR('',#9472,1.);
#9472 = DIRECTION('',(0.,-1.));
#9473 = ( GEOMETRIC_REPRESENTATION_CONTEXT(2) 
PARAMETRIC_REPRESENTATION_CONTEXT() REPRESENTATION_CONTEXT('2D SPACE',''
  ) );
#9474 = ORIENTED_EDGE('',*,*,#6741,.T.);
#9475 = ORIENTED_EDGE('',*,*,#9400,.F.);
#9476 = ORIENTED_EDGE('',*,*,#2267,.F.);
#9477 = ADVANCED_FACE('',(#9478),#514,.F.);
#9478 = FACE_BOUND('',#9479,.T.);
#9479 = EDGE_LOOP('',(#9480,#9481,#9482,#9503));
#9480 = ORIENTED_EDGE('',*,*,#9429,.T.);
#9481 = ORIENTED_EDGE('',*,*,#5267,.T.);
#9482 = ORIENTED_EDGE('',*,*,#9483,.F.);
#9483 = EDGE_CURVE('',#494,#5268,#9484,.T.);
#9484 = SURFACE_CURVE('',#9485,(#9489,#9496),.PCURVE_S1.);
#9485 = LINE('',#9486,#9487);
#9486 = CARTESIAN_POINT('',(21.272680247484,19.659149690644,5.5));
#9487 = VECTOR('',#9488,1.);
#9488 = DIRECTION('',(0.,0.,1.));
#9489 = PCURVE('',#514,#9490);
#9490 = DEFINITIONAL_REPRESENTATION('',(#9491),#9495);
#9491 = LINE('',#9492,#9493);
#9492 = CARTESIAN_POINT('',(-0.674740942224,0.));
#9493 = VECTOR('',#9494,1.);
#9494 = DIRECTION('',(-0.,-1.));
#9495 = ( GEOMETRIC_REPRESENTATION_CONTEXT(2) 
PARAMETRIC_REPRESENTATION_CONTEXT() REPRESENTATION_CONTEXT('2D SPACE',''
  ) );
#9496 = PCURVE('',#542,#9497);
#9497 = DEFINITIONAL_REPRESENTATION('',(#9498),#9502);
#9498 = LINE('',#9499,#9500);
#9499 = CARTESIAN_POINT('',(0.,0.));
#9500 = VECTOR('',#9501,1.);
#9501 = DIRECTION('',(0.,-1.));
#9502 = ( GEOMETRIC_REPRESENTATION_CONTEXT(2) 
PARAMETRIC_REPRESENTATION_CONTEXT() REPRESENTATION_CONTEXT('2D SPACE',''
  ) );
#9503 = ORIENTED_EDGE('',*,*,#493,.F.);
#9504 = ADVANCED_FACE('',(#9505),#2255,.T.);
#9505 = FACE_BOUND('',#9506,.T.);
#9506 = EDGE_LOOP('',(#9507,#9528,#9529,#9530));
#9507 = ORIENTED_EDGE('',*,*,#9508,.T.);
#9508 = EDGE_CURVE('',#2207,#6691,#9509,.T.);
#9509 = SURFACE_CURVE('',#9510,(#9514,#9521),.PCURVE_S1.);
#9510 = LINE('',#9511,#9512);
#9511 = CARTESIAN_POINT('',(-20.89413286608,20.423468535681,5.5));
#9512 = VECTOR('',#9513,1.);
#9513 = DIRECTION('',(0.,0.,1.));
#9514 = PCURVE('',#2255,#9515);
#9515 = DEFINITIONAL_REPRESENTATION('',(#9516),#9520);
#9516 = LINE('',#9517,#9518);
#9517 = CARTESIAN_POINT('',(0.,0.));
#9518 = VECTOR('',#9519,1.);
#9519 = DIRECTION('',(0.,-1.));
#9520 = ( GEOMETRIC_REPRESENTATION_CONTEXT(2) 
PARAMETRIC_REPRESENTATION_CONTEXT() REPRESENTATION_CONTEXT('2D SPACE',''
  ) );
#9521 = PCURVE('',#2227,#9522);
#9522 = DEFINITIONAL_REPRESENTATION('',(#9523),#9527);
#9523 = LINE('',#9524,#9525);
#9524 = CARTESIAN_POINT('',(-2.896613990463,0.));
#9525 = VECTOR('',#9526,1.);
#9526 = DIRECTION('',(-0.,-1.));
#9527 = ( GEOMETRIC_REPRESENTATION_CONTEXT(2) 
PARAMETRIC_REPRESENTATION_CONTEXT() REPRESENTATION_CONTEXT('2D SPACE',''
  ) );
#9528 = ORIENTED_EDGE('',*,*,#6718,.T.);
#9529 = ORIENTED_EDGE('',*,*,#9454,.F.);
#9530 = ORIENTED_EDGE('',*,*,#2239,.F.);
#9531 = ADVANCED_FACE('',(#9532),#542,.T.);
#9532 = FACE_BOUND('',#9533,.T.);
#9533 = EDGE_LOOP('',(#9534,#9535,#9536,#9557));
#9534 = ORIENTED_EDGE('',*,*,#9483,.T.);
#9535 = ORIENTED_EDGE('',*,*,#5295,.T.);
#9536 = ORIENTED_EDGE('',*,*,#9537,.F.);
#9537 = EDGE_CURVE('',#527,#5296,#9538,.T.);
#9538 = SURFACE_CURVE('',#9539,(#9543,#9550),.PCURVE_S1.);
#9539 = LINE('',#9540,#9541);
#9540 = CARTESIAN_POINT('',(24.561737618886,15.547827976392,5.5));
#9541 = VECTOR('',#9542,1.);
#9542 = DIRECTION('',(0.,0.,1.));
#9543 = PCURVE('',#542,#9544);
#9544 = DEFINITIONAL_REPRESENTATION('',(#9545),#9549);
#9545 = LINE('',#9546,#9547);
#9546 = CARTESIAN_POINT('',(5.265060743282,0.));
#9547 = VECTOR('',#9548,1.);
#9548 = DIRECTION('',(0.,-1.));
#9549 = ( GEOMETRIC_REPRESENTATION_CONTEXT(2) 
PARAMETRIC_REPRESENTATION_CONTEXT() REPRESENTATION_CONTEXT('2D SPACE',''
  ) );
#9550 = PCURVE('',#571,#9551);
#9551 = DEFINITIONAL_REPRESENTATION('',(#9552),#9556);
#9552 = LINE('',#9553,#9554);
#9553 = CARTESIAN_POINT('',(5.608444364956,0.));
#9554 = VECTOR('',#9555,1.);
#9555 = DIRECTION('',(0.,-1.));
#9556 = ( GEOMETRIC_REPRESENTATION_CONTEXT(2) 
PARAMETRIC_REPRESENTATION_CONTEXT() REPRESENTATION_CONTEXT('2D SPACE',''
  ) );
#9557 = ORIENTED_EDGE('',*,*,#526,.F.);
#9558 = ADVANCED_FACE('',(#9559),#2227,.F.);
#9559 = FACE_BOUND('',#9560,.T.);
#9560 = EDGE_LOOP('',(#9561,#9582,#9583,#9584));
#9561 = ORIENTED_EDGE('',*,*,#9562,.T.);
#9562 = EDGE_CURVE('',#2179,#6668,#9563,.T.);
#9563 = SURFACE_CURVE('',#9564,(#9568,#9575),.PCURVE_S1.);
#9564 = LINE('',#9565,#9566);
#9565 = CARTESIAN_POINT('',(-21.27268024748,19.659149690644,5.5));
#9566 = VECTOR('',#9567,1.);
#9567 = DIRECTION('',(0.,0.,1.));
#9568 = PCURVE('',#2227,#9569);
#9569 = DEFINITIONAL_REPRESENTATION('',(#9570),#9574);
#9570 = LINE('',#9571,#9572);
#9571 = CARTESIAN_POINT('',(-2.466851711366,0.));
#9572 = VECTOR('',#9573,1.);
#9573 = DIRECTION('',(-0.,-1.));
#9574 = ( GEOMETRIC_REPRESENTATION_CONTEXT(2) 
PARAMETRIC_REPRESENTATION_CONTEXT() REPRESENTATION_CONTEXT('2D SPACE',''
  ) );
#9575 = PCURVE('',#2194,#9576);
#9576 = DEFINITIONAL_REPRESENTATION('',(#9577),#9581);
#9577 = LINE('',#9578,#9579);
#9578 = CARTESIAN_POINT('',(5.265060743282,0.));
#9579 = VECTOR('',#9580,1.);
#9580 = DIRECTION('',(0.,-1.));
#9581 = ( GEOMETRIC_REPRESENTATION_CONTEXT(2) 
PARAMETRIC_REPRESENTATION_CONTEXT() REPRESENTATION_CONTEXT('2D SPACE',''
  ) );
#9582 = ORIENTED_EDGE('',*,*,#6690,.T.);
#9583 = ORIENTED_EDGE('',*,*,#9508,.F.);
#9584 = ORIENTED_EDGE('',*,*,#2206,.F.);
#9585 = ADVANCED_FACE('',(#9586),#571,.T.);
#9586 = FACE_BOUND('',#9587,.T.);
#9587 = EDGE_LOOP('',(#9588,#9589,#9590,#9611));
#9588 = ORIENTED_EDGE('',*,*,#9537,.T.);
#9589 = ORIENTED_EDGE('',*,*,#5318,.T.);
#9590 = ORIENTED_EDGE('',*,*,#9591,.F.);
#9591 = EDGE_CURVE('',#555,#5319,#9592,.T.);
#9592 = SURFACE_CURVE('',#9593,(#9597,#9604),.PCURVE_S1.);
#9593 = LINE('',#9594,#9595);
#9594 = CARTESIAN_POINT('',(25.,14.298437881284,5.5));
#9595 = VECTOR('',#9596,1.);
#9596 = DIRECTION('',(0.,0.,1.));
#9597 = PCURVE('',#571,#9598);
#9598 = DEFINITIONAL_REPRESENTATION('',(#9599),#9603);
#9599 = LINE('',#9600,#9601);
#9600 = CARTESIAN_POINT('',(6.28318530718,0.));
#9601 = VECTOR('',#9602,1.);
#9602 = DIRECTION('',(0.,-1.));
#9603 = ( GEOMETRIC_REPRESENTATION_CONTEXT(2) 
PARAMETRIC_REPRESENTATION_CONTEXT() REPRESENTATION_CONTEXT('2D SPACE',''
  ) );
#9604 = PCURVE('',#599,#9605);
#9605 = DEFINITIONAL_REPRESENTATION('',(#9606),#9610);
#9606 = LINE('',#9607,#9608);
#9607 = CARTESIAN_POINT('',(0.,0.));
#9608 = VECTOR('',#9609,1.);
#9609 = DIRECTION('',(0.,-1.));
#9610 = ( GEOMETRIC_REPRESENTATION_CONTEXT(2) 
PARAMETRIC_REPRESENTATION_CONTEXT() REPRESENTATION_CONTEXT('2D SPACE',''
  ) );
#9611 = ORIENTED_EDGE('',*,*,#554,.F.);
#9612 = ADVANCED_FACE('',(#9613),#2194,.T.);
#9613 = FACE_BOUND('',#9614,.T.);
#9614 = EDGE_LOOP('',(#9615,#9636,#9637,#9638));
#9615 = ORIENTED_EDGE('',*,*,#9616,.T.);
#9616 = EDGE_CURVE('',#2150,#6644,#9617,.T.);
#9617 = SURFACE_CURVE('',#9618,(#9622,#9629),.PCURVE_S1.);
#9618 = LINE('',#9619,#9620);
#9619 = CARTESIAN_POINT('',(-24.56173761888,15.547827976392,5.5));
#9620 = VECTOR('',#9621,1.);
#9621 = DIRECTION('',(0.,0.,1.));
#9622 = PCURVE('',#2194,#9623);
#9623 = DEFINITIONAL_REPRESENTATION('',(#9624),#9628);
#9624 = LINE('',#9625,#9626);
#9625 = CARTESIAN_POINT('',(0.,0.));
#9626 = VECTOR('',#9627,1.);
#9627 = DIRECTION('',(0.,-1.));
#9628 = ( GEOMETRIC_REPRESENTATION_CONTEXT(2) 
PARAMETRIC_REPRESENTATION_CONTEXT() REPRESENTATION_CONTEXT('2D SPACE',''
  ) );
#9629 = PCURVE('',#2166,#9630);
#9630 = DEFINITIONAL_REPRESENTATION('',(#9631),#9635);
#9631 = LINE('',#9632,#9633);
#9632 = CARTESIAN_POINT('',(3.816333595813,0.));
#9633 = VECTOR('',#9634,1.);
#9634 = DIRECTION('',(0.,-1.));
#9635 = ( GEOMETRIC_REPRESENTATION_CONTEXT(2) 
PARAMETRIC_REPRESENTATION_CONTEXT() REPRESENTATION_CONTEXT('2D SPACE',''
  ) );
#9636 = ORIENTED_EDGE('',*,*,#6667,.T.);
#9637 = ORIENTED_EDGE('',*,*,#9562,.F.);
#9638 = ORIENTED_EDGE('',*,*,#2178,.F.);
#9639 = ADVANCED_FACE('',(#9640),#599,.T.);
#9640 = FACE_BOUND('',#9641,.T.);
#9641 = EDGE_LOOP('',(#9642,#9643,#9644,#9665));
#9642 = ORIENTED_EDGE('',*,*,#9591,.T.);
#9643 = ORIENTED_EDGE('',*,*,#5342,.T.);
#9644 = ORIENTED_EDGE('',*,*,#9645,.F.);
#9645 = EDGE_CURVE('',#584,#5343,#9646,.T.);
#9646 = SURFACE_CURVE('',#9647,(#9651,#9658),.PCURVE_S1.);
#9647 = LINE('',#9648,#9649);
#9648 = CARTESIAN_POINT('',(25.,9.701562118716,5.5));
#9649 = VECTOR('',#9650,1.);
#9650 = DIRECTION('',(0.,0.,1.));
#9651 = PCURVE('',#599,#9652);
#9652 = DEFINITIONAL_REPRESENTATION('',(#9653),#9657);
#9653 = LINE('',#9654,#9655);
#9654 = CARTESIAN_POINT('',(4.596875762567,0.));
#9655 = VECTOR('',#9656,1.);
#9656 = DIRECTION('',(0.,-1.));
#9657 = ( GEOMETRIC_REPRESENTATION_CONTEXT(2) 
PARAMETRIC_REPRESENTATION_CONTEXT() REPRESENTATION_CONTEXT('2D SPACE',''
  ) );
#9658 = PCURVE('',#628,#9659);
#9659 = DEFINITIONAL_REPRESENTATION('',(#9660),#9664);
#9660 = LINE('',#9661,#9662);
#9661 = CARTESIAN_POINT('',(0.,0.));
#9662 = VECTOR('',#9663,1.);
#9663 = DIRECTION('',(0.,-1.));
#9664 = ( GEOMETRIC_REPRESENTATION_CONTEXT(2) 
PARAMETRIC_REPRESENTATION_CONTEXT() REPRESENTATION_CONTEXT('2D SPACE',''
  ) );
#9665 = ORIENTED_EDGE('',*,*,#583,.F.);
#9666 = ADVANCED_FACE('',(#9667),#2166,.T.);
#9667 = FACE_BOUND('',#9668,.T.);
#9668 = EDGE_LOOP('',(#9669,#9690,#9691,#9692));
#9669 = ORIENTED_EDGE('',*,*,#9670,.T.);
#9670 = EDGE_CURVE('',#2122,#6621,#9671,.T.);
#9671 = SURFACE_CURVE('',#9672,(#9676,#9683),.PCURVE_S1.);
#9672 = LINE('',#9673,#9674);
#9673 = CARTESIAN_POINT('',(-25.,14.298437881284,5.5));
#9674 = VECTOR('',#9675,1.);
#9675 = DIRECTION('',(0.,0.,1.));
#9676 = PCURVE('',#2166,#9677);
#9677 = DEFINITIONAL_REPRESENTATION('',(#9678),#9682);
#9678 = LINE('',#9679,#9680);
#9679 = CARTESIAN_POINT('',(3.14159265359,0.));
#9680 = VECTOR('',#9681,1.);
#9681 = DIRECTION('',(0.,-1.));
#9682 = ( GEOMETRIC_REPRESENTATION_CONTEXT(2) 
PARAMETRIC_REPRESENTATION_CONTEXT() REPRESENTATION_CONTEXT('2D SPACE',''
  ) );
#9683 = PCURVE('',#2137,#9684);
#9684 = DEFINITIONAL_REPRESENTATION('',(#9685),#9689);
#9685 = LINE('',#9686,#9687);
#9686 = CARTESIAN_POINT('',(4.596875762567,0.));
#9687 = VECTOR('',#9688,1.);
#9688 = DIRECTION('',(0.,-1.));
#9689 = ( GEOMETRIC_REPRESENTATION_CONTEXT(2) 
PARAMETRIC_REPRESENTATION_CONTEXT() REPRESENTATION_CONTEXT('2D SPACE',''
  ) );
#9690 = ORIENTED_EDGE('',*,*,#6643,.T.);
#9691 = ORIENTED_EDGE('',*,*,#9616,.F.);
#9692 = ORIENTED_EDGE('',*,*,#2149,.F.);
#9693 = ADVANCED_FACE('',(#9694),#628,.T.);
#9694 = FACE_BOUND('',#9695,.T.);
#9695 = EDGE_LOOP('',(#9696,#9697,#9698,#9719));
#9696 = ORIENTED_EDGE('',*,*,#9645,.T.);
#9697 = ORIENTED_EDGE('',*,*,#5365,.T.);
#9698 = ORIENTED_EDGE('',*,*,#9699,.F.);
#9699 = EDGE_CURVE('',#612,#5366,#9700,.T.);
#9700 = SURFACE_CURVE('',#9701,(#9705,#9712),.PCURVE_S1.);
#9701 = LINE('',#9702,#9703);
#9702 = CARTESIAN_POINT('',(24.561737618886,8.452172023608,5.5));
#9703 = VECTOR('',#9704,1.);
#9704 = DIRECTION('',(0.,0.,1.));
#9705 = PCURVE('',#628,#9706);
#9706 = DEFINITIONAL_REPRESENTATION('',(#9707),#9711);
#9707 = LINE('',#9708,#9709);
#9708 = CARTESIAN_POINT('',(0.674740942224,0.));
#9709 = VECTOR('',#9710,1.);
#9710 = DIRECTION('',(0.,-1.));
#9711 = ( GEOMETRIC_REPRESENTATION_CONTEXT(2) 
PARAMETRIC_REPRESENTATION_CONTEXT() REPRESENTATION_CONTEXT('2D SPACE',''
  ) );
#9712 = PCURVE('',#656,#9713);
#9713 = DEFINITIONAL_REPRESENTATION('',(#9714),#9718);
#9714 = LINE('',#9715,#9716);
#9715 = CARTESIAN_POINT('',(0.,0.));
#9716 = VECTOR('',#9717,1.);
#9717 = DIRECTION('',(0.,-1.));
#9718 = ( GEOMETRIC_REPRESENTATION_CONTEXT(2) 
PARAMETRIC_REPRESENTATION_CONTEXT() REPRESENTATION_CONTEXT('2D SPACE',''
  ) );
#9719 = ORIENTED_EDGE('',*,*,#611,.F.);
#9720 = ADVANCED_FACE('',(#9721),#2137,.T.);
#9721 = FACE_BOUND('',#9722,.T.);
#9722 = EDGE_LOOP('',(#9723,#9744,#9745,#9746));
#9723 = ORIENTED_EDGE('',*,*,#9724,.T.);
#9724 = EDGE_CURVE('',#2093,#6597,#9725,.T.);
#9725 = SURFACE_CURVE('',#9726,(#9730,#9737),.PCURVE_S1.);
#9726 = LINE('',#9727,#9728);
#9727 = CARTESIAN_POINT('',(-25.,9.701562118716,5.5));
#9728 = VECTOR('',#9729,1.);
#9729 = DIRECTION('',(0.,0.,1.));
#9730 = PCURVE('',#2137,#9731);
#9731 = DEFINITIONAL_REPRESENTATION('',(#9732),#9736);
#9732 = LINE('',#9733,#9734);
#9733 = CARTESIAN_POINT('',(0.,0.));
#9734 = VECTOR('',#9735,1.);
#9735 = DIRECTION('',(0.,-1.));
#9736 = ( GEOMETRIC_REPRESENTATION_CONTEXT(2) 
PARAMETRIC_REPRESENTATION_CONTEXT() REPRESENTATION_CONTEXT('2D SPACE',''
  ) );
#9737 = PCURVE('',#2109,#9738);
#9738 = DEFINITIONAL_REPRESENTATION('',(#9739),#9743);
#9739 = LINE('',#9740,#9741);
#9740 = CARTESIAN_POINT('',(3.14159265359,0.));
#9741 = VECTOR('',#9742,1.);
#9742 = DIRECTION('',(0.,-1.));
#9743 = ( GEOMETRIC_REPRESENTATION_CONTEXT(2) 
PARAMETRIC_REPRESENTATION_CONTEXT() REPRESENTATION_CONTEXT('2D SPACE',''
  ) );
#9744 = ORIENTED_EDGE('',*,*,#6620,.T.);
#9745 = ORIENTED_EDGE('',*,*,#9670,.F.);
#9746 = ORIENTED_EDGE('',*,*,#2121,.F.);
#9747 = ADVANCED_FACE('',(#9748),#656,.T.);
#9748 = FACE_BOUND('',#9749,.T.);
#9749 = EDGE_LOOP('',(#9750,#9751,#9752,#9773));
#9750 = ORIENTED_EDGE('',*,*,#9699,.T.);
#9751 = ORIENTED_EDGE('',*,*,#5389,.T.);
#9752 = ORIENTED_EDGE('',*,*,#9753,.F.);
#9753 = EDGE_CURVE('',#641,#5390,#9754,.T.);
#9754 = SURFACE_CURVE('',#9755,(#9759,#9766),.PCURVE_S1.);
#9755 = LINE('',#9756,#9757);
#9756 = CARTESIAN_POINT('',(21.352773992652,4.440967490815,5.5));
#9757 = VECTOR('',#9758,1.);
#9758 = DIRECTION('',(0.,0.,1.));
#9759 = PCURVE('',#656,#9760);
#9760 = DEFINITIONAL_REPRESENTATION('',(#9761),#9765);
#9761 = LINE('',#9762,#9763);
#9762 = CARTESIAN_POINT('',(5.136848193045,0.));
#9763 = VECTOR('',#9764,1.);
#9764 = DIRECTION('',(0.,-1.));
#9765 = ( GEOMETRIC_REPRESENTATION_CONTEXT(2) 
PARAMETRIC_REPRESENTATION_CONTEXT() REPRESENTATION_CONTEXT('2D SPACE',''
  ) );
#9766 = PCURVE('',#689,#9767);
#9767 = DEFINITIONAL_REPRESENTATION('',(#9768),#9772);
#9768 = LINE('',#9769,#9770);
#9769 = CARTESIAN_POINT('',(-5.608444364956,0.));
#9770 = VECTOR('',#9771,1.);
#9771 = DIRECTION('',(-0.,-1.));
#9772 = ( GEOMETRIC_REPRESENTATION_CONTEXT(2) 
PARAMETRIC_REPRESENTATION_CONTEXT() REPRESENTATION_CONTEXT('2D SPACE',''
  ) );
#9773 = ORIENTED_EDGE('',*,*,#640,.F.);
#9774 = ADVANCED_FACE('',(#9775),#2109,.T.);
#9775 = FACE_BOUND('',#9776,.T.);
#9776 = EDGE_LOOP('',(#9777,#9798,#9799,#9800));
#9777 = ORIENTED_EDGE('',*,*,#9778,.T.);
#9778 = EDGE_CURVE('',#2065,#6574,#9779,.T.);
#9779 = SURFACE_CURVE('',#9780,(#9784,#9791),.PCURVE_S1.);
#9780 = LINE('',#9781,#9782);
#9781 = CARTESIAN_POINT('',(-24.56173761888,8.452172023608,5.5));
#9782 = VECTOR('',#9783,1.);
#9783 = DIRECTION('',(0.,0.,1.));
#9784 = PCURVE('',#2109,#9785);
#9785 = DEFINITIONAL_REPRESENTATION('',(#9786),#9790);
#9786 = LINE('',#9787,#9788);
#9787 = CARTESIAN_POINT('',(2.466851711366,0.));
#9788 = VECTOR('',#9789,1.);
#9789 = DIRECTION('',(0.,-1.));
#9790 = ( GEOMETRIC_REPRESENTATION_CONTEXT(2) 
PARAMETRIC_REPRESENTATION_CONTEXT() REPRESENTATION_CONTEXT('2D SPACE',''
  ) );
#9791 = PCURVE('',#2080,#9792);
#9792 = DEFINITIONAL_REPRESENTATION('',(#9793),#9797);
#9793 = LINE('',#9794,#9795);
#9794 = CARTESIAN_POINT('',(5.136848193045,0.));
#9795 = VECTOR('',#9796,1.);
#9796 = DIRECTION('',(0.,-1.));
#9797 = ( GEOMETRIC_REPRESENTATION_CONTEXT(2) 
PARAMETRIC_REPRESENTATION_CONTEXT() REPRESENTATION_CONTEXT('2D SPACE',''
  ) );
#9798 = ORIENTED_EDGE('',*,*,#6596,.T.);
#9799 = ORIENTED_EDGE('',*,*,#9724,.F.);
#9800 = ORIENTED_EDGE('',*,*,#2092,.F.);
#9801 = ADVANCED_FACE('',(#9802),#689,.F.);
#9802 = FACE_BOUND('',#9803,.T.);
#9803 = EDGE_LOOP('',(#9804,#9805,#9806,#9827));
#9804 = ORIENTED_EDGE('',*,*,#9753,.T.);
#9805 = ORIENTED_EDGE('',*,*,#5412,.T.);
#9806 = ORIENTED_EDGE('',*,*,#9807,.F.);
#9807 = EDGE_CURVE('',#669,#5413,#9808,.T.);
#9808 = SURFACE_CURVE('',#9809,(#9813,#9820),.PCURVE_S1.);
#9809 = LINE('',#9810,#9811);
#9810 = CARTESIAN_POINT('',(20.929955858111,3.439646864884,5.5));
#9811 = VECTOR('',#9812,1.);
#9812 = DIRECTION('',(0.,0.,1.));
#9813 = PCURVE('',#689,#9814);
#9814 = DEFINITIONAL_REPRESENTATION('',(#9815),#9819);
#9815 = LINE('',#9816,#9817);
#9816 = CARTESIAN_POINT('',(-6.158830312633,0.));
#9817 = VECTOR('',#9818,1.);
#9818 = DIRECTION('',(-0.,-1.));
#9819 = ( GEOMETRIC_REPRESENTATION_CONTEXT(2) 
PARAMETRIC_REPRESENTATION_CONTEXT() REPRESENTATION_CONTEXT('2D SPACE',''
  ) );
#9820 = PCURVE('',#717,#9821);
#9821 = DEFINITIONAL_REPRESENTATION('',(#9822),#9826);
#9822 = LINE('',#9823,#9824);
#9823 = CARTESIAN_POINT('',(0.,0.));
#9824 = VECTOR('',#9825,1.);
#9825 = DIRECTION('',(0.,-1.));
#9826 = ( GEOMETRIC_REPRESENTATION_CONTEXT(2) 
PARAMETRIC_REPRESENTATION_CONTEXT() REPRESENTATION_CONTEXT('2D SPACE',''
  ) );
#9827 = ORIENTED_EDGE('',*,*,#668,.F.);
#9828 = ADVANCED_FACE('',(#9829),#2080,.T.);
#9829 = FACE_BOUND('',#9830,.T.);
#9830 = EDGE_LOOP('',(#9831,#9852,#9853,#9854));
#9831 = ORIENTED_EDGE('',*,*,#9832,.T.);
#9832 = EDGE_CURVE('',#2032,#6546,#9833,.T.);
#9833 = SURFACE_CURVE('',#9834,(#9838,#9845),.PCURVE_S1.);
#9834 = LINE('',#9835,#9836);
#9835 = CARTESIAN_POINT('',(-21.35277399265,4.440967490815,5.5));
#9836 = VECTOR('',#9837,1.);
#9837 = DIRECTION('',(0.,0.,1.));
#9838 = PCURVE('',#2080,#9839);
#9839 = DEFINITIONAL_REPRESENTATION('',(#9840),#9844);
#9840 = LINE('',#9841,#9842);
#9841 = CARTESIAN_POINT('',(0.,0.));
#9842 = VECTOR('',#9843,1.);
#9843 = DIRECTION('',(0.,-1.));
#9844 = ( GEOMETRIC_REPRESENTATION_CONTEXT(2) 
PARAMETRIC_REPRESENTATION_CONTEXT() REPRESENTATION_CONTEXT('2D SPACE',''
  ) );
#9845 = PCURVE('',#2052,#9846);
#9846 = DEFINITIONAL_REPRESENTATION('',(#9847),#9851);
#9847 = LINE('',#9848,#9849);
#9848 = CARTESIAN_POINT('',(-3.816333595813,0.));
#9849 = VECTOR('',#9850,1.);
#9850 = DIRECTION('',(-0.,-1.));
#9851 = ( GEOMETRIC_REPRESENTATION_CONTEXT(2) 
PARAMETRIC_REPRESENTATION_CONTEXT() REPRESENTATION_CONTEXT('2D SPACE',''
  ) );
#9852 = ORIENTED_EDGE('',*,*,#6573,.T.);
#9853 = ORIENTED_EDGE('',*,*,#9778,.F.);
#9854 = ORIENTED_EDGE('',*,*,#2064,.F.);
#9855 = ADVANCED_FACE('',(#9856),#717,.T.);
#9856 = FACE_BOUND('',#9857,.T.);
#9857 = EDGE_LOOP('',(#9858,#9859,#9860,#9881));
#9858 = ORIENTED_EDGE('',*,*,#9807,.T.);
#9859 = ORIENTED_EDGE('',*,*,#5440,.T.);
#9860 = ORIENTED_EDGE('',*,*,#9861,.F.);
#9861 = EDGE_CURVE('',#702,#5441,#9862,.T.);
#9862 = SURFACE_CURVE('',#9863,(#9867,#9874),.PCURVE_S1.);
#9863 = LINE('',#9864,#9865);
#9864 = CARTESIAN_POINT('',(20.531008683647,0.248069469178,5.5));
#9865 = VECTOR('',#9866,1.);
#9866 = DIRECTION('',(0.,0.,1.));
#9867 = PCURVE('',#717,#9868);
#9868 = DEFINITIONAL_REPRESENTATION('',(#9869),#9873);
#9869 = LINE('',#9870,#9871);
#9870 = CARTESIAN_POINT('',(3.216414948478,0.));
#9871 = VECTOR('',#9872,1.);
#9872 = DIRECTION('',(0.,-1.));
#9873 = ( GEOMETRIC_REPRESENTATION_CONTEXT(2) 
PARAMETRIC_REPRESENTATION_CONTEXT() REPRESENTATION_CONTEXT('2D SPACE',''
  ) );
#9874 = PCURVE('',#750,#9875);
#9875 = DEFINITIONAL_REPRESENTATION('',(#9876),#9880);
#9876 = LINE('',#9877,#9878);
#9877 = CARTESIAN_POINT('',(-6.158830312633,0.));
#9878 = VECTOR('',#9879,1.);
#9879 = DIRECTION('',(-0.,-1.));
#9880 = ( GEOMETRIC_REPRESENTATION_CONTEXT(2) 
PARAMETRIC_REPRESENTATION_CONTEXT() REPRESENTATION_CONTEXT('2D SPACE',''
  ) );
#9881 = ORIENTED_EDGE('',*,*,#701,.F.);
#9882 = ADVANCED_FACE('',(#9883),#2052,.F.);
#9883 = FACE_BOUND('',#9884,.T.);
#9884 = EDGE_LOOP('',(#9885,#9906,#9907,#9908));
#9885 = ORIENTED_EDGE('',*,*,#9886,.T.);
#9886 = EDGE_CURVE('',#2004,#6523,#9887,.T.);
#9887 = SURFACE_CURVE('',#9888,(#9892,#9899),.PCURVE_S1.);
#9888 = LINE('',#9889,#9890);
#9889 = CARTESIAN_POINT('',(-20.92995585811,3.439646864884,5.5));
#9890 = VECTOR('',#9891,1.);
#9891 = DIRECTION('',(0.,0.,1.));
#9892 = PCURVE('',#2052,#9893);
#9893 = DEFINITIONAL_REPRESENTATION('',(#9894),#9898);
#9894 = LINE('',#9895,#9896);
#9895 = CARTESIAN_POINT('',(-3.265947648137,0.));
#9896 = VECTOR('',#9897,1.);
#9897 = DIRECTION('',(-0.,-1.));
#9898 = ( GEOMETRIC_REPRESENTATION_CONTEXT(2) 
PARAMETRIC_REPRESENTATION_CONTEXT() REPRESENTATION_CONTEXT('2D SPACE',''
  ) );
#9899 = PCURVE('',#2019,#9900);
#9900 = DEFINITIONAL_REPRESENTATION('',(#9901),#9905);
#9901 = LINE('',#9902,#9903);
#9902 = CARTESIAN_POINT('',(3.216414948478,0.));
#9903 = VECTOR('',#9904,1.);
#9904 = DIRECTION('',(0.,-1.));
#9905 = ( GEOMETRIC_REPRESENTATION_CONTEXT(2) 
PARAMETRIC_REPRESENTATION_CONTEXT() REPRESENTATION_CONTEXT('2D SPACE',''
  ) );
#9906 = ORIENTED_EDGE('',*,*,#6545,.T.);
#9907 = ORIENTED_EDGE('',*,*,#9832,.F.);
#9908 = ORIENTED_EDGE('',*,*,#2031,.F.);
#9909 = ADVANCED_FACE('',(#9910),#750,.F.);
#9910 = FACE_BOUND('',#9911,.T.);
#9911 = EDGE_LOOP('',(#9912,#9913,#9914,#9935));
#9912 = ORIENTED_EDGE('',*,*,#9861,.T.);
#9913 = ORIENTED_EDGE('',*,*,#5463,.T.);
#9914 = ORIENTED_EDGE('',*,*,#9915,.F.);
#9915 = EDGE_CURVE('',#730,#5464,#9916,.T.);
#9916 = SURFACE_CURVE('',#9917,(#9921,#9928),.PCURVE_S1.);
#9917 = LINE('',#9918,#9919);
#9918 = CARTESIAN_POINT('',(20.531008683647,-0.248069469178,5.5));
#9919 = VECTOR('',#9920,1.);
#9920 = DIRECTION('',(0.,0.,1.));
#9921 = PCURVE('',#750,#9922);
#9922 = DEFINITIONAL_REPRESENTATION('',(#9923),#9927);
#9923 = LINE('',#9924,#9925);
#9924 = CARTESIAN_POINT('',(-6.407540301726,0.));
#9925 = VECTOR('',#9926,1.);
#9926 = DIRECTION('',(-0.,-1.));
#9927 = ( GEOMETRIC_REPRESENTATION_CONTEXT(2) 
PARAMETRIC_REPRESENTATION_CONTEXT() REPRESENTATION_CONTEXT('2D SPACE',''
  ) );
#9928 = PCURVE('',#778,#9929);
#9929 = DEFINITIONAL_REPRESENTATION('',(#9930),#9934);
#9930 = LINE('',#9931,#9932);
#9931 = CARTESIAN_POINT('',(0.,0.));
#9932 = VECTOR('',#9933,1.);
#9933 = DIRECTION('',(0.,-1.));
#9934 = ( GEOMETRIC_REPRESENTATION_CONTEXT(2) 
PARAMETRIC_REPRESENTATION_CONTEXT() REPRESENTATION_CONTEXT('2D SPACE',''
  ) );
#9935 = ORIENTED_EDGE('',*,*,#729,.F.);
#9936 = ADVANCED_FACE('',(#9937),#2019,.T.);
#9937 = FACE_BOUND('',#9938,.T.);
#9938 = EDGE_LOOP('',(#9939,#9960,#9961,#9962));
#9939 = ORIENTED_EDGE('',*,*,#9940,.T.);
#9940 = EDGE_CURVE('',#1971,#6495,#9941,.T.);
#9941 = SURFACE_CURVE('',#9942,(#9946,#9953),.PCURVE_S1.);
#9942 = LINE('',#9943,#9944);
#9943 = CARTESIAN_POINT('',(-20.53100868364,0.248069469178,5.5));
#9944 = VECTOR('',#9945,1.);
#9945 = DIRECTION('',(0.,0.,1.));
#9946 = PCURVE('',#2019,#9947);
#9947 = DEFINITIONAL_REPRESENTATION('',(#9948),#9952);
#9948 = LINE('',#9949,#9950);
#9949 = CARTESIAN_POINT('',(0.,0.));
#9950 = VECTOR('',#9951,1.);
#9951 = DIRECTION('',(0.,-1.));
#9952 = ( GEOMETRIC_REPRESENTATION_CONTEXT(2) 
PARAMETRIC_REPRESENTATION_CONTEXT() REPRESENTATION_CONTEXT('2D SPACE',''
  ) );
#9953 = PCURVE('',#1991,#9954);
#9954 = DEFINITIONAL_REPRESENTATION('',(#9955),#9959);
#9955 = LINE('',#9956,#9957);
#9956 = CARTESIAN_POINT('',(-3.265947648137,0.));
#9957 = VECTOR('',#9958,1.);
#9958 = DIRECTION('',(-0.,-1.));
#9959 = ( GEOMETRIC_REPRESENTATION_CONTEXT(2) 
PARAMETRIC_REPRESENTATION_CONTEXT() REPRESENTATION_CONTEXT('2D SPACE',''
  ) );
#9960 = ORIENTED_EDGE('',*,*,#6522,.T.);
#9961 = ORIENTED_EDGE('',*,*,#9886,.F.);
#9962 = ORIENTED_EDGE('',*,*,#2003,.F.);
#9963 = ADVANCED_FACE('',(#9964),#778,.T.);
#9964 = FACE_BOUND('',#9965,.T.);
#9965 = EDGE_LOOP('',(#9966,#9967,#9968,#9989));
#9966 = ORIENTED_EDGE('',*,*,#9915,.T.);
#9967 = ORIENTED_EDGE('',*,*,#5491,.T.);
#9968 = ORIENTED_EDGE('',*,*,#9969,.F.);
#9969 = EDGE_CURVE('',#763,#5492,#9970,.T.);
#9970 = SURFACE_CURVE('',#9971,(#9975,#9982),.PCURVE_S1.);
#9971 = LINE('',#9972,#9973);
#9972 = CARTESIAN_POINT('',(20.929955858111,-3.439646864884,5.5));
#9973 = VECTOR('',#9974,1.);
#9974 = DIRECTION('',(0.,0.,1.));
#9975 = PCURVE('',#778,#9976);
#9976 = DEFINITIONAL_REPRESENTATION('',(#9977),#9981);
#9977 = LINE('',#9978,#9979);
#9978 = CARTESIAN_POINT('',(3.216414948478,0.));
#9979 = VECTOR('',#9980,1.);
#9980 = DIRECTION('',(0.,-1.));
#9981 = ( GEOMETRIC_REPRESENTATION_CONTEXT(2) 
PARAMETRIC_REPRESENTATION_CONTEXT() REPRESENTATION_CONTEXT('2D SPACE',''
  ) );
#9982 = PCURVE('',#811,#9983);
#9983 = DEFINITIONAL_REPRESENTATION('',(#9984),#9988);
#9984 = LINE('',#9985,#9986);
#9985 = CARTESIAN_POINT('',(-0.124354994547,0.));
#9986 = VECTOR('',#9987,1.);
#9987 = DIRECTION('',(-0.,-1.));
#9988 = ( GEOMETRIC_REPRESENTATION_CONTEXT(2) 
PARAMETRIC_REPRESENTATION_CONTEXT() REPRESENTATION_CONTEXT('2D SPACE',''
  ) );
#9989 = ORIENTED_EDGE('',*,*,#762,.F.);
#9990 = ADVANCED_FACE('',(#9991),#1991,.F.);
#9991 = FACE_BOUND('',#9992,.T.);
#9992 = EDGE_LOOP('',(#9993,#10014,#10015,#10016));
#9993 = ORIENTED_EDGE('',*,*,#9994,.T.);
#9994 = EDGE_CURVE('',#1943,#6472,#9995,.T.);
#9995 = SURFACE_CURVE('',#9996,(#10000,#10007),.PCURVE_S1.);
#9996 = LINE('',#9997,#9998);
#9997 = CARTESIAN_POINT('',(-20.53100868364,-0.248069469178,5.5));
#9998 = VECTOR('',#9999,1.);
#9999 = DIRECTION('',(0.,0.,1.));
#10000 = PCURVE('',#1991,#10001);
#10001 = DEFINITIONAL_REPRESENTATION('',(#10002),#10006);
#10002 = LINE('',#10003,#10004);
#10003 = CARTESIAN_POINT('',(-3.017237659043,0.));
#10004 = VECTOR('',#10005,1.);
#10005 = DIRECTION('',(-0.,-1.));
#10006 = ( GEOMETRIC_REPRESENTATION_CONTEXT(2) 
PARAMETRIC_REPRESENTATION_CONTEXT() REPRESENTATION_CONTEXT('2D SPACE',''
  ) );
#10007 = PCURVE('',#1958,#10008);
#10008 = DEFINITIONAL_REPRESENTATION('',(#10009),#10013);
#10009 = LINE('',#10010,#10011);
#10010 = CARTESIAN_POINT('',(3.216414948478,0.));
#10011 = VECTOR('',#10012,1.);
#10012 = DIRECTION('',(0.,-1.));
#10013 = ( GEOMETRIC_REPRESENTATION_CONTEXT(2) 
PARAMETRIC_REPRESENTATION_CONTEXT() REPRESENTATION_CONTEXT('2D SPACE',''
  ) );
#10014 = ORIENTED_EDGE('',*,*,#6494,.T.);
#10015 = ORIENTED_EDGE('',*,*,#9940,.F.);
#10016 = ORIENTED_EDGE('',*,*,#1970,.F.);
#10017 = ADVANCED_FACE('',(#10018),#811,.F.);
#10018 = FACE_BOUND('',#10019,.T.);
#10019 = EDGE_LOOP('',(#10020,#10021,#10022,#10043));
#10020 = ORIENTED_EDGE('',*,*,#9969,.T.);
#10021 = ORIENTED_EDGE('',*,*,#5514,.T.);
#10022 = ORIENTED_EDGE('',*,*,#10023,.F.);
#10023 = EDGE_CURVE('',#791,#5515,#10024,.T.);
#10024 = SURFACE_CURVE('',#10025,(#10029,#10036),.PCURVE_S1.);
#10025 = LINE('',#10026,#10027);
#10026 = CARTESIAN_POINT('',(21.352773992652,-4.440967490815,5.5));
#10027 = VECTOR('',#10028,1.);
#10028 = DIRECTION('',(0.,0.,1.));
#10029 = PCURVE('',#811,#10030);
#10030 = DEFINITIONAL_REPRESENTATION('',(#10031),#10035);
#10031 = LINE('',#10032,#10033);
#10032 = CARTESIAN_POINT('',(-0.674740942224,0.));
#10033 = VECTOR('',#10034,1.);
#10034 = DIRECTION('',(-0.,-1.));
#10035 = ( GEOMETRIC_REPRESENTATION_CONTEXT(2) 
PARAMETRIC_REPRESENTATION_CONTEXT() REPRESENTATION_CONTEXT('2D SPACE',''
  ) );
#10036 = PCURVE('',#839,#10037);
#10037 = DEFINITIONAL_REPRESENTATION('',(#10038),#10042);
#10038 = LINE('',#10039,#10040);
#10039 = CARTESIAN_POINT('',(0.,0.));
#10040 = VECTOR('',#10041,1.);
#10041 = DIRECTION('',(0.,-1.));
#10042 = ( GEOMETRIC_REPRESENTATION_CONTEXT(2) 
PARAMETRIC_REPRESENTATION_CONTEXT() REPRESENTATION_CONTEXT('2D SPACE',''
  ) );
#10043 = ORIENTED_EDGE('',*,*,#790,.F.);
#10044 = ADVANCED_FACE('',(#10045),#1958,.T.);
#10045 = FACE_BOUND('',#10046,.T.);
#10046 = EDGE_LOOP('',(#10047,#10068,#10069,#10070));
#10047 = ORIENTED_EDGE('',*,*,#10048,.T.);
#10048 = EDGE_CURVE('',#1910,#6444,#10049,.T.);
#10049 = SURFACE_CURVE('',#10050,(#10054,#10061),.PCURVE_S1.);
#10050 = LINE('',#10051,#10052);
#10051 = CARTESIAN_POINT('',(-20.92995585811,-3.439646864884,5.5));
#10052 = VECTOR('',#10053,1.);
#10053 = DIRECTION('',(0.,0.,1.));
#10054 = PCURVE('',#1958,#10055);
#10055 = DEFINITIONAL_REPRESENTATION('',(#10056),#10060);
#10056 = LINE('',#10057,#10058);
#10057 = CARTESIAN_POINT('',(0.,0.));
#10058 = VECTOR('',#10059,1.);
#10059 = DIRECTION('',(0.,-1.));
#10060 = ( GEOMETRIC_REPRESENTATION_CONTEXT(2) 
PARAMETRIC_REPRESENTATION_CONTEXT() REPRESENTATION_CONTEXT('2D SPACE',''
  ) );
#10061 = PCURVE('',#1930,#10062);
#10062 = DEFINITIONAL_REPRESENTATION('',(#10063),#10067);
#10063 = LINE('',#10064,#10065);
#10064 = CARTESIAN_POINT('',(-3.017237659043,0.));
#10065 = VECTOR('',#10066,1.);
#10066 = DIRECTION('',(-0.,-1.));
#10067 = ( GEOMETRIC_REPRESENTATION_CONTEXT(2) 
PARAMETRIC_REPRESENTATION_CONTEXT() REPRESENTATION_CONTEXT('2D SPACE',''
  ) );
#10068 = ORIENTED_EDGE('',*,*,#6471,.T.);
#10069 = ORIENTED_EDGE('',*,*,#9994,.F.);
#10070 = ORIENTED_EDGE('',*,*,#1942,.F.);
#10071 = ADVANCED_FACE('',(#10072),#839,.T.);
#10072 = FACE_BOUND('',#10073,.T.);
#10073 = EDGE_LOOP('',(#10074,#10075,#10076,#10097));
#10074 = ORIENTED_EDGE('',*,*,#10023,.T.);
#10075 = ORIENTED_EDGE('',*,*,#5542,.T.);
#10076 = ORIENTED_EDGE('',*,*,#10077,.F.);
#10077 = EDGE_CURVE('',#824,#5543,#10078,.T.);
#10078 = SURFACE_CURVE('',#10079,(#10083,#10090),.PCURVE_S1.);
#10079 = LINE('',#10080,#10081);
#10080 = CARTESIAN_POINT('',(24.561737618886,-8.452172023608,5.5));
#10081 = VECTOR('',#10082,1.);
#10082 = DIRECTION('',(0.,0.,1.));
#10083 = PCURVE('',#839,#10084);
#10084 = DEFINITIONAL_REPRESENTATION('',(#10085),#10089);
#10085 = LINE('',#10086,#10087);
#10086 = CARTESIAN_POINT('',(5.136848193045,0.));
#10087 = VECTOR('',#10088,1.);
#10088 = DIRECTION('',(0.,-1.));
#10089 = ( GEOMETRIC_REPRESENTATION_CONTEXT(2) 
PARAMETRIC_REPRESENTATION_CONTEXT() REPRESENTATION_CONTEXT('2D SPACE',''
  ) );
#10090 = PCURVE('',#868,#10091);
#10091 = DEFINITIONAL_REPRESENTATION('',(#10092),#10096);
#10092 = LINE('',#10093,#10094);
#10093 = CARTESIAN_POINT('',(5.608444364956,0.));
#10094 = VECTOR('',#10095,1.);
#10095 = DIRECTION('',(0.,-1.));
#10096 = ( GEOMETRIC_REPRESENTATION_CONTEXT(2) 
PARAMETRIC_REPRESENTATION_CONTEXT() REPRESENTATION_CONTEXT('2D SPACE',''
  ) );
#10097 = ORIENTED_EDGE('',*,*,#823,.F.);
#10098 = ADVANCED_FACE('',(#10099),#1930,.F.);
#10099 = FACE_BOUND('',#10100,.T.);
#10100 = EDGE_LOOP('',(#10101,#10122,#10123,#10124));
#10101 = ORIENTED_EDGE('',*,*,#10102,.T.);
#10102 = EDGE_CURVE('',#1882,#6421,#10103,.T.);
#10103 = SURFACE_CURVE('',#10104,(#10108,#10115),.PCURVE_S1.);
#10104 = LINE('',#10105,#10106);
#10105 = CARTESIAN_POINT('',(-21.35277399265,-4.440967490815,5.5));
#10106 = VECTOR('',#10107,1.);
#10107 = DIRECTION('',(0.,0.,1.));
#10108 = PCURVE('',#1930,#10109);
#10109 = DEFINITIONAL_REPRESENTATION('',(#10110),#10114);
#10110 = LINE('',#10111,#10112);
#10111 = CARTESIAN_POINT('',(-2.466851711366,0.));
#10112 = VECTOR('',#10113,1.);
#10113 = DIRECTION('',(-0.,-1.));
#10114 = ( GEOMETRIC_REPRESENTATION_CONTEXT(2) 
PARAMETRIC_REPRESENTATION_CONTEXT() REPRESENTATION_CONTEXT('2D SPACE',''
  ) );
#10115 = PCURVE('',#1897,#10116);
#10116 = DEFINITIONAL_REPRESENTATION('',(#10117),#10121);
#10117 = LINE('',#10118,#10119);
#10118 = CARTESIAN_POINT('',(5.136848193045,0.));
#10119 = VECTOR('',#10120,1.);
#10120 = DIRECTION('',(0.,-1.));
#10121 = ( GEOMETRIC_REPRESENTATION_CONTEXT(2) 
PARAMETRIC_REPRESENTATION_CONTEXT() REPRESENTATION_CONTEXT('2D SPACE',''
  ) );
#10122 = ORIENTED_EDGE('',*,*,#6443,.T.);
#10123 = ORIENTED_EDGE('',*,*,#10048,.F.);
#10124 = ORIENTED_EDGE('',*,*,#1909,.F.);
#10125 = ADVANCED_FACE('',(#10126),#868,.T.);
#10126 = FACE_BOUND('',#10127,.T.);
#10127 = EDGE_LOOP('',(#10128,#10129,#10130,#10151));
#10128 = ORIENTED_EDGE('',*,*,#10077,.T.);
#10129 = ORIENTED_EDGE('',*,*,#5565,.T.);
#10130 = ORIENTED_EDGE('',*,*,#10131,.F.);
#10131 = EDGE_CURVE('',#852,#5566,#10132,.T.);
#10132 = SURFACE_CURVE('',#10133,(#10137,#10144),.PCURVE_S1.);
#10133 = LINE('',#10134,#10135);
#10134 = CARTESIAN_POINT('',(25.,-9.701562118716,5.5));
#10135 = VECTOR('',#10136,1.);
#10136 = DIRECTION('',(0.,0.,1.));
#10137 = PCURVE('',#868,#10138);
#10138 = DEFINITIONAL_REPRESENTATION('',(#10139),#10143);
#10139 = LINE('',#10140,#10141);
#10140 = CARTESIAN_POINT('',(6.28318530718,0.));
#10141 = VECTOR('',#10142,1.);
#10142 = DIRECTION('',(0.,-1.));
#10143 = ( GEOMETRIC_REPRESENTATION_CONTEXT(2) 
PARAMETRIC_REPRESENTATION_CONTEXT() REPRESENTATION_CONTEXT('2D SPACE',''
  ) );
#10144 = PCURVE('',#896,#10145);
#10145 = DEFINITIONAL_REPRESENTATION('',(#10146),#10150);
#10146 = LINE('',#10147,#10148);
#10147 = CARTESIAN_POINT('',(0.,0.));
#10148 = VECTOR('',#10149,1.);
#10149 = DIRECTION('',(0.,-1.));
#10150 = ( GEOMETRIC_REPRESENTATION_CONTEXT(2) 
PARAMETRIC_REPRESENTATION_CONTEXT() REPRESENTATION_CONTEXT('2D SPACE',''
  ) );
#10151 = ORIENTED_EDGE('',*,*,#851,.F.);
#10152 = ADVANCED_FACE('',(#10153),#1897,.T.);
#10153 = FACE_BOUND('',#10154,.T.);
#10154 = EDGE_LOOP('',(#10155,#10176,#10177,#10178));
#10155 = ORIENTED_EDGE('',*,*,#10156,.T.);
#10156 = EDGE_CURVE('',#1853,#6397,#10157,.T.);
#10157 = SURFACE_CURVE('',#10158,(#10162,#10169),.PCURVE_S1.);
#10158 = LINE('',#10159,#10160);
#10159 = CARTESIAN_POINT('',(-24.56173761888,-8.452172023608,5.5));
#10160 = VECTOR('',#10161,1.);
#10161 = DIRECTION('',(0.,0.,1.));
#10162 = PCURVE('',#1897,#10163);
#10163 = DEFINITIONAL_REPRESENTATION('',(#10164),#10168);
#10164 = LINE('',#10165,#10166);
#10165 = CARTESIAN_POINT('',(0.,0.));
#10166 = VECTOR('',#10167,1.);
#10167 = DIRECTION('',(0.,-1.));
#10168 = ( GEOMETRIC_REPRESENTATION_CONTEXT(2) 
PARAMETRIC_REPRESENTATION_CONTEXT() REPRESENTATION_CONTEXT('2D SPACE',''
  ) );
#10169 = PCURVE('',#1869,#10170);
#10170 = DEFINITIONAL_REPRESENTATION('',(#10171),#10175);
#10171 = LINE('',#10172,#10173);
#10172 = CARTESIAN_POINT('',(3.816333595813,0.));
#10173 = VECTOR('',#10174,1.);
#10174 = DIRECTION('',(0.,-1.));
#10175 = ( GEOMETRIC_REPRESENTATION_CONTEXT(2) 
PARAMETRIC_REPRESENTATION_CONTEXT() REPRESENTATION_CONTEXT('2D SPACE',''
  ) );
#10176 = ORIENTED_EDGE('',*,*,#6420,.T.);
#10177 = ORIENTED_EDGE('',*,*,#10102,.F.);
#10178 = ORIENTED_EDGE('',*,*,#1881,.F.);
#10179 = ADVANCED_FACE('',(#10180),#896,.T.);
#10180 = FACE_BOUND('',#10181,.T.);
#10181 = EDGE_LOOP('',(#10182,#10183,#10184,#10205));
#10182 = ORIENTED_EDGE('',*,*,#10131,.T.);
#10183 = ORIENTED_EDGE('',*,*,#5589,.T.);
#10184 = ORIENTED_EDGE('',*,*,#10185,.F.);
#10185 = EDGE_CURVE('',#881,#5590,#10186,.T.);
#10186 = SURFACE_CURVE('',#10187,(#10191,#10198),.PCURVE_S1.);
#10187 = LINE('',#10188,#10189);
#10188 = CARTESIAN_POINT('',(25.,-14.23252798953,5.5));
#10189 = VECTOR('',#10190,1.);
#10190 = DIRECTION('',(0.,0.,1.));
#10191 = PCURVE('',#896,#10192);
#10192 = DEFINITIONAL_REPRESENTATION('',(#10193),#10197);
#10193 = LINE('',#10194,#10195);
#10194 = CARTESIAN_POINT('',(4.530965870823,0.));
#10195 = VECTOR('',#10196,1.);
#10196 = DIRECTION('',(0.,-1.));
#10197 = ( GEOMETRIC_REPRESENTATION_CONTEXT(2) 
PARAMETRIC_REPRESENTATION_CONTEXT() REPRESENTATION_CONTEXT('2D SPACE',''
  ) );
#10198 = PCURVE('',#925,#10199);
#10199 = DEFINITIONAL_REPRESENTATION('',(#10200),#10204);
#10200 = LINE('',#10201,#10202);
#10201 = CARTESIAN_POINT('',(0.,0.));
#10202 = VECTOR('',#10203,1.);
#10203 = DIRECTION('',(0.,-1.));
#10204 = ( GEOMETRIC_REPRESENTATION_CONTEXT(2) 
PARAMETRIC_REPRESENTATION_CONTEXT() REPRESENTATION_CONTEXT('2D SPACE',''
  ) );
#10205 = ORIENTED_EDGE('',*,*,#880,.F.);
#10206 = ADVANCED_FACE('',(#10207),#1869,.T.);
#10207 = FACE_BOUND('',#10208,.T.);
#10208 = EDGE_LOOP('',(#10209,#10230,#10231,#10232));
#10209 = ORIENTED_EDGE('',*,*,#10210,.T.);
#10210 = EDGE_CURVE('',#1825,#6374,#10211,.T.);
#10211 = SURFACE_CURVE('',#10212,(#10216,#10223),.PCURVE_S1.);
#10212 = LINE('',#10213,#10214);
#10213 = CARTESIAN_POINT('',(-25.,-9.701562118716,5.5));
#10214 = VECTOR('',#10215,1.);
#10215 = DIRECTION('',(0.,0.,1.));
#10216 = PCURVE('',#1869,#10217);
#10217 = DEFINITIONAL_REPRESENTATION('',(#10218),#10222);
#10218 = LINE('',#10219,#10220);
#10219 = CARTESIAN_POINT('',(3.14159265359,0.));
#10220 = VECTOR('',#10221,1.);
#10221 = DIRECTION('',(0.,-1.));
#10222 = ( GEOMETRIC_REPRESENTATION_CONTEXT(2) 
PARAMETRIC_REPRESENTATION_CONTEXT() REPRESENTATION_CONTEXT('2D SPACE',''
  ) );
#10223 = PCURVE('',#1840,#10224);
#10224 = DEFINITIONAL_REPRESENTATION('',(#10225),#10229);
#10225 = LINE('',#10226,#10227);
#10226 = CARTESIAN_POINT('',(4.530965870823,0.));
#10227 = VECTOR('',#10228,1.);
#10228 = DIRECTION('',(0.,-1.));
#10229 = ( GEOMETRIC_REPRESENTATION_CONTEXT(2) 
PARAMETRIC_REPRESENTATION_CONTEXT() REPRESENTATION_CONTEXT('2D SPACE',''
  ) );
#10230 = ORIENTED_EDGE('',*,*,#6396,.T.);
#10231 = ORIENTED_EDGE('',*,*,#10156,.F.);
#10232 = ORIENTED_EDGE('',*,*,#1852,.F.);
#10233 = ADVANCED_FACE('',(#10234),#925,.T.);
#10234 = FACE_BOUND('',#10235,.T.);
#10235 = EDGE_LOOP('',(#10236,#10237,#10238,#10259));
#10236 = ORIENTED_EDGE('',*,*,#10185,.T.);
#10237 = ORIENTED_EDGE('',*,*,#5612,.T.);
#10238 = ORIENTED_EDGE('',*,*,#10239,.F.);
#10239 = EDGE_CURVE('',#909,#5613,#10240,.T.);
#10240 = SURFACE_CURVE('',#10241,(#10245,#10252),.PCURVE_S1.);
#10241 = LINE('',#10242,#10243);
#10242 = CARTESIAN_POINT('',(24.486588292494,-15.57045745278,5.5));
#10243 = VECTOR('',#10244,1.);
#10244 = DIRECTION('',(0.,0.,1.));
#10245 = PCURVE('',#925,#10246);
#10246 = DEFINITIONAL_REPRESENTATION('',(#10247),#10251);
#10247 = LINE('',#10248,#10249);
#10248 = CARTESIAN_POINT('',(0.732815101787,0.));
#10249 = VECTOR('',#10250,1.);
#10250 = DIRECTION('',(0.,-1.));
#10251 = ( GEOMETRIC_REPRESENTATION_CONTEXT(2) 
PARAMETRIC_REPRESENTATION_CONTEXT() REPRESENTATION_CONTEXT('2D SPACE',''
  ) );
#10252 = PCURVE('',#953,#10253);
#10253 = DEFINITIONAL_REPRESENTATION('',(#10254),#10258);
#10254 = LINE('',#10255,#10256);
#10255 = CARTESIAN_POINT('',(0.,0.));
#10256 = VECTOR('',#10257,1.);
#10257 = DIRECTION('',(0.,-1.));
#10258 = ( GEOMETRIC_REPRESENTATION_CONTEXT(2) 
PARAMETRIC_REPRESENTATION_CONTEXT() REPRESENTATION_CONTEXT('2D SPACE',''
  ) );
#10259 = ORIENTED_EDGE('',*,*,#908,.F.);
#10260 = ADVANCED_FACE('',(#10261),#1840,.T.);
#10261 = FACE_BOUND('',#10262,.T.);
#10262 = EDGE_LOOP('',(#10263,#10284,#10285,#10286));
#10263 = ORIENTED_EDGE('',*,*,#10264,.T.);
#10264 = EDGE_CURVE('',#1796,#6350,#10265,.T.);
#10265 = SURFACE_CURVE('',#10266,(#10270,#10277),.PCURVE_S1.);
#10266 = LINE('',#10267,#10268);
#10267 = CARTESIAN_POINT('',(-25.,-14.23252798953,5.5));
#10268 = VECTOR('',#10269,1.);
#10269 = DIRECTION('',(0.,0.,1.));
#10270 = PCURVE('',#1840,#10271);
#10271 = DEFINITIONAL_REPRESENTATION('',(#10272),#10276);
#10272 = LINE('',#10273,#10274);
#10273 = CARTESIAN_POINT('',(0.,0.));
#10274 = VECTOR('',#10275,1.);
#10275 = DIRECTION('',(0.,-1.));
#10276 = ( GEOMETRIC_REPRESENTATION_CONTEXT(2) 
PARAMETRIC_REPRESENTATION_CONTEXT() REPRESENTATION_CONTEXT('2D SPACE',''
  ) );
#10277 = PCURVE('',#1812,#10278);
#10278 = DEFINITIONAL_REPRESENTATION('',(#10279),#10283);
#10279 = LINE('',#10280,#10281);
#10280 = CARTESIAN_POINT('',(3.14159265359,0.));
#10281 = VECTOR('',#10282,1.);
#10282 = DIRECTION('',(0.,-1.));
#10283 = ( GEOMETRIC_REPRESENTATION_CONTEXT(2) 
PARAMETRIC_REPRESENTATION_CONTEXT() REPRESENTATION_CONTEXT('2D SPACE',''
  ) );
#10284 = ORIENTED_EDGE('',*,*,#6373,.T.);
#10285 = ORIENTED_EDGE('',*,*,#10210,.F.);
#10286 = ORIENTED_EDGE('',*,*,#1824,.F.);
#10287 = ADVANCED_FACE('',(#10288),#953,.T.);
#10288 = FACE_BOUND('',#10289,.T.);
#10289 = EDGE_LOOP('',(#10290,#10291,#10292,#10313));
#10290 = ORIENTED_EDGE('',*,*,#10239,.T.);
#10291 = ORIENTED_EDGE('',*,*,#5636,.T.);
#10292 = ORIENTED_EDGE('',*,*,#10293,.F.);
#10293 = EDGE_CURVE('',#938,#5637,#10294,.T.);
#10294 = SURFACE_CURVE('',#10295,(#10299,#10306),.PCURVE_S1.);
#10295 = LINE('',#10296,#10297);
#10296 = CARTESIAN_POINT('',(20.525475131401,-19.97169429844,5.5));
#10297 = VECTOR('',#10298,1.);
#10298 = DIRECTION('',(0.,0.,1.));
#10299 = PCURVE('',#953,#10300);
#10300 = DEFINITIONAL_REPRESENTATION('',(#10301),#10305);
#10301 = LINE('',#10302,#10303);
#10302 = CARTESIAN_POINT('',(5.921258586362,0.));
#10303 = VECTOR('',#10304,1.);
#10304 = DIRECTION('',(0.,-1.));
#10305 = ( GEOMETRIC_REPRESENTATION_CONTEXT(2) 
PARAMETRIC_REPRESENTATION_CONTEXT() REPRESENTATION_CONTEXT('2D SPACE',''
  ) );
#10306 = PCURVE('',#986,#10307);
#10307 = DEFINITIONAL_REPRESENTATION('',(#10308),#10312);
#10308 = LINE('',#10309,#10310);
#10309 = CARTESIAN_POINT('',(-5.550370205393,0.));
#10310 = VECTOR('',#10311,1.);
#10311 = DIRECTION('',(-0.,-1.));
#10312 = ( GEOMETRIC_REPRESENTATION_CONTEXT(2) 
PARAMETRIC_REPRESENTATION_CONTEXT() REPRESENTATION_CONTEXT('2D SPACE',''
  ) );
#10313 = ORIENTED_EDGE('',*,*,#937,.F.);
#10314 = ADVANCED_FACE('',(#10315),#1812,.T.);
#10315 = FACE_BOUND('',#10316,.T.);
#10316 = EDGE_LOOP('',(#10317,#10338,#10339,#10340));
#10317 = ORIENTED_EDGE('',*,*,#10318,.T.);
#10318 = EDGE_CURVE('',#1768,#6327,#10319,.T.);
#10319 = SURFACE_CURVE('',#10320,(#10324,#10331),.PCURVE_S1.);
#10320 = LINE('',#10321,#10322);
#10321 = CARTESIAN_POINT('',(-24.48658829249,-15.57045745278,5.5));
#10322 = VECTOR('',#10323,1.);
#10323 = DIRECTION('',(0.,0.,1.));
#10324 = PCURVE('',#1812,#10325);
#10325 = DEFINITIONAL_REPRESENTATION('',(#10326),#10330);
#10326 = LINE('',#10327,#10328);
#10327 = CARTESIAN_POINT('',(2.408777551803,0.));
#10328 = VECTOR('',#10329,1.);
#10329 = DIRECTION('',(0.,-1.));
#10330 = ( GEOMETRIC_REPRESENTATION_CONTEXT(2) 
PARAMETRIC_REPRESENTATION_CONTEXT() REPRESENTATION_CONTEXT('2D SPACE',''
  ) );
#10331 = PCURVE('',#1783,#10332);
#10332 = DEFINITIONAL_REPRESENTATION('',(#10333),#10337);
#10333 = LINE('',#10334,#10335);
#10334 = CARTESIAN_POINT('',(5.921258586362,0.));
#10335 = VECTOR('',#10336,1.);
#10336 = DIRECTION('',(0.,-1.));
#10337 = ( GEOMETRIC_REPRESENTATION_CONTEXT(2) 
PARAMETRIC_REPRESENTATION_CONTEXT() REPRESENTATION_CONTEXT('2D SPACE',''
  ) );
#10338 = ORIENTED_EDGE('',*,*,#6349,.T.);
#10339 = ORIENTED_EDGE('',*,*,#10264,.F.);
#10340 = ORIENTED_EDGE('',*,*,#1795,.F.);
#10341 = ADVANCED_FACE('',(#10342),#986,.F.);
#10342 = FACE_BOUND('',#10343,.T.);
#10343 = EDGE_LOOP('',(#10344,#10345,#10346,#10367));
#10344 = ORIENTED_EDGE('',*,*,#10293,.T.);
#10345 = ORIENTED_EDGE('',*,*,#5659,.T.);
#10346 = ORIENTED_EDGE('',*,*,#10347,.F.);
#10347 = EDGE_CURVE('',#966,#5660,#10348,.T.);
#10348 = SURFACE_CURVE('',#10349,(#10353,#10360),.PCURVE_S1.);
#10349 = LINE('',#10350,#10351);
#10350 = CARTESIAN_POINT('',(20.475620864701,-20.02925496235,5.5));
#10351 = VECTOR('',#10352,1.);
#10352 = DIRECTION('',(0.,0.,1.));
#10353 = PCURVE('',#986,#10354);
#10354 = DEFINITIONAL_REPRESENTATION('',(#10355),#10359);
#10355 = LINE('',#10356,#10357);
#10356 = CARTESIAN_POINT('',(-5.588447030983,0.));
#10357 = VECTOR('',#10358,1.);
#10358 = DIRECTION('',(-0.,-1.));
#10359 = ( GEOMETRIC_REPRESENTATION_CONTEXT(2) 
PARAMETRIC_REPRESENTATION_CONTEXT() REPRESENTATION_CONTEXT('2D SPACE',''
  ) );
#10360 = PCURVE('',#1014,#10361);
#10361 = DEFINITIONAL_REPRESENTATION('',(#10362),#10366);
#10362 = LINE('',#10363,#10364);
#10363 = CARTESIAN_POINT('',(0.,0.));
#10364 = VECTOR('',#10365,1.);
#10365 = DIRECTION('',(0.,-1.));
#10366 = ( GEOMETRIC_REPRESENTATION_CONTEXT(2) 
PARAMETRIC_REPRESENTATION_CONTEXT() REPRESENTATION_CONTEXT('2D SPACE',''
  ) );
#10367 = ORIENTED_EDGE('',*,*,#965,.F.);
#10368 = ADVANCED_FACE('',(#10369),#1783,.T.);
#10369 = FACE_BOUND('',#10370,.T.);
#10370 = EDGE_LOOP('',(#10371,#10392,#10393,#10394));
#10371 = ORIENTED_EDGE('',*,*,#10372,.T.);
#10372 = EDGE_CURVE('',#1735,#6299,#10373,.T.);
#10373 = SURFACE_CURVE('',#10374,(#10378,#10385),.PCURVE_S1.);
#10374 = LINE('',#10375,#10376);
#10375 = CARTESIAN_POINT('',(-20.5254751314,-19.97169429844,5.5));
#10376 = VECTOR('',#10377,1.);
#10377 = DIRECTION('',(0.,0.,1.));
#10378 = PCURVE('',#1783,#10379);
#10379 = DEFINITIONAL_REPRESENTATION('',(#10380),#10384);
#10380 = LINE('',#10381,#10382);
#10381 = CARTESIAN_POINT('',(0.,0.));
#10382 = VECTOR('',#10383,1.);
#10383 = DIRECTION('',(0.,-1.));
#10384 = ( GEOMETRIC_REPRESENTATION_CONTEXT(2) 
PARAMETRIC_REPRESENTATION_CONTEXT() REPRESENTATION_CONTEXT('2D SPACE',''
  ) );
#10385 = PCURVE('',#1755,#10386);
#10386 = DEFINITIONAL_REPRESENTATION('',(#10387),#10391);
#10387 = LINE('',#10388,#10389);
#10388 = CARTESIAN_POINT('',(-3.874407755376,0.));
#10389 = VECTOR('',#10390,1.);
#10390 = DIRECTION('',(-0.,-1.));
#10391 = ( GEOMETRIC_REPRESENTATION_CONTEXT(2) 
PARAMETRIC_REPRESENTATION_CONTEXT() REPRESENTATION_CONTEXT('2D SPACE',''
  ) );
#10392 = ORIENTED_EDGE('',*,*,#6326,.T.);
#10393 = ORIENTED_EDGE('',*,*,#10318,.F.);
#10394 = ORIENTED_EDGE('',*,*,#1767,.F.);
#10395 = ADVANCED_FACE('',(#10396),#1014,.T.);
#10396 = FACE_BOUND('',#10397,.T.);
#10397 = EDGE_LOOP('',(#10398,#10399,#10400,#10421));
#10398 = ORIENTED_EDGE('',*,*,#10347,.T.);
#10399 = ORIENTED_EDGE('',*,*,#5687,.T.);
#10400 = ORIENTED_EDGE('',*,*,#10401,.F.);
#10401 = EDGE_CURVE('',#999,#5688,#10402,.T.);
#10402 = SURFACE_CURVE('',#10403,(#10407,#10414),.PCURVE_S1.);
#10403 = LINE('',#10404,#10405);
#10404 = CARTESIAN_POINT('',(15.668393586646,-25.79792769602,5.5));
#10405 = VECTOR('',#10406,1.);
#10406 = DIRECTION('',(0.,0.,1.));
#10407 = PCURVE('',#1014,#10408);
#10408 = DEFINITIONAL_REPRESENTATION('',(#10409),#10413);
#10409 = LINE('',#10410,#10411);
#10410 = CARTESIAN_POINT('',(7.509129058087,0.));
#10411 = VECTOR('',#10412,1.);
#10412 = DIRECTION('',(0.,-1.));
#10413 = ( GEOMETRIC_REPRESENTATION_CONTEXT(2) 
PARAMETRIC_REPRESENTATION_CONTEXT() REPRESENTATION_CONTEXT('2D SPACE',''
  ) );
#10414 = PCURVE('',#1047,#10415);
#10415 = DEFINITIONAL_REPRESENTATION('',(#10416),#10420);
#10416 = LINE('',#10417,#10418);
#10417 = CARTESIAN_POINT('',(-5.588447030983,0.));
#10418 = VECTOR('',#10419,1.);
#10419 = DIRECTION('',(-0.,-1.));
#10420 = ( GEOMETRIC_REPRESENTATION_CONTEXT(2) 
PARAMETRIC_REPRESENTATION_CONTEXT() REPRESENTATION_CONTEXT('2D SPACE',''
  ) );
#10421 = ORIENTED_EDGE('',*,*,#998,.F.);
#10422 = ADVANCED_FACE('',(#10423),#1755,.F.);
#10423 = FACE_BOUND('',#10424,.T.);
#10424 = EDGE_LOOP('',(#10425,#10446,#10447,#10448));
#10425 = ORIENTED_EDGE('',*,*,#10426,.T.);
#10426 = EDGE_CURVE('',#1707,#6276,#10427,.T.);
#10427 = SURFACE_CURVE('',#10428,(#10432,#10439),.PCURVE_S1.);
#10428 = LINE('',#10429,#10430);
#10429 = CARTESIAN_POINT('',(-20.4756208647,-20.02925496235,5.5));
#10430 = VECTOR('',#10431,1.);
#10431 = DIRECTION('',(0.,0.,1.));
#10432 = PCURVE('',#1755,#10433);
#10433 = DEFINITIONAL_REPRESENTATION('',(#10434),#10438);
#10434 = LINE('',#10435,#10436);
#10435 = CARTESIAN_POINT('',(-3.836330929786,0.));
#10436 = VECTOR('',#10437,1.);
#10437 = DIRECTION('',(-0.,-1.));
#10438 = ( GEOMETRIC_REPRESENTATION_CONTEXT(2) 
PARAMETRIC_REPRESENTATION_CONTEXT() REPRESENTATION_CONTEXT('2D SPACE',''
  ) );
#10439 = PCURVE('',#1722,#10440);
#10440 = DEFINITIONAL_REPRESENTATION('',(#10441),#10445);
#10441 = LINE('',#10442,#10443);
#10442 = CARTESIAN_POINT('',(7.509129058087,0.));
#10443 = VECTOR('',#10444,1.);
#10444 = DIRECTION('',(0.,-1.));
#10445 = ( GEOMETRIC_REPRESENTATION_CONTEXT(2) 
PARAMETRIC_REPRESENTATION_CONTEXT() REPRESENTATION_CONTEXT('2D SPACE',''
  ) );
#10446 = ORIENTED_EDGE('',*,*,#6298,.T.);
#10447 = ORIENTED_EDGE('',*,*,#10372,.F.);
#10448 = ORIENTED_EDGE('',*,*,#1734,.F.);
#10449 = ADVANCED_FACE('',(#10450),#1047,.F.);
#10450 = FACE_BOUND('',#10451,.T.);
#10451 = EDGE_LOOP('',(#10452,#10453,#10454,#10475));
#10452 = ORIENTED_EDGE('',*,*,#10401,.T.);
#10453 = ORIENTED_EDGE('',*,*,#5710,.T.);
#10454 = ORIENTED_EDGE('',*,*,#10455,.F.);
#10455 = EDGE_CURVE('',#1027,#5711,#10456,.T.);
#10456 = SURFACE_CURVE('',#10457,(#10461,#10468),.PCURVE_S1.);
#10457 = LINE('',#10458,#10459);
#10458 = CARTESIAN_POINT('',(15.389582064282,-26.23874148263,5.5));
#10459 = VECTOR('',#10460,1.);
#10460 = DIRECTION('',(0.,0.,1.));
#10461 = PCURVE('',#1047,#10462);
#10462 = DEFINITIONAL_REPRESENTATION('',(#10463),#10467);
#10463 = LINE('',#10464,#10465);
#10464 = CARTESIAN_POINT('',(-5.849985138748,0.));
#10465 = VECTOR('',#10466,1.);
#10466 = DIRECTION('',(-0.,-1.));
#10467 = ( GEOMETRIC_REPRESENTATION_CONTEXT(2) 
PARAMETRIC_REPRESENTATION_CONTEXT() REPRESENTATION_CONTEXT('2D SPACE',''
  ) );
#10468 = PCURVE('',#1075,#10469);
#10469 = DEFINITIONAL_REPRESENTATION('',(#10470),#10474);
#10470 = LINE('',#10471,#10472);
#10471 = CARTESIAN_POINT('',(0.,0.));
#10472 = VECTOR('',#10473,1.);
#10473 = DIRECTION('',(0.,-1.));
#10474 = ( GEOMETRIC_REPRESENTATION_CONTEXT(2) 
PARAMETRIC_REPRESENTATION_CONTEXT() REPRESENTATION_CONTEXT('2D SPACE',''
  ) );
#10475 = ORIENTED_EDGE('',*,*,#1026,.F.);
#10476 = ADVANCED_FACE('',(#10477),#1722,.T.);
#10477 = FACE_BOUND('',#10478,.T.);
#10478 = EDGE_LOOP('',(#10479,#10500,#10501,#10502));
#10479 = ORIENTED_EDGE('',*,*,#10480,.T.);
#10480 = EDGE_CURVE('',#1674,#6248,#10481,.T.);
#10481 = SURFACE_CURVE('',#10482,(#10486,#10493),.PCURVE_S1.);
#10482 = LINE('',#10483,#10484);
#10483 = CARTESIAN_POINT('',(-15.66839358664,-25.79792769602,5.5));
#10484 = VECTOR('',#10485,1.);
#10485 = DIRECTION('',(0.,0.,1.));
#10486 = PCURVE('',#1722,#10487);
#10487 = DEFINITIONAL_REPRESENTATION('',(#10488),#10492);
#10488 = LINE('',#10489,#10490);
#10489 = CARTESIAN_POINT('',(0.,0.));
#10490 = VECTOR('',#10491,1.);
#10491 = DIRECTION('',(0.,-1.));
#10492 = ( GEOMETRIC_REPRESENTATION_CONTEXT(2) 
PARAMETRIC_REPRESENTATION_CONTEXT() REPRESENTATION_CONTEXT('2D SPACE',''
  ) );
#10493 = PCURVE('',#1694,#10494);
#10494 = DEFINITIONAL_REPRESENTATION('',(#10495),#10499);
#10495 = LINE('',#10496,#10497);
#10496 = CARTESIAN_POINT('',(-3.836330929786,0.));
#10497 = VECTOR('',#10498,1.);
#10498 = DIRECTION('',(-0.,-1.));
#10499 = ( GEOMETRIC_REPRESENTATION_CONTEXT(2) 
PARAMETRIC_REPRESENTATION_CONTEXT() REPRESENTATION_CONTEXT('2D SPACE',''
  ) );
#10500 = ORIENTED_EDGE('',*,*,#6275,.T.);
#10501 = ORIENTED_EDGE('',*,*,#10426,.F.);
#10502 = ORIENTED_EDGE('',*,*,#1706,.F.);
#10503 = ADVANCED_FACE('',(#10504),#1075,.T.);
#10504 = FACE_BOUND('',#10505,.T.);
#10505 = EDGE_LOOP('',(#10506,#10507,#10508,#10529));
#10506 = ORIENTED_EDGE('',*,*,#10455,.T.);
#10507 = ORIENTED_EDGE('',*,*,#5738,.T.);
#10508 = ORIENTED_EDGE('',*,*,#10509,.F.);
#10509 = EDGE_CURVE('',#1060,#5739,#10510,.T.);
#10510 = SURFACE_CURVE('',#10511,(#10515,#10522),.PCURVE_S1.);
#10511 = LINE('',#10512,#10513);
#10512 = CARTESIAN_POINT('',(11.984745918441,-33.60054936553,5.5));
#10513 = VECTOR('',#10514,1.);
#10514 = DIRECTION('',(0.,0.,1.));
#10515 = PCURVE('',#1075,#10516);
#10516 = DEFINITIONAL_REPRESENTATION('',(#10517),#10521);
#10517 = LINE('',#10518,#10519);
#10518 = CARTESIAN_POINT('',(8.111049530409,0.));
#10519 = VECTOR('',#10520,1.);
#10520 = DIRECTION('',(0.,-1.));
#10521 = ( GEOMETRIC_REPRESENTATION_CONTEXT(2) 
PARAMETRIC_REPRESENTATION_CONTEXT() REPRESENTATION_CONTEXT('2D SPACE',''
  ) );
#10522 = PCURVE('',#1108,#10523);
#10523 = DEFINITIONAL_REPRESENTATION('',(#10524),#10528);
#10524 = LINE('',#10525,#10526);
#10525 = CARTESIAN_POINT('',(-5.849985138748,0.));
#10526 = VECTOR('',#10527,1.);
#10527 = DIRECTION('',(-0.,-1.));
#10528 = ( GEOMETRIC_REPRESENTATION_CONTEXT(2) 
PARAMETRIC_REPRESENTATION_CONTEXT() REPRESENTATION_CONTEXT('2D SPACE',''
  ) );
#10529 = ORIENTED_EDGE('',*,*,#1059,.F.);
#10530 = ADVANCED_FACE('',(#10531),#1694,.F.);
#10531 = FACE_BOUND('',#10532,.T.);
#10532 = EDGE_LOOP('',(#10533,#10554,#10555,#10556));
#10533 = ORIENTED_EDGE('',*,*,#10534,.T.);
#10534 = EDGE_CURVE('',#1646,#6225,#10535,.T.);
#10535 = SURFACE_CURVE('',#10536,(#10540,#10547),.PCURVE_S1.);
#10536 = LINE('',#10537,#10538);
#10537 = CARTESIAN_POINT('',(-15.38958206428,-26.23874148263,5.5));
#10538 = VECTOR('',#10539,1.);
#10539 = DIRECTION('',(0.,0.,1.));
#10540 = PCURVE('',#1694,#10541);
#10541 = DEFINITIONAL_REPRESENTATION('',(#10542),#10546);
#10542 = LINE('',#10543,#10544);
#10543 = CARTESIAN_POINT('',(-3.574792822021,0.));
#10544 = VECTOR('',#10545,1.);
#10545 = DIRECTION('',(-0.,-1.));
#10546 = ( GEOMETRIC_REPRESENTATION_CONTEXT(2) 
PARAMETRIC_REPRESENTATION_CONTEXT() REPRESENTATION_CONTEXT('2D SPACE',''
  ) );
#10547 = PCURVE('',#1661,#10548);
#10548 = DEFINITIONAL_REPRESENTATION('',(#10549),#10553);
#10549 = LINE('',#10550,#10551);
#10550 = CARTESIAN_POINT('',(8.111049530409,0.));
#10551 = VECTOR('',#10552,1.);
#10552 = DIRECTION('',(0.,-1.));
#10553 = ( GEOMETRIC_REPRESENTATION_CONTEXT(2) 
PARAMETRIC_REPRESENTATION_CONTEXT() REPRESENTATION_CONTEXT('2D SPACE',''
  ) );
#10554 = ORIENTED_EDGE('',*,*,#6247,.T.);
#10555 = ORIENTED_EDGE('',*,*,#10480,.F.);
#10556 = ORIENTED_EDGE('',*,*,#1673,.F.);
#10557 = ADVANCED_FACE('',(#10558),#1108,.F.);
#10558 = FACE_BOUND('',#10559,.T.);
#10559 = EDGE_LOOP('',(#10560,#10561,#10562,#10583));
#10560 = ORIENTED_EDGE('',*,*,#10509,.T.);
#10561 = ORIENTED_EDGE('',*,*,#5761,.T.);
#10562 = ORIENTED_EDGE('',*,*,#10563,.F.);
#10563 = EDGE_CURVE('',#1088,#5762,#10564,.T.);
#10564 = SURFACE_CURVE('',#10565,(#10569,#10576),.PCURVE_S1.);
#10565 = LINE('',#10566,#10567);
#10566 = CARTESIAN_POINT('',(11.8,-34.44010437825,5.5));
#10567 = VECTOR('',#10568,1.);
#10568 = DIRECTION('',(0.,0.,1.));
#10569 = PCURVE('',#1108,#10570);
#10570 = DEFINITIONAL_REPRESENTATION('',(#10571),#10575);
#10571 = LINE('',#10572,#10573);
#10572 = CARTESIAN_POINT('',(-6.28318530718,0.));
#10573 = VECTOR('',#10574,1.);
#10574 = DIRECTION('',(-0.,-1.));
#10575 = ( GEOMETRIC_REPRESENTATION_CONTEXT(2) 
PARAMETRIC_REPRESENTATION_CONTEXT() REPRESENTATION_CONTEXT('2D SPACE',''
  ) );
#10576 = PCURVE('',#1136,#10577);
#10577 = DEFINITIONAL_REPRESENTATION('',(#10578),#10582);
#10578 = LINE('',#10579,#10580);
#10579 = CARTESIAN_POINT('',(0.,0.));
#10580 = VECTOR('',#10581,1.);
#10581 = DIRECTION('',(0.,-1.));
#10582 = ( GEOMETRIC_REPRESENTATION_CONTEXT(2) 
PARAMETRIC_REPRESENTATION_CONTEXT() REPRESENTATION_CONTEXT('2D SPACE',''
  ) );
#10583 = ORIENTED_EDGE('',*,*,#1087,.F.);
#10584 = ADVANCED_FACE('',(#10585),#1661,.T.);
#10585 = FACE_BOUND('',#10586,.T.);
#10586 = EDGE_LOOP('',(#10587,#10608,#10609,#10610));
#10587 = ORIENTED_EDGE('',*,*,#10588,.T.);
#10588 = EDGE_CURVE('',#1613,#6197,#10589,.T.);
#10589 = SURFACE_CURVE('',#10590,(#10594,#10601),.PCURVE_S1.);
#10590 = LINE('',#10591,#10592);
#10591 = CARTESIAN_POINT('',(-11.98474591844,-33.60054936553,5.5));
#10592 = VECTOR('',#10593,1.);
#10593 = DIRECTION('',(0.,0.,1.));
#10594 = PCURVE('',#1661,#10595);
#10595 = DEFINITIONAL_REPRESENTATION('',(#10596),#10600);
#10596 = LINE('',#10597,#10598);
#10597 = CARTESIAN_POINT('',(0.,0.));
#10598 = VECTOR('',#10599,1.);
#10599 = DIRECTION('',(0.,-1.));
#10600 = ( GEOMETRIC_REPRESENTATION_CONTEXT(2) 
PARAMETRIC_REPRESENTATION_CONTEXT() REPRESENTATION_CONTEXT('2D SPACE',''
  ) );
#10601 = PCURVE('',#1633,#10602);
#10602 = DEFINITIONAL_REPRESENTATION('',(#10603),#10607);
#10603 = LINE('',#10604,#10605);
#10604 = CARTESIAN_POINT('',(-3.574792822021,0.));
#10605 = VECTOR('',#10606,1.);
#10606 = DIRECTION('',(-0.,-1.));
#10607 = ( GEOMETRIC_REPRESENTATION_CONTEXT(2) 
PARAMETRIC_REPRESENTATION_CONTEXT() REPRESENTATION_CONTEXT('2D SPACE',''
  ) );
#10608 = ORIENTED_EDGE('',*,*,#6224,.T.);
#10609 = ORIENTED_EDGE('',*,*,#10534,.F.);
#10610 = ORIENTED_EDGE('',*,*,#1645,.F.);
#10611 = ADVANCED_FACE('',(#10612),#1136,.T.);
#10612 = FACE_BOUND('',#10613,.T.);
#10613 = EDGE_LOOP('',(#10614,#10615,#10616,#10637));
#10614 = ORIENTED_EDGE('',*,*,#10563,.T.);
#10615 = ORIENTED_EDGE('',*,*,#5789,.T.);
#10616 = ORIENTED_EDGE('',*,*,#10617,.F.);
#10617 = EDGE_CURVE('',#1121,#5790,#10618,.T.);
#10618 = SURFACE_CURVE('',#10619,(#10623,#10630),.PCURVE_S1.);
#10619 = LINE('',#10620,#10621);
#10620 = CARTESIAN_POINT('',(11.8,-45.8344749394,5.5));
#10621 = VECTOR('',#10622,1.);
#10622 = DIRECTION('',(0.,0.,1.));
#10623 = PCURVE('',#1136,#10624);
#10624 = DEFINITIONAL_REPRESENTATION('',(#10625),#10629);
#10625 = LINE('',#10626,#10627);
#10626 = CARTESIAN_POINT('',(11.394370561151,0.));
#10627 = VECTOR('',#10628,1.);
#10628 = DIRECTION('',(0.,-1.));
#10629 = ( GEOMETRIC_REPRESENTATION_CONTEXT(2) 
PARAMETRIC_REPRESENTATION_CONTEXT() REPRESENTATION_CONTEXT('2D SPACE',''
  ) );
#10630 = PCURVE('',#1169,#10631);
#10631 = DEFINITIONAL_REPRESENTATION('',(#10632),#10636);
#10632 = LINE('',#10633,#10634);
#10633 = CARTESIAN_POINT('',(-0.,0.));
#10634 = VECTOR('',#10635,1.);
#10635 = DIRECTION('',(-0.,-1.));
#10636 = ( GEOMETRIC_REPRESENTATION_CONTEXT(2) 
PARAMETRIC_REPRESENTATION_CONTEXT() REPRESENTATION_CONTEXT('2D SPACE',''
  ) );
#10637 = ORIENTED_EDGE('',*,*,#1120,.F.);
#10638 = ADVANCED_FACE('',(#10639),#1633,.F.);
#10639 = FACE_BOUND('',#10640,.T.);
#10640 = EDGE_LOOP('',(#10641,#10662,#10663,#10664));
#10641 = ORIENTED_EDGE('',*,*,#10642,.T.);
#10642 = EDGE_CURVE('',#1585,#6174,#10643,.T.);
#10643 = SURFACE_CURVE('',#10644,(#10648,#10655),.PCURVE_S1.);
#10644 = LINE('',#10645,#10646);
#10645 = CARTESIAN_POINT('',(-11.8,-34.44010437825,5.5));
#10646 = VECTOR('',#10647,1.);
#10647 = DIRECTION('',(0.,0.,1.));
#10648 = PCURVE('',#1633,#10649);
#10649 = DEFINITIONAL_REPRESENTATION('',(#10650),#10654);
#10650 = LINE('',#10651,#10652);
#10651 = CARTESIAN_POINT('',(-3.14159265359,0.));
#10652 = VECTOR('',#10653,1.);
#10653 = DIRECTION('',(-0.,-1.));
#10654 = ( GEOMETRIC_REPRESENTATION_CONTEXT(2) 
PARAMETRIC_REPRESENTATION_CONTEXT() REPRESENTATION_CONTEXT('2D SPACE',''
  ) );
#10655 = PCURVE('',#1600,#10656);
#10656 = DEFINITIONAL_REPRESENTATION('',(#10657),#10661);
#10657 = LINE('',#10658,#10659);
#10658 = CARTESIAN_POINT('',(11.394370561151,0.));
#10659 = VECTOR('',#10660,1.);
#10660 = DIRECTION('',(0.,-1.));
#10661 = ( GEOMETRIC_REPRESENTATION_CONTEXT(2) 
PARAMETRIC_REPRESENTATION_CONTEXT() REPRESENTATION_CONTEXT('2D SPACE',''
  ) );
#10662 = ORIENTED_EDGE('',*,*,#6196,.T.);
#10663 = ORIENTED_EDGE('',*,*,#10588,.F.);
#10664 = ORIENTED_EDGE('',*,*,#1612,.F.);
#10665 = ADVANCED_FACE('',(#10666),#1169,.F.);
#10666 = FACE_BOUND('',#10667,.T.);
#10667 = EDGE_LOOP('',(#10668,#10669,#10670,#10691));
#10668 = ORIENTED_EDGE('',*,*,#10617,.T.);
#10669 = ORIENTED_EDGE('',*,*,#5812,.T.);
#10670 = ORIENTED_EDGE('',*,*,#10671,.F.);
#10671 = EDGE_CURVE('',#1149,#5813,#10672,.T.);
#10672 = SURFACE_CURVE('',#10673,(#10677,#10684),.PCURVE_S1.);
#10673 = LINE('',#10674,#10675);
#10674 = CARTESIAN_POINT('',(11.827212152336,-46.16327291401,5.5));
#10675 = VECTOR('',#10676,1.);
#10676 = DIRECTION('',(0.,0.,1.));
#10677 = PCURVE('',#1169,#10678);
#10678 = DEFINITIONAL_REPRESENTATION('',(#10679),#10683);
#10679 = LINE('',#10680,#10681);
#10680 = CARTESIAN_POINT('',(-0.165148677415,0.));
#10681 = VECTOR('',#10682,1.);
#10682 = DIRECTION('',(-0.,-1.));
#10683 = ( GEOMETRIC_REPRESENTATION_CONTEXT(2) 
PARAMETRIC_REPRESENTATION_CONTEXT() REPRESENTATION_CONTEXT('2D SPACE',''
  ) );
#10684 = PCURVE('',#1197,#10685);
#10685 = DEFINITIONAL_REPRESENTATION('',(#10686),#10690);
#10686 = LINE('',#10687,#10688);
#10687 = CARTESIAN_POINT('',(0.,0.));
#10688 = VECTOR('',#10689,1.);
#10689 = DIRECTION('',(0.,-1.));
#10690 = ( GEOMETRIC_REPRESENTATION_CONTEXT(2) 
PARAMETRIC_REPRESENTATION_CONTEXT() REPRESENTATION_CONTEXT('2D SPACE',''
  ) );
#10691 = ORIENTED_EDGE('',*,*,#1148,.F.);
#10692 = ADVANCED_FACE('',(#10693),#1600,.T.);
#10693 = FACE_BOUND('',#10694,.T.);
#10694 = EDGE_LOOP('',(#10695,#10716,#10717,#10718));
#10695 = ORIENTED_EDGE('',*,*,#10696,.T.);
#10696 = EDGE_CURVE('',#1552,#6146,#10697,.T.);
#10697 = SURFACE_CURVE('',#10698,(#10702,#10709),.PCURVE_S1.);
#10698 = LINE('',#10699,#10700);
#10699 = CARTESIAN_POINT('',(-11.8,-45.8344749394,5.5));
#10700 = VECTOR('',#10701,1.);
#10701 = DIRECTION('',(0.,0.,1.));
#10702 = PCURVE('',#1600,#10703);
#10703 = DEFINITIONAL_REPRESENTATION('',(#10704),#10708);
#10704 = LINE('',#10705,#10706);
#10705 = CARTESIAN_POINT('',(0.,0.));
#10706 = VECTOR('',#10707,1.);
#10707 = DIRECTION('',(0.,-1.));
#10708 = ( GEOMETRIC_REPRESENTATION_CONTEXT(2) 
PARAMETRIC_REPRESENTATION_CONTEXT() REPRESENTATION_CONTEXT('2D SPACE',''
  ) );
#10709 = PCURVE('',#1572,#10710);
#10710 = DEFINITIONAL_REPRESENTATION('',(#10711),#10715);
#10711 = LINE('',#10712,#10713);
#10712 = CARTESIAN_POINT('',(-3.14159265359,0.));
#10713 = VECTOR('',#10714,1.);
#10714 = DIRECTION('',(-0.,-1.));
#10715 = ( GEOMETRIC_REPRESENTATION_CONTEXT(2) 
PARAMETRIC_REPRESENTATION_CONTEXT() REPRESENTATION_CONTEXT('2D SPACE',''
  ) );
#10716 = ORIENTED_EDGE('',*,*,#6173,.T.);
#10717 = ORIENTED_EDGE('',*,*,#10642,.F.);
#10718 = ORIENTED_EDGE('',*,*,#1584,.F.);
#10719 = ADVANCED_FACE('',(#10720),#1197,.T.);
#10720 = FACE_BOUND('',#10721,.T.);
#10721 = EDGE_LOOP('',(#10722,#10723,#10724,#10745));
#10722 = ORIENTED_EDGE('',*,*,#10671,.T.);
#10723 = ORIENTED_EDGE('',*,*,#5840,.T.);
#10724 = ORIENTED_EDGE('',*,*,#10725,.F.);
#10725 = EDGE_CURVE('',#1182,#5841,#10726,.T.);
#10726 = SURFACE_CURVE('',#10727,(#10731,#10738),.PCURVE_S1.);
#10727 = LINE('',#10728,#10729);
#10728 = CARTESIAN_POINT('',(13.67441215482,-57.24647292891,5.5));
#10729 = VECTOR('',#10730,1.);
#10730 = DIRECTION('',(0.,0.,1.));
#10731 = PCURVE('',#1197,#10732);
#10732 = DEFINITIONAL_REPRESENTATION('',(#10733),#10737);
#10733 = LINE('',#10734,#10735);
#10734 = CARTESIAN_POINT('',(11.236078961078,0.));
#10735 = VECTOR('',#10736,1.);
#10736 = DIRECTION('',(0.,-1.));
#10737 = ( GEOMETRIC_REPRESENTATION_CONTEXT(2) 
PARAMETRIC_REPRESENTATION_CONTEXT() REPRESENTATION_CONTEXT('2D SPACE',''
  ) );
#10738 = PCURVE('',#1226,#10739);
#10739 = DEFINITIONAL_REPRESENTATION('',(#10740),#10744);
#10740 = LINE('',#10741,#10742);
#10741 = CARTESIAN_POINT('',(6.118036629765,0.));
#10742 = VECTOR('',#10743,1.);
#10743 = DIRECTION('',(0.,-1.));
#10744 = ( GEOMETRIC_REPRESENTATION_CONTEXT(2) 
PARAMETRIC_REPRESENTATION_CONTEXT() REPRESENTATION_CONTEXT('2D SPACE',''
  ) );
#10745 = ORIENTED_EDGE('',*,*,#1181,.F.);
#10746 = ADVANCED_FACE('',(#10747),#1572,.F.);
#10747 = FACE_BOUND('',#10748,.T.);
#10748 = EDGE_LOOP('',(#10749,#10770,#10771,#10772));
#10749 = ORIENTED_EDGE('',*,*,#10750,.T.);
#10750 = EDGE_CURVE('',#1524,#6123,#10751,.T.);
#10751 = SURFACE_CURVE('',#10752,(#10756,#10763),.PCURVE_S1.);
#10752 = LINE('',#10753,#10754);
#10753 = CARTESIAN_POINT('',(-11.82721215233,-46.16327291401,5.5));
#10754 = VECTOR('',#10755,1.);
#10755 = DIRECTION('',(0.,0.,1.));
#10756 = PCURVE('',#1572,#10757);
#10757 = DEFINITIONAL_REPRESENTATION('',(#10758),#10762);
#10758 = LINE('',#10759,#10760);
#10759 = CARTESIAN_POINT('',(-2.976443976175,0.));
#10760 = VECTOR('',#10761,1.);
#10761 = DIRECTION('',(-0.,-1.));
#10762 = ( GEOMETRIC_REPRESENTATION_CONTEXT(2) 
PARAMETRIC_REPRESENTATION_CONTEXT() REPRESENTATION_CONTEXT('2D SPACE',''
  ) );
#10763 = PCURVE('',#1539,#10764);
#10764 = DEFINITIONAL_REPRESENTATION('',(#10765),#10769);
#10765 = LINE('',#10766,#10767);
#10766 = CARTESIAN_POINT('',(11.236078961078,0.));
#10767 = VECTOR('',#10768,1.);
#10768 = DIRECTION('',(0.,-1.));
#10769 = ( GEOMETRIC_REPRESENTATION_CONTEXT(2) 
PARAMETRIC_REPRESENTATION_CONTEXT() REPRESENTATION_CONTEXT('2D SPACE',''
  ) );
#10770 = ORIENTED_EDGE('',*,*,#6145,.T.);
#10771 = ORIENTED_EDGE('',*,*,#10696,.F.);
#10772 = ORIENTED_EDGE('',*,*,#1551,.F.);
#10773 = ADVANCED_FACE('',(#10774),#1226,.T.);
#10774 = FACE_BOUND('',#10775,.T.);
#10775 = EDGE_LOOP('',(#10776,#10777,#10778,#10799));
#10776 = ORIENTED_EDGE('',*,*,#10725,.T.);
#10777 = ORIENTED_EDGE('',*,*,#5863,.T.);
#10778 = ORIENTED_EDGE('',*,*,#10779,.F.);
#10779 = EDGE_CURVE('',#1210,#5864,#10780,.T.);
#10780 = SURFACE_CURVE('',#10781,(#10785,#10792),.PCURVE_S1.);
#10781 = LINE('',#10782,#10783);
#10782 = CARTESIAN_POINT('',(13.391262458264,-58.64537506589,5.5));
#10783 = VECTOR('',#10784,1.);
#10784 = DIRECTION('',(0.,0.,1.));
#10785 = PCURVE('',#1226,#10786);
#10786 = DEFINITIONAL_REPRESENTATION('',(#10787),#10791);
#10787 = LINE('',#10788,#10789);
#10788 = CARTESIAN_POINT('',(6.847754700848,0.));
#10789 = VECTOR('',#10790,1.);
#10790 = DIRECTION('',(0.,-1.));
#10791 = ( GEOMETRIC_REPRESENTATION_CONTEXT(2) 
PARAMETRIC_REPRESENTATION_CONTEXT() REPRESENTATION_CONTEXT('2D SPACE',''
  ) );
#10792 = PCURVE('',#1254,#10793);
#10793 = DEFINITIONAL_REPRESENTATION('',(#10794),#10798);
#10794 = LINE('',#10795,#10796);
#10795 = CARTESIAN_POINT('',(0.,0.));
#10796 = VECTOR('',#10797,1.);
#10797 = DIRECTION('',(0.,-1.));
#10798 = ( GEOMETRIC_REPRESENTATION_CONTEXT(2) 
PARAMETRIC_REPRESENTATION_CONTEXT() REPRESENTATION_CONTEXT('2D SPACE',''
  ) );
#10799 = ORIENTED_EDGE('',*,*,#1209,.F.);
#10800 = ADVANCED_FACE('',(#10801),#1539,.T.);
#10801 = FACE_BOUND('',#10802,.T.);
#10802 = EDGE_LOOP('',(#10803,#10824,#10825,#10826));
#10803 = ORIENTED_EDGE('',*,*,#10804,.T.);
#10804 = EDGE_CURVE('',#1495,#6099,#10805,.T.);
#10805 = SURFACE_CURVE('',#10806,(#10810,#10817),.PCURVE_S1.);
#10806 = LINE('',#10807,#10808);
#10807 = CARTESIAN_POINT('',(-13.67441215482,-57.24647292891,5.5));
#10808 = VECTOR('',#10809,1.);
#10809 = DIRECTION('',(0.,0.,1.));
#10810 = PCURVE('',#1539,#10811);
#10811 = DEFINITIONAL_REPRESENTATION('',(#10812),#10816);
#10812 = LINE('',#10813,#10814);
#10813 = CARTESIAN_POINT('',(0.,0.));
#10814 = VECTOR('',#10815,1.);
#10815 = DIRECTION('',(0.,-1.));
#10816 = ( GEOMETRIC_REPRESENTATION_CONTEXT(2) 
PARAMETRIC_REPRESENTATION_CONTEXT() REPRESENTATION_CONTEXT('2D SPACE',''
  ) );
#10817 = PCURVE('',#1511,#10818);
#10818 = DEFINITIONAL_REPRESENTATION('',(#10819),#10823);
#10819 = LINE('',#10820,#10821);
#10820 = CARTESIAN_POINT('',(3.306741331004,0.));
#10821 = VECTOR('',#10822,1.);
#10822 = DIRECTION('',(0.,-1.));
#10823 = ( GEOMETRIC_REPRESENTATION_CONTEXT(2) 
PARAMETRIC_REPRESENTATION_CONTEXT() REPRESENTATION_CONTEXT('2D SPACE',''
  ) );
#10824 = ORIENTED_EDGE('',*,*,#6122,.T.);
#10825 = ORIENTED_EDGE('',*,*,#10750,.F.);
#10826 = ORIENTED_EDGE('',*,*,#1523,.F.);
#10827 = ADVANCED_FACE('',(#10828),#1254,.T.);
#10828 = FACE_BOUND('',#10829,.T.);
#10829 = EDGE_LOOP('',(#10830,#10831,#10832,#10853));
#10830 = ORIENTED_EDGE('',*,*,#10779,.T.);
#10831 = ORIENTED_EDGE('',*,*,#5887,.T.);
#10832 = ORIENTED_EDGE('',*,*,#10833,.F.);
#10833 = EDGE_CURVE('',#1239,#5888,#10834,.T.);
#10834 = SURFACE_CURVE('',#10835,(#10839,#10846),.PCURVE_S1.);
#10835 = LINE('',#10836,#10837);
#10836 = CARTESIAN_POINT('',(10.196233476933,-63.690157668,5.5));
#10837 = VECTOR('',#10838,1.);
#10838 = DIRECTION('',(0.,0.,1.));
#10839 = PCURVE('',#1254,#10840);
#10840 = DEFINITIONAL_REPRESENTATION('',(#10841),#10845);
#10841 = LINE('',#10842,#10843);
#10842 = CARTESIAN_POINT('',(5.971435480185,0.));
#10843 = VECTOR('',#10844,1.);
#10844 = DIRECTION('',(0.,-1.));
#10845 = ( GEOMETRIC_REPRESENTATION_CONTEXT(2) 
PARAMETRIC_REPRESENTATION_CONTEXT() REPRESENTATION_CONTEXT('2D SPACE',''
  ) );
#10846 = PCURVE('',#1283,#10847);
#10847 = DEFINITIONAL_REPRESENTATION('',(#10848),#10852);
#10848 = LINE('',#10849,#10850);
#10849 = CARTESIAN_POINT('',(0.564569393668,0.));
#10850 = VECTOR('',#10851,1.);
#10851 = DIRECTION('',(0.,-1.));
#10852 = ( GEOMETRIC_REPRESENTATION_CONTEXT(2) 
PARAMETRIC_REPRESENTATION_CONTEXT() REPRESENTATION_CONTEXT('2D SPACE',''
  ) );
#10853 = ORIENTED_EDGE('',*,*,#1238,.F.);
#10854 = ADVANCED_FACE('',(#10855),#1511,.T.);
#10855 = FACE_BOUND('',#10856,.T.);
#10856 = EDGE_LOOP('',(#10857,#10878,#10879,#10880));
#10857 = ORIENTED_EDGE('',*,*,#10858,.T.);
#10858 = EDGE_CURVE('',#1467,#6076,#10859,.T.);
#10859 = SURFACE_CURVE('',#10860,(#10864,#10871),.PCURVE_S1.);
#10860 = LINE('',#10861,#10862);
#10861 = CARTESIAN_POINT('',(-13.39126245826,-58.64537506589,5.5));
#10862 = VECTOR('',#10863,1.);
#10863 = DIRECTION('',(0.,0.,1.));
#10864 = PCURVE('',#1511,#10865);
#10865 = DEFINITIONAL_REPRESENTATION('',(#10866),#10870);
#10866 = LINE('',#10867,#10868);
#10867 = CARTESIAN_POINT('',(2.577023259922,0.));
#10868 = VECTOR('',#10869,1.);
#10869 = DIRECTION('',(0.,-1.));
#10870 = ( GEOMETRIC_REPRESENTATION_CONTEXT(2) 
PARAMETRIC_REPRESENTATION_CONTEXT() REPRESENTATION_CONTEXT('2D SPACE',''
  ) );
#10871 = PCURVE('',#1482,#10872);
#10872 = DEFINITIONAL_REPRESENTATION('',(#10873),#10877);
#10873 = LINE('',#10874,#10875);
#10874 = CARTESIAN_POINT('',(5.971435480185,0.));
#10875 = VECTOR('',#10876,1.);
#10876 = DIRECTION('',(0.,-1.));
#10877 = ( GEOMETRIC_REPRESENTATION_CONTEXT(2) 
PARAMETRIC_REPRESENTATION_CONTEXT() REPRESENTATION_CONTEXT('2D SPACE',''
  ) );
#10878 = ORIENTED_EDGE('',*,*,#6098,.T.);
#10879 = ORIENTED_EDGE('',*,*,#10804,.F.);
#10880 = ORIENTED_EDGE('',*,*,#1494,.F.);
#10881 = ADVANCED_FACE('',(#10882),#1283,.T.);
#10882 = FACE_BOUND('',#10883,.T.);
#10883 = EDGE_LOOP('',(#10884,#10885,#10886,#10907));
#10884 = ORIENTED_EDGE('',*,*,#10833,.T.);
#10885 = ORIENTED_EDGE('',*,*,#5910,.T.);
#10886 = ORIENTED_EDGE('',*,*,#10887,.F.);
#10887 = EDGE_CURVE('',#1267,#5911,#10888,.T.);
#10888 = SURFACE_CURVE('',#10889,(#10893,#10900),.PCURVE_S1.);
#10889 = LINE('',#10890,#10891);
#10890 = CARTESIAN_POINT('',(9.706595325825,-64.22005350563,5.5));
#10891 = VECTOR('',#10892,1.);
#10892 = DIRECTION('',(0.,0.,1.));
#10893 = PCURVE('',#1283,#10894);
#10894 = DEFINITIONAL_REPRESENTATION('',(#10895),#10899);
#10895 = LINE('',#10896,#10897);
#10896 = CARTESIAN_POINT('',(0.927295218002,0.));
#10897 = VECTOR('',#10898,1.);
#10898 = DIRECTION('',(0.,-1.));
#10899 = ( GEOMETRIC_REPRESENTATION_CONTEXT(2) 
PARAMETRIC_REPRESENTATION_CONTEXT() REPRESENTATION_CONTEXT('2D SPACE',''
  ) );
#10900 = PCURVE('',#1311,#10901);
#10901 = DEFINITIONAL_REPRESENTATION('',(#10902),#10906);
#10902 = LINE('',#10903,#10904);
#10903 = CARTESIAN_POINT('',(0.,0.));
#10904 = VECTOR('',#10905,1.);
#10905 = DIRECTION('',(0.,-1.));
#10906 = ( GEOMETRIC_REPRESENTATION_CONTEXT(2) 
PARAMETRIC_REPRESENTATION_CONTEXT() REPRESENTATION_CONTEXT('2D SPACE',''
  ) );
#10907 = ORIENTED_EDGE('',*,*,#1266,.F.);
#10908 = ADVANCED_FACE('',(#10909),#1482,.T.);
#10909 = FACE_BOUND('',#10910,.T.);
#10910 = EDGE_LOOP('',(#10911,#10932,#10933,#10934));
#10911 = ORIENTED_EDGE('',*,*,#10912,.T.);
#10912 = EDGE_CURVE('',#1438,#6052,#10913,.T.);
#10913 = SURFACE_CURVE('',#10914,(#10918,#10925),.PCURVE_S1.);
#10914 = LINE('',#10915,#10916);
#10915 = CARTESIAN_POINT('',(-10.19623347693,-63.690157668,5.5));
#10916 = VECTOR('',#10917,1.);
#10917 = DIRECTION('',(0.,0.,1.));
#10918 = PCURVE('',#1482,#10919);
#10919 = DEFINITIONAL_REPRESENTATION('',(#10920),#10924);
#10920 = LINE('',#10921,#10922);
#10921 = CARTESIAN_POINT('',(0.,0.));
#10922 = VECTOR('',#10923,1.);
#10923 = DIRECTION('',(0.,-1.));
#10924 = ( GEOMETRIC_REPRESENTATION_CONTEXT(2) 
PARAMETRIC_REPRESENTATION_CONTEXT() REPRESENTATION_CONTEXT('2D SPACE',''
  ) );
#10925 = PCURVE('',#1454,#10926);
#10926 = DEFINITIONAL_REPRESENTATION('',(#10927),#10931);
#10927 = LINE('',#10928,#10929);
#10928 = CARTESIAN_POINT('',(2.577023259922,0.));
#10929 = VECTOR('',#10930,1.);
#10930 = DIRECTION('',(0.,-1.));
#10931 = ( GEOMETRIC_REPRESENTATION_CONTEXT(2) 
PARAMETRIC_REPRESENTATION_CONTEXT() REPRESENTATION_CONTEXT('2D SPACE',''
  ) );
#10932 = ORIENTED_EDGE('',*,*,#6075,.T.);
#10933 = ORIENTED_EDGE('',*,*,#10858,.F.);
#10934 = ORIENTED_EDGE('',*,*,#1466,.F.);
#10935 = ADVANCED_FACE('',(#10936),#1311,.T.);
#10936 = FACE_BOUND('',#10937,.T.);
#10937 = EDGE_LOOP('',(#10938,#10939,#10940,#10961));
#10938 = ORIENTED_EDGE('',*,*,#10887,.T.);
#10939 = ORIENTED_EDGE('',*,*,#5934,.T.);
#10940 = ORIENTED_EDGE('',*,*,#10941,.F.);
#10941 = EDGE_CURVE('',#1296,#5935,#10942,.T.);
#10942 = SURFACE_CURVE('',#10943,(#10947,#10954),.PCURVE_S1.);
#10943 = LINE('',#10944,#10945);
#10944 = CARTESIAN_POINT('',(6.533333333333,-66.6,5.5));
#10945 = VECTOR('',#10946,1.);
#10946 = DIRECTION('',(0.,0.,1.));
#10947 = PCURVE('',#1311,#10948);
#10948 = DEFINITIONAL_REPRESENTATION('',(#10949),#10953);
#10949 = LINE('',#10950,#10951);
#10950 = CARTESIAN_POINT('',(3.966577490614,0.));
#10951 = VECTOR('',#10952,1.);
#10952 = DIRECTION('',(0.,-1.));
#10953 = ( GEOMETRIC_REPRESENTATION_CONTEXT(2) 
PARAMETRIC_REPRESENTATION_CONTEXT() REPRESENTATION_CONTEXT('2D SPACE',''
  ) );
#10954 = PCURVE('',#1340,#10955);
#10955 = DEFINITIONAL_REPRESENTATION('',(#10956),#10960);
#10956 = LINE('',#10957,#10958);
#10957 = CARTESIAN_POINT('',(0.927295218002,0.));
#10958 = VECTOR('',#10959,1.);
#10959 = DIRECTION('',(0.,-1.));
#10960 = ( GEOMETRIC_REPRESENTATION_CONTEXT(2) 
PARAMETRIC_REPRESENTATION_CONTEXT() REPRESENTATION_CONTEXT('2D SPACE',''
  ) );
#10961 = ORIENTED_EDGE('',*,*,#1295,.F.);
#10962 = ADVANCED_FACE('',(#10963),#1454,.T.);
#10963 = FACE_BOUND('',#10964,.T.);
#10964 = EDGE_LOOP('',(#10965,#10986,#10987,#10988));
#10965 = ORIENTED_EDGE('',*,*,#10966,.T.);
#10966 = EDGE_CURVE('',#1410,#6029,#10967,.T.);
#10967 = SURFACE_CURVE('',#10968,(#10972,#10979),.PCURVE_S1.);
#10968 = LINE('',#10969,#10970);
#10969 = CARTESIAN_POINT('',(-9.706595325825,-64.22005350563,5.5));
#10970 = VECTOR('',#10971,1.);
#10971 = DIRECTION('',(0.,0.,1.));
#10972 = PCURVE('',#1454,#10973);
#10973 = DEFINITIONAL_REPRESENTATION('',(#10974),#10978);
#10974 = LINE('',#10975,#10976);
#10975 = CARTESIAN_POINT('',(2.214297435588,0.));
#10976 = VECTOR('',#10977,1.);
#10977 = DIRECTION('',(0.,-1.));
#10978 = ( GEOMETRIC_REPRESENTATION_CONTEXT(2) 
PARAMETRIC_REPRESENTATION_CONTEXT() REPRESENTATION_CONTEXT('2D SPACE',''
  ) );
#10979 = PCURVE('',#1425,#10980);
#10980 = DEFINITIONAL_REPRESENTATION('',(#10981),#10985);
#10981 = LINE('',#10982,#10983);
#10982 = CARTESIAN_POINT('',(3.966577490614,0.));
#10983 = VECTOR('',#10984,1.);
#10984 = DIRECTION('',(0.,-1.));
#10985 = ( GEOMETRIC_REPRESENTATION_CONTEXT(2) 
PARAMETRIC_REPRESENTATION_CONTEXT() REPRESENTATION_CONTEXT('2D SPACE',''
  ) );
#10986 = ORIENTED_EDGE('',*,*,#6051,.T.);
#10987 = ORIENTED_EDGE('',*,*,#10912,.F.);
#10988 = ORIENTED_EDGE('',*,*,#1437,.F.);
#10989 = ADVANCED_FACE('',(#10990),#1340,.T.);
#10990 = FACE_BOUND('',#10991,.T.);
#10991 = EDGE_LOOP('',(#10992,#10993,#10994,#11015));
#10992 = ORIENTED_EDGE('',*,*,#10941,.T.);
#10993 = ORIENTED_EDGE('',*,*,#5957,.T.);
#10994 = ORIENTED_EDGE('',*,*,#10995,.F.);
#10995 = EDGE_CURVE('',#1324,#5958,#10996,.T.);
#10996 = SURFACE_CURVE('',#10997,(#11001,#11008),.PCURVE_S1.);
#10997 = LINE('',#10998,#10999);
#10998 = CARTESIAN_POINT('',(5.333333333333,-67.,5.5));
#10999 = VECTOR('',#11000,1.);
#11000 = DIRECTION('',(0.,0.,1.));
#11001 = PCURVE('',#1340,#11002);
#11002 = DEFINITIONAL_REPRESENTATION('',(#11003),#11007);
#11003 = LINE('',#11004,#11005);
#11004 = CARTESIAN_POINT('',(1.570796326795,0.));
#11005 = VECTOR('',#11006,1.);
#11006 = DIRECTION('',(0.,-1.));
#11007 = ( GEOMETRIC_REPRESENTATION_CONTEXT(2) 
PARAMETRIC_REPRESENTATION_CONTEXT() REPRESENTATION_CONTEXT('2D SPACE',''
  ) );
#11008 = PCURVE('',#1368,#11009);
#11009 = DEFINITIONAL_REPRESENTATION('',(#11010),#11014);
#11010 = LINE('',#11011,#11012);
#11011 = CARTESIAN_POINT('',(0.,-0.));
#11012 = VECTOR('',#11013,1.);
#11013 = DIRECTION('',(0.,-1.));
#11014 = ( GEOMETRIC_REPRESENTATION_CONTEXT(2) 
PARAMETRIC_REPRESENTATION_CONTEXT() REPRESENTATION_CONTEXT('2D SPACE',''
  ) );
#11015 = ORIENTED_EDGE('',*,*,#1323,.F.);
#11016 = ADVANCED_FACE('',(#11017),#1425,.T.);
#11017 = FACE_BOUND('',#11018,.T.);
#11018 = EDGE_LOOP('',(#11019,#11040,#11041,#11042));
#11019 = ORIENTED_EDGE('',*,*,#11020,.T.);
#11020 = EDGE_CURVE('',#1381,#6005,#11021,.T.);
#11021 = SURFACE_CURVE('',#11022,(#11026,#11033),.PCURVE_S1.);
#11022 = LINE('',#11023,#11024);
#11023 = CARTESIAN_POINT('',(-6.533333333333,-66.6,5.5));
#11024 = VECTOR('',#11025,1.);
#11025 = DIRECTION('',(0.,0.,1.));
#11026 = PCURVE('',#1425,#11027);
#11027 = DEFINITIONAL_REPRESENTATION('',(#11028),#11032);
#11028 = LINE('',#11029,#11030);
#11029 = CARTESIAN_POINT('',(0.,0.));
#11030 = VECTOR('',#11031,1.);
#11031 = DIRECTION('',(0.,-1.));
#11032 = ( GEOMETRIC_REPRESENTATION_CONTEXT(2) 
PARAMETRIC_REPRESENTATION_CONTEXT() REPRESENTATION_CONTEXT('2D SPACE',''
  ) );
#11033 = PCURVE('',#1397,#11034);
#11034 = DEFINITIONAL_REPRESENTATION('',(#11035),#11039);
#11035 = LINE('',#11036,#11037);
#11036 = CARTESIAN_POINT('',(2.214297435588,0.));
#11037 = VECTOR('',#11038,1.);
#11038 = DIRECTION('',(0.,-1.));
#11039 = ( GEOMETRIC_REPRESENTATION_CONTEXT(2) 
PARAMETRIC_REPRESENTATION_CONTEXT() REPRESENTATION_CONTEXT('2D SPACE',''
  ) );
#11040 = ORIENTED_EDGE('',*,*,#6028,.T.);
#11041 = ORIENTED_EDGE('',*,*,#10966,.F.);
#11042 = ORIENTED_EDGE('',*,*,#1409,.F.);
#11043 = ADVANCED_FACE('',(#11044),#1368,.T.);
#11044 = FACE_BOUND('',#11045,.T.);
#11045 = EDGE_LOOP('',(#11046,#11047,#11048,#11069));
#11046 = ORIENTED_EDGE('',*,*,#10995,.T.);
#11047 = ORIENTED_EDGE('',*,*,#5981,.T.);
#11048 = ORIENTED_EDGE('',*,*,#11049,.F.);
#11049 = EDGE_CURVE('',#1353,#5982,#11050,.T.);
#11050 = SURFACE_CURVE('',#11051,(#11055,#11062),.PCURVE_S1.);
#11051 = LINE('',#11052,#11053);
#11052 = CARTESIAN_POINT('',(-5.333333333333,-67.,5.5));
#11053 = VECTOR('',#11054,1.);
#11054 = DIRECTION('',(0.,0.,1.));
#11055 = PCURVE('',#1368,#11056);
#11056 = DEFINITIONAL_REPRESENTATION('',(#11057),#11061);
#11057 = LINE('',#11058,#11059);
#11058 = CARTESIAN_POINT('',(10.666666666667,0.));
#11059 = VECTOR('',#11060,1.);
#11060 = DIRECTION('',(0.,-1.));
#11061 = ( GEOMETRIC_REPRESENTATION_CONTEXT(2) 
PARAMETRIC_REPRESENTATION_CONTEXT() REPRESENTATION_CONTEXT('2D SPACE',''
  ) );
#11062 = PCURVE('',#1397,#11063);
#11063 = DEFINITIONAL_REPRESENTATION('',(#11064),#11068);
#11064 = LINE('',#11065,#11066);
#11065 = CARTESIAN_POINT('',(1.570796326795,0.));
#11066 = VECTOR('',#11067,1.);
#11067 = DIRECTION('',(0.,-1.));
#11068 = ( GEOMETRIC_REPRESENTATION_CONTEXT(2) 
PARAMETRIC_REPRESENTATION_CONTEXT() REPRESENTATION_CONTEXT('2D SPACE',''
  ) );
#11069 = ORIENTED_EDGE('',*,*,#1352,.F.);
#11070 = ADVANCED_FACE('',(#11071),#1397,.T.);
#11071 = FACE_BOUND('',#11072,.T.);
#11072 = EDGE_LOOP('',(#11073,#11074,#11075,#11076));
#11073 = ORIENTED_EDGE('',*,*,#11049,.T.);
#11074 = ORIENTED_EDGE('',*,*,#6004,.T.);
#11075 = ORIENTED_EDGE('',*,*,#11020,.F.);
#11076 = ORIENTED_EDGE('',*,*,#1380,.F.);
#11077 = ADVANCED_FACE('',(#11078),#2492,.F.);
#11078 = FACE_BOUND('',#11079,.F.);
#11079 = EDGE_LOOP('',(#11080,#11081,#11102,#11103));
#11080 = ORIENTED_EDGE('',*,*,#6915,.F.);
#11081 = ORIENTED_EDGE('',*,*,#11082,.F.);
#11082 = EDGE_CURVE('',#2472,#6916,#11083,.T.);
#11083 = SEAM_CURVE('',#11084,(#11088,#11095),.PCURVE_S1.);
#11084 = LINE('',#11085,#11086);
#11085 = CARTESIAN_POINT('',(10.5,-34.,4.5));
#11086 = VECTOR('',#11087,1.);
#11087 = DIRECTION('',(0.,0.,1.));
#11088 = PCURVE('',#2492,#11089);
#11089 = DEFINITIONAL_REPRESENTATION('',(#11090),#11094);
#11090 = LINE('',#11091,#11092);
#11091 = CARTESIAN_POINT('',(6.28318530718,-0.));
#11092 = VECTOR('',#11093,1.);
#11093 = DIRECTION('',(0.,1.));
#11094 = ( GEOMETRIC_REPRESENTATION_CONTEXT(2) 
PARAMETRIC_REPRESENTATION_CONTEXT() REPRESENTATION_CONTEXT('2D SPACE',''
  ) );
#11095 = PCURVE('',#2492,#11096);
#11096 = DEFINITIONAL_REPRESENTATION('',(#11097),#11101);
#11097 = LINE('',#11098,#11099);
#11098 = CARTESIAN_POINT('',(0.,-0.));
#11099 = VECTOR('',#11100,1.);
#11100 = DIRECTION('',(0.,1.));
#11101 = ( GEOMETRIC_REPRESENTATION_CONTEXT(2) 
PARAMETRIC_REPRESENTATION_CONTEXT() REPRESENTATION_CONTEXT('2D SPACE',''
  ) );
#11102 = ORIENTED_EDGE('',*,*,#2471,.T.);
#11103 = ORIENTED_EDGE('',*,*,#11082,.T.);
#11104 = ADVANCED_FACE('',(#11105),#2527,.F.);
#11105 = FACE_BOUND('',#11106,.F.);
#11106 = EDGE_LOOP('',(#11107,#11108,#11129,#11130));
#11107 = ORIENTED_EDGE('',*,*,#6945,.F.);
#11108 = ORIENTED_EDGE('',*,*,#11109,.F.);
#11109 = EDGE_CURVE('',#2507,#6946,#11110,.T.);
#11110 = SEAM_CURVE('',#11111,(#11115,#11122),.PCURVE_S1.);
#11111 = LINE('',#11112,#11113);
#11112 = CARTESIAN_POINT('',(22.333333333333,-13.81926995981,4.5));
#11113 = VECTOR('',#11114,1.);
#11114 = DIRECTION('',(0.,0.,1.));
#11115 = PCURVE('',#2527,#11116);
#11116 = DEFINITIONAL_REPRESENTATION('',(#11117),#11121);
#11117 = LINE('',#11118,#11119);
#11118 = CARTESIAN_POINT('',(6.28318530718,-0.));
#11119 = VECTOR('',#11120,1.);
#11120 = DIRECTION('',(0.,1.));
#11121 = ( GEOMETRIC_REPRESENTATION_CONTEXT(2) 
PARAMETRIC_REPRESENTATION_CONTEXT() REPRESENTATION_CONTEXT('2D SPACE',''
  ) );
#11122 = PCURVE('',#2527,#11123);
#11123 = DEFINITIONAL_REPRESENTATION('',(#11124),#11128);
#11124 = LINE('',#11125,#11126);
#11125 = CARTESIAN_POINT('',(0.,-0.));
#11126 = VECTOR('',#11127,1.);
#11127 = DIRECTION('',(0.,1.));
#11128 = ( GEOMETRIC_REPRESENTATION_CONTEXT(2) 
PARAMETRIC_REPRESENTATION_CONTEXT() REPRESENTATION_CONTEXT('2D SPACE',''
  ) );
#11129 = ORIENTED_EDGE('',*,*,#2506,.T.);
#11130 = ORIENTED_EDGE('',*,*,#11109,.T.);
#11131 = ADVANCED_FACE('',(#11132),#2564,.F.);
#11132 = FACE_BOUND('',#11133,.F.);
#11133 = EDGE_LOOP('',(#11134,#11153,#11154,#11173));
#11134 = ORIENTED_EDGE('',*,*,#11135,.F.);
#11135 = EDGE_CURVE('',#2542,#6976,#11136,.T.);
#11136 = SURFACE_CURVE('',#11137,(#11141,#11147),.PCURVE_S1.);
#11137 = LINE('',#11138,#11139);
#11138 = CARTESIAN_POINT('',(11.054102703301,-8.932822652558,4.5));
#11139 = VECTOR('',#11140,1.);
#11140 = DIRECTION('',(0.,0.,1.));
#11141 = PCURVE('',#2564,#11142);
#11142 = DEFINITIONAL_REPRESENTATION('',(#11143),#11146);
#11143 = B_SPLINE_CURVE_WITH_KNOTS('',1,(#11144,#11145),.UNSPECIFIED.,
  .F.,.F.,(2,2),(0.9999994,3.5000006),.PIECEWISE_BEZIER_KNOTS.);
#11144 = CARTESIAN_POINT('',(0.791561648777,0.9999994));
#11145 = CARTESIAN_POINT('',(0.791561648777,3.5000006));
#11146 = ( GEOMETRIC_REPRESENTATION_CONTEXT(2) 
PARAMETRIC_REPRESENTATION_CONTEXT() REPRESENTATION_CONTEXT('2D SPACE',''
  ) );
#11147 = PCURVE('',#2890,#11148);
#11148 = DEFINITIONAL_REPRESENTATION('',(#11149),#11152);
#11149 = B_SPLINE_CURVE_WITH_KNOTS('',1,(#11150,#11151),.UNSPECIFIED.,
  .F.,.F.,(2,2),(0.9999994,3.5000006),.PIECEWISE_BEZIER_KNOTS.);
#11150 = CARTESIAN_POINT('',(2.951389034875,0.9999994));
#11151 = CARTESIAN_POINT('',(2.951389034875,3.5000006));
#11152 = ( GEOMETRIC_REPRESENTATION_CONTEXT(2) 
PARAMETRIC_REPRESENTATION_CONTEXT() REPRESENTATION_CONTEXT('2D SPACE',''
  ) );
#11153 = ORIENTED_EDGE('',*,*,#2541,.T.);
#11154 = ORIENTED_EDGE('',*,*,#11155,.T.);
#11155 = EDGE_CURVE('',#2544,#6978,#11156,.T.);
#11156 = SURFACE_CURVE('',#11157,(#11161,#11167),.PCURVE_S1.);
#11157 = LINE('',#11158,#11159);
#11158 = CARTESIAN_POINT('',(11.,-11.11803398875,4.5));
#11159 = VECTOR('',#11160,1.);
#11160 = DIRECTION('',(0.,0.,1.));
#11161 = PCURVE('',#2564,#11162);
#11162 = DEFINITIONAL_REPRESENTATION('',(#11163),#11166);
#11163 = B_SPLINE_CURVE_WITH_KNOTS('',1,(#11164,#11165),.UNSPECIFIED.,
  .F.,.F.,(2,2),(0.75,3.75),.PIECEWISE_BEZIER_KNOTS.);
#11164 = CARTESIAN_POINT('',(5.442116636612,0.75));
#11165 = CARTESIAN_POINT('',(5.442116636612,3.75));
#11166 = ( GEOMETRIC_REPRESENTATION_CONTEXT(2) 
PARAMETRIC_REPRESENTATION_CONTEXT() REPRESENTATION_CONTEXT('2D SPACE',''
  ) );
#11167 = PCURVE('',#2591,#11168);
#11168 = DEFINITIONAL_REPRESENTATION('',(#11169),#11172);
#11169 = B_SPLINE_CURVE_WITH_KNOTS('',1,(#11170,#11171),.UNSPECIFIED.,
  .F.,.F.,(2,2),(0.75,3.75),.PIECEWISE_BEZIER_KNOTS.);
#11170 = CARTESIAN_POINT('',(0.75,-7.38196701125));
#11171 = CARTESIAN_POINT('',(3.75,-7.38196701125));
#11172 = ( GEOMETRIC_REPRESENTATION_CONTEXT(2) 
PARAMETRIC_REPRESENTATION_CONTEXT() REPRESENTATION_CONTEXT('2D SPACE',''
  ) );
#11173 = ORIENTED_EDGE('',*,*,#6975,.F.);
#11174 = ADVANCED_FACE('',(#11175),#2890,.F.);
#11175 = FACE_BOUND('',#11176,.F.);
#11176 = EDGE_LOOP('',(#11177,#11178,#11199,#11200));
#11177 = ORIENTED_EDGE('',*,*,#7250,.F.);
#11178 = ORIENTED_EDGE('',*,*,#11179,.F.);
#11179 = EDGE_CURVE('',#2846,#7230,#11180,.T.);
#11180 = SURFACE_CURVE('',#11181,(#11185,#11192),.PCURVE_S1.);
#11181 = LINE('',#11182,#11183);
#11182 = CARTESIAN_POINT('',(13.999999,-6.5,4.5));
#11183 = VECTOR('',#11184,1.);
#11184 = DIRECTION('',(0.,0.,1.));
#11185 = PCURVE('',#2890,#11186);
#11186 = DEFINITIONAL_REPRESENTATION('',(#11187),#11191);
#11187 = LINE('',#11188,#11189);
#11188 = CARTESIAN_POINT('',(1.570796326795,0.));
#11189 = VECTOR('',#11190,1.);
#11190 = DIRECTION('',(0.,1.));
#11191 = ( GEOMETRIC_REPRESENTATION_CONTEXT(2) 
PARAMETRIC_REPRESENTATION_CONTEXT() REPRESENTATION_CONTEXT('2D SPACE',''
  ) );
#11192 = PCURVE('',#2860,#11193);
#11193 = DEFINITIONAL_REPRESENTATION('',(#11194),#11198);
#11194 = LINE('',#11195,#11196);
#11195 = CARTESIAN_POINT('',(0.,0.));
#11196 = VECTOR('',#11197,1.);
#11197 = DIRECTION('',(1.,0.));
#11198 = ( GEOMETRIC_REPRESENTATION_CONTEXT(2) 
PARAMETRIC_REPRESENTATION_CONTEXT() REPRESENTATION_CONTEXT('2D SPACE',''
  ) );
#11199 = ORIENTED_EDGE('',*,*,#2871,.T.);
#11200 = ORIENTED_EDGE('',*,*,#11135,.T.);
#11201 = ADVANCED_FACE('',(#11202),#2591,.T.);
#11202 = FACE_BOUND('',#11203,.T.);
#11203 = EDGE_LOOP('',(#11204,#11225,#11226,#11227));
#11204 = ORIENTED_EDGE('',*,*,#11205,.F.);
#11205 = EDGE_CURVE('',#2577,#7006,#11206,.T.);
#11206 = SURFACE_CURVE('',#11207,(#11211,#11218),.PCURVE_S1.);
#11207 = LINE('',#11208,#11209);
#11208 = CARTESIAN_POINT('',(11.,-18.500001,4.5));
#11209 = VECTOR('',#11210,1.);
#11210 = DIRECTION('',(0.,0.,1.));
#11211 = PCURVE('',#2591,#11212);
#11212 = DEFINITIONAL_REPRESENTATION('',(#11213),#11217);
#11213 = LINE('',#11214,#11215);
#11214 = CARTESIAN_POINT('',(0.,0.));
#11215 = VECTOR('',#11216,1.);
#11216 = DIRECTION('',(1.,0.));
#11217 = ( GEOMETRIC_REPRESENTATION_CONTEXT(2) 
PARAMETRIC_REPRESENTATION_CONTEXT() REPRESENTATION_CONTEXT('2D SPACE',''
  ) );
#11218 = PCURVE('',#2623,#11219);
#11219 = DEFINITIONAL_REPRESENTATION('',(#11220),#11224);
#11220 = LINE('',#11221,#11222);
#11221 = CARTESIAN_POINT('',(3.14159265359,0.));
#11222 = VECTOR('',#11223,1.);
#11223 = DIRECTION('',(0.,1.));
#11224 = ( GEOMETRIC_REPRESENTATION_CONTEXT(2) 
PARAMETRIC_REPRESENTATION_CONTEXT() REPRESENTATION_CONTEXT('2D SPACE',''
  ) );
#11225 = ORIENTED_EDGE('',*,*,#2576,.F.);
#11226 = ORIENTED_EDGE('',*,*,#11155,.T.);
#11227 = ORIENTED_EDGE('',*,*,#7005,.T.);
#11228 = ADVANCED_FACE('',(#11229),#2860,.F.);
#11229 = FACE_BOUND('',#11230,.F.);
#11230 = EDGE_LOOP('',(#11231,#11252,#11253,#11254));
#11231 = ORIENTED_EDGE('',*,*,#11232,.F.);
#11232 = EDGE_CURVE('',#2813,#7202,#11233,.T.);
#11233 = SURFACE_CURVE('',#11234,(#11238,#11245),.PCURVE_S1.);
#11234 = LINE('',#11235,#11236);
#11235 = CARTESIAN_POINT('',(14.000001,-6.5,4.5));
#11236 = VECTOR('',#11237,1.);
#11237 = DIRECTION('',(0.,0.,1.));
#11238 = PCURVE('',#2860,#11239);
#11239 = DEFINITIONAL_REPRESENTATION('',(#11240),#11244);
#11240 = LINE('',#11241,#11242);
#11241 = CARTESIAN_POINT('',(0.,2.00000000028E-06));
#11242 = VECTOR('',#11243,1.);
#11243 = DIRECTION('',(1.,0.));
#11244 = ( GEOMETRIC_REPRESENTATION_CONTEXT(2) 
PARAMETRIC_REPRESENTATION_CONTEXT() REPRESENTATION_CONTEXT('2D SPACE',''
  ) );
#11245 = PCURVE('',#2833,#11246);
#11246 = DEFINITIONAL_REPRESENTATION('',(#11247),#11251);
#11247 = LINE('',#11248,#11249);
#11248 = CARTESIAN_POINT('',(1.570796326795,0.));
#11249 = VECTOR('',#11250,1.);
#11250 = DIRECTION('',(0.,1.));
#11251 = ( GEOMETRIC_REPRESENTATION_CONTEXT(2) 
PARAMETRIC_REPRESENTATION_CONTEXT() REPRESENTATION_CONTEXT('2D SPACE',''
  ) );
#11252 = ORIENTED_EDGE('',*,*,#2845,.F.);
#11253 = ORIENTED_EDGE('',*,*,#11179,.T.);
#11254 = ORIENTED_EDGE('',*,*,#7229,.T.);
#11255 = ADVANCED_FACE('',(#11256),#2623,.F.);
#11256 = FACE_BOUND('',#11257,.F.);
#11257 = EDGE_LOOP('',(#11258,#11259,#11260,#11261));
#11258 = ORIENTED_EDGE('',*,*,#7026,.F.);
#11259 = ORIENTED_EDGE('',*,*,#11205,.F.);
#11260 = ORIENTED_EDGE('',*,*,#2602,.T.);
#11261 = ORIENTED_EDGE('',*,*,#11262,.T.);
#11262 = EDGE_CURVE('',#2603,#7027,#11263,.T.);
#11263 = SURFACE_CURVE('',#11264,(#11268,#11275),.PCURVE_S1.);
#11264 = LINE('',#11265,#11266);
#11265 = CARTESIAN_POINT('',(13.999999,-21.5,4.5));
#11266 = VECTOR('',#11267,1.);
#11267 = DIRECTION('',(0.,0.,1.));
#11268 = PCURVE('',#2623,#11269);
#11269 = DEFINITIONAL_REPRESENTATION('',(#11270),#11274);
#11270 = LINE('',#11271,#11272);
#11271 = CARTESIAN_POINT('',(4.712388980385,0.));
#11272 = VECTOR('',#11273,1.);
#11273 = DIRECTION('',(0.,1.));
#11274 = ( GEOMETRIC_REPRESENTATION_CONTEXT(2) 
PARAMETRIC_REPRESENTATION_CONTEXT() REPRESENTATION_CONTEXT('2D SPACE',''
  ) );
#11275 = PCURVE('',#2650,#11276);
#11276 = DEFINITIONAL_REPRESENTATION('',(#11277),#11281);
#11277 = LINE('',#11278,#11279);
#11278 = CARTESIAN_POINT('',(0.,0.));
#11279 = VECTOR('',#11280,1.);
#11280 = DIRECTION('',(1.,0.));
#11281 = ( GEOMETRIC_REPRESENTATION_CONTEXT(2) 
PARAMETRIC_REPRESENTATION_CONTEXT() REPRESENTATION_CONTEXT('2D SPACE',''
  ) );
#11282 = ADVANCED_FACE('',(#11283),#2833,.F.);
#11283 = FACE_BOUND('',#11284,.F.);
#11284 = EDGE_LOOP('',(#11285,#11286,#11306,#11307));
#11285 = ORIENTED_EDGE('',*,*,#7201,.F.);
#11286 = ORIENTED_EDGE('',*,*,#11287,.F.);
#11287 = EDGE_CURVE('',#2787,#7181,#11288,.T.);
#11288 = SURFACE_CURVE('',#11289,(#11293,#11299),.PCURVE_S1.);
#11289 = LINE('',#11290,#11291);
#11290 = CARTESIAN_POINT('',(17.,-9.499999,4.5));
#11291 = VECTOR('',#11292,1.);
#11292 = DIRECTION('',(0.,0.,1.));
#11293 = PCURVE('',#2833,#11294);
#11294 = DEFINITIONAL_REPRESENTATION('',(#11295),#11298);
#11295 = B_SPLINE_CURVE_WITH_KNOTS('',1,(#11296,#11297),.UNSPECIFIED.,
  .F.,.F.,(2,2),(0.,4.5),.PIECEWISE_BEZIER_KNOTS.);
#11296 = CARTESIAN_POINT('',(0.,0.));
#11297 = CARTESIAN_POINT('',(0.,4.5));
#11298 = ( GEOMETRIC_REPRESENTATION_CONTEXT(2) 
PARAMETRIC_REPRESENTATION_CONTEXT() REPRESENTATION_CONTEXT('2D SPACE',''
  ) );
#11299 = PCURVE('',#2801,#11300);
#11300 = DEFINITIONAL_REPRESENTATION('',(#11301),#11305);
#11301 = LINE('',#11302,#11303);
#11302 = CARTESIAN_POINT('',(0.,-9.000002));
#11303 = VECTOR('',#11304,1.);
#11304 = DIRECTION('',(1.,0.));
#11305 = ( GEOMETRIC_REPRESENTATION_CONTEXT(2) 
PARAMETRIC_REPRESENTATION_CONTEXT() REPRESENTATION_CONTEXT('2D SPACE',''
  ) );
#11306 = ORIENTED_EDGE('',*,*,#2812,.T.);
#11307 = ORIENTED_EDGE('',*,*,#11232,.T.);
#11308 = ADVANCED_FACE('',(#11309),#2650,.T.);
#11309 = FACE_BOUND('',#11310,.T.);
#11310 = EDGE_LOOP('',(#11311,#11332,#11333,#11334));
#11311 = ORIENTED_EDGE('',*,*,#11312,.F.);
#11312 = EDGE_CURVE('',#2636,#7055,#11313,.T.);
#11313 = SURFACE_CURVE('',#11314,(#11318,#11325),.PCURVE_S1.);
#11314 = LINE('',#11315,#11316);
#11315 = CARTESIAN_POINT('',(14.000001,-21.5,4.5));
#11316 = VECTOR('',#11317,1.);
#11317 = DIRECTION('',(0.,0.,1.));
#11318 = PCURVE('',#2650,#11319);
#11319 = DEFINITIONAL_REPRESENTATION('',(#11320),#11324);
#11320 = LINE('',#11321,#11322);
#11321 = CARTESIAN_POINT('',(0.,2.00000000028E-06));
#11322 = VECTOR('',#11323,1.);
#11323 = DIRECTION('',(1.,0.));
#11324 = ( GEOMETRIC_REPRESENTATION_CONTEXT(2) 
PARAMETRIC_REPRESENTATION_CONTEXT() REPRESENTATION_CONTEXT('2D SPACE',''
  ) );
#11325 = PCURVE('',#2682,#11326);
#11326 = DEFINITIONAL_REPRESENTATION('',(#11327),#11331);
#11327 = LINE('',#11328,#11329);
#11328 = CARTESIAN_POINT('',(4.712388980385,0.));
#11329 = VECTOR('',#11330,1.);
#11330 = DIRECTION('',(0.,1.));
#11331 = ( GEOMETRIC_REPRESENTATION_CONTEXT(2) 
PARAMETRIC_REPRESENTATION_CONTEXT() REPRESENTATION_CONTEXT('2D SPACE',''
  ) );
#11332 = ORIENTED_EDGE('',*,*,#2635,.F.);
#11333 = ORIENTED_EDGE('',*,*,#11262,.T.);
#11334 = ORIENTED_EDGE('',*,*,#7054,.T.);
#11335 = ADVANCED_FACE('',(#11336),#2801,.F.);
#11336 = FACE_BOUND('',#11337,.F.);
#11337 = EDGE_LOOP('',(#11338,#11357,#11358,#11359));
#11338 = ORIENTED_EDGE('',*,*,#11339,.F.);
#11339 = EDGE_CURVE('',#2754,#7153,#11340,.T.);
#11340 = SURFACE_CURVE('',#11341,(#11345,#11351),.PCURVE_S1.);
#11341 = LINE('',#11342,#11343);
#11342 = CARTESIAN_POINT('',(17.,-9.559836127877,4.5));
#11343 = VECTOR('',#11344,1.);
#11344 = DIRECTION('',(0.,0.,1.));
#11345 = PCURVE('',#2801,#11346);
#11346 = DEFINITIONAL_REPRESENTATION('',(#11347),#11350);
#11347 = B_SPLINE_CURVE_WITH_KNOTS('',1,(#11348,#11349),.UNSPECIFIED.,
  .F.,.F.,(2,2),(0.75,3.75),.PIECEWISE_BEZIER_KNOTS.);
#11348 = CARTESIAN_POINT('',(0.75,-8.940164872123));
#11349 = CARTESIAN_POINT('',(3.75,-8.940164872123));
#11350 = ( GEOMETRIC_REPRESENTATION_CONTEXT(2) 
PARAMETRIC_REPRESENTATION_CONTEXT() REPRESENTATION_CONTEXT('2D SPACE',''
  ) );
#11351 = PCURVE('',#2774,#11352);
#11352 = DEFINITIONAL_REPRESENTATION('',(#11353),#11356);
#11353 = B_SPLINE_CURVE_WITH_KNOTS('',1,(#11354,#11355),.UNSPECIFIED.,
  .F.,.F.,(2,2),(0.75,3.75),.PIECEWISE_BEZIER_KNOTS.);
#11354 = CARTESIAN_POINT('',(0.679673818908,0.75));
#11355 = CARTESIAN_POINT('',(0.679673818908,3.75));
#11356 = ( GEOMETRIC_REPRESENTATION_CONTEXT(2) 
PARAMETRIC_REPRESENTATION_CONTEXT() REPRESENTATION_CONTEXT('2D SPACE',''
  ) );
#11357 = ORIENTED_EDGE('',*,*,#2786,.F.);
#11358 = ORIENTED_EDGE('',*,*,#11287,.T.);
#11359 = ORIENTED_EDGE('',*,*,#7180,.T.);
#11360 = ADVANCED_FACE('',(#11361),#2682,.F.);
#11361 = FACE_BOUND('',#11362,.F.);
#11362 = EDGE_LOOP('',(#11363,#11364,#11365,#11366));
#11363 = ORIENTED_EDGE('',*,*,#7075,.F.);
#11364 = ORIENTED_EDGE('',*,*,#11312,.F.);
#11365 = ORIENTED_EDGE('',*,*,#2661,.T.);
#11366 = ORIENTED_EDGE('',*,*,#11367,.T.);
#11367 = EDGE_CURVE('',#2662,#7076,#11368,.T.);
#11368 = SURFACE_CURVE('',#11369,(#11373,#11379),.PCURVE_S1.);
#11369 = LINE('',#11370,#11371);
#11370 = CARTESIAN_POINT('',(17.,-18.500001,4.5));
#11371 = VECTOR('',#11372,1.);
#11372 = DIRECTION('',(0.,0.,1.));
#11373 = PCURVE('',#2682,#11374);
#11374 = DEFINITIONAL_REPRESENTATION('',(#11375),#11378);
#11375 = B_SPLINE_CURVE_WITH_KNOTS('',1,(#11376,#11377),.UNSPECIFIED.,
  .F.,.F.,(2,2),(0.,4.5),.PIECEWISE_BEZIER_KNOTS.);
#11376 = CARTESIAN_POINT('',(6.28318530718,0.));
#11377 = CARTESIAN_POINT('',(6.28318530718,4.5));
#11378 = ( GEOMETRIC_REPRESENTATION_CONTEXT(2) 
PARAMETRIC_REPRESENTATION_CONTEXT() REPRESENTATION_CONTEXT('2D SPACE',''
  ) );
#11379 = PCURVE('',#2709,#11380);
#11380 = DEFINITIONAL_REPRESENTATION('',(#11381),#11385);
#11381 = LINE('',#11382,#11383);
#11382 = CARTESIAN_POINT('',(0.,0.));
#11383 = VECTOR('',#11384,1.);
#11384 = DIRECTION('',(1.,0.));
#11385 = ( GEOMETRIC_REPRESENTATION_CONTEXT(2) 
PARAMETRIC_REPRESENTATION_CONTEXT() REPRESENTATION_CONTEXT('2D SPACE',''
  ) );
#11386 = ADVANCED_FACE('',(#11387),#2774,.F.);
#11387 = FACE_BOUND('',#11388,.F.);
#11388 = EDGE_LOOP('',(#11389,#11390,#11411,#11412));
#11389 = ORIENTED_EDGE('',*,*,#7152,.F.);
#11390 = ORIENTED_EDGE('',*,*,#11391,.F.);
#11391 = EDGE_CURVE('',#2721,#7125,#11392,.T.);
#11392 = SURFACE_CURVE('',#11393,(#11397,#11404),.PCURVE_S1.);
#11393 = LINE('',#11394,#11395);
#11394 = CARTESIAN_POINT('',(17.333333333333,-10.50264516945,4.5));
#11395 = VECTOR('',#11396,1.);
#11396 = DIRECTION('',(0.,0.,1.));
#11397 = PCURVE('',#2774,#11398);
#11398 = DEFINITIONAL_REPRESENTATION('',(#11399),#11403);
#11399 = LINE('',#11400,#11401);
#11400 = CARTESIAN_POINT('',(0.,-0.));
#11401 = VECTOR('',#11402,1.);
#11402 = DIRECTION('',(0.,1.));
#11403 = ( GEOMETRIC_REPRESENTATION_CONTEXT(2) 
PARAMETRIC_REPRESENTATION_CONTEXT() REPRESENTATION_CONTEXT('2D SPACE',''
  ) );
#11404 = PCURVE('',#2741,#11405);
#11405 = DEFINITIONAL_REPRESENTATION('',(#11406),#11410);
#11406 = LINE('',#11407,#11408);
#11407 = CARTESIAN_POINT('',(6.28318530718,-0.));
#11408 = VECTOR('',#11409,1.);
#11409 = DIRECTION('',(0.,1.));
#11410 = ( GEOMETRIC_REPRESENTATION_CONTEXT(2) 
PARAMETRIC_REPRESENTATION_CONTEXT() REPRESENTATION_CONTEXT('2D SPACE',''
  ) );
#11411 = ORIENTED_EDGE('',*,*,#2753,.T.);
#11412 = ORIENTED_EDGE('',*,*,#11339,.T.);
#11413 = ADVANCED_FACE('',(#11414),#2709,.F.);
#11414 = FACE_BOUND('',#11415,.F.);
#11415 = EDGE_LOOP('',(#11416,#11417,#11418,#11437));
#11416 = ORIENTED_EDGE('',*,*,#11367,.F.);
#11417 = ORIENTED_EDGE('',*,*,#2694,.F.);
#11418 = ORIENTED_EDGE('',*,*,#11419,.T.);
#11419 = EDGE_CURVE('',#2695,#7104,#11420,.T.);
#11420 = SURFACE_CURVE('',#11421,(#11425,#11431),.PCURVE_S1.);
#11421 = LINE('',#11422,#11423);
#11422 = CARTESIAN_POINT('',(17.,-11.44545421104,4.5));
#11423 = VECTOR('',#11424,1.);
#11424 = DIRECTION('',(0.,0.,1.));
#11425 = PCURVE('',#2709,#11426);
#11426 = DEFINITIONAL_REPRESENTATION('',(#11427),#11430);
#11427 = B_SPLINE_CURVE_WITH_KNOTS('',1,(#11428,#11429),.UNSPECIFIED.,
  .F.,.F.,(2,2),(0.75,3.75),.PIECEWISE_BEZIER_KNOTS.);
#11428 = CARTESIAN_POINT('',(0.75,-7.054546788959));
#11429 = CARTESIAN_POINT('',(3.75,-7.054546788959));
#11430 = ( GEOMETRIC_REPRESENTATION_CONTEXT(2) 
PARAMETRIC_REPRESENTATION_CONTEXT() REPRESENTATION_CONTEXT('2D SPACE',''
  ) );
#11431 = PCURVE('',#2741,#11432);
#11432 = DEFINITIONAL_REPRESENTATION('',(#11433),#11436);
#11433 = B_SPLINE_CURVE_WITH_KNOTS('',1,(#11434,#11435),.UNSPECIFIED.,
  .F.,.F.,(2,2),(0.75,3.75),.PIECEWISE_BEZIER_KNOTS.);
#11434 = CARTESIAN_POINT('',(5.603511488271,0.75));
#11435 = CARTESIAN_POINT('',(5.603511488271,3.75));
#11436 = ( GEOMETRIC_REPRESENTATION_CONTEXT(2) 
PARAMETRIC_REPRESENTATION_CONTEXT() REPRESENTATION_CONTEXT('2D SPACE',''
  ) );
#11437 = ORIENTED_EDGE('',*,*,#7103,.T.);
#11438 = ADVANCED_FACE('',(#11439),#2741,.F.);
#11439 = FACE_BOUND('',#11440,.F.);
#11440 = EDGE_LOOP('',(#11441,#11442,#11443,#11444));
#11441 = ORIENTED_EDGE('',*,*,#11391,.T.);
#11442 = ORIENTED_EDGE('',*,*,#7124,.F.);
#11443 = ORIENTED_EDGE('',*,*,#11419,.F.);
#11444 = ORIENTED_EDGE('',*,*,#2720,.T.);
#11445 = ADVANCED_FACE('',(#11446),#2925,.F.);
#11446 = FACE_BOUND('',#11447,.F.);
#11447 = EDGE_LOOP('',(#11448,#11449,#11470,#11471));
#11448 = ORIENTED_EDGE('',*,*,#7278,.F.);
#11449 = ORIENTED_EDGE('',*,*,#11450,.F.);
#11450 = EDGE_CURVE('',#2905,#7279,#11451,.T.);
#11451 = SEAM_CURVE('',#11452,(#11456,#11463),.PCURVE_S1.);
#11452 = LINE('',#11453,#11454);
#11453 = CARTESIAN_POINT('',(-7.5,-34.,4.5));
#11454 = VECTOR('',#11455,1.);
#11455 = DIRECTION('',(0.,0.,1.));
#11456 = PCURVE('',#2925,#11457);
#11457 = DEFINITIONAL_REPRESENTATION('',(#11458),#11462);
#11458 = LINE('',#11459,#11460);
#11459 = CARTESIAN_POINT('',(6.28318530718,-0.));
#11460 = VECTOR('',#11461,1.);
#11461 = DIRECTION('',(0.,1.));
#11462 = ( GEOMETRIC_REPRESENTATION_CONTEXT(2) 
PARAMETRIC_REPRESENTATION_CONTEXT() REPRESENTATION_CONTEXT('2D SPACE',''
  ) );
#11463 = PCURVE('',#2925,#11464);
#11464 = DEFINITIONAL_REPRESENTATION('',(#11465),#11469);
#11465 = LINE('',#11466,#11467);
#11466 = CARTESIAN_POINT('',(0.,-0.));
#11467 = VECTOR('',#11468,1.);
#11468 = DIRECTION('',(0.,1.));
#11469 = ( GEOMETRIC_REPRESENTATION_CONTEXT(2) 
PARAMETRIC_REPRESENTATION_CONTEXT() REPRESENTATION_CONTEXT('2D SPACE',''
  ) );
#11470 = ORIENTED_EDGE('',*,*,#2904,.T.);
#11471 = ORIENTED_EDGE('',*,*,#11450,.T.);
#11472 = ADVANCED_FACE('',(#11473),#2956,.T.);
#11473 = FACE_BOUND('',#11474,.T.);
#11474 = EDGE_LOOP('',(#11475,#11496,#11497,#11518));
#11475 = ORIENTED_EDGE('',*,*,#11476,.F.);
#11476 = EDGE_CURVE('',#2942,#7311,#11477,.T.);
#11477 = SURFACE_CURVE('',#11478,(#11482,#11489),.PCURVE_S1.);
#11478 = LINE('',#11479,#11480);
#11479 = CARTESIAN_POINT('',(-4.5,-30.,4.5));
#11480 = VECTOR('',#11481,1.);
#11481 = DIRECTION('',(0.,0.,1.));
#11482 = PCURVE('',#2956,#11483);
#11483 = DEFINITIONAL_REPRESENTATION('',(#11484),#11488);
#11484 = LINE('',#11485,#11486);
#11485 = CARTESIAN_POINT('',(0.,0.));
#11486 = VECTOR('',#11487,1.);
#11487 = DIRECTION('',(1.,0.));
#11488 = ( GEOMETRIC_REPRESENTATION_CONTEXT(2) 
PARAMETRIC_REPRESENTATION_CONTEXT() REPRESENTATION_CONTEXT('2D SPACE',''
  ) );
#11489 = PCURVE('',#2988,#11490);
#11490 = DEFINITIONAL_REPRESENTATION('',(#11491),#11495);
#11491 = LINE('',#11492,#11493);
#11492 = CARTESIAN_POINT('',(3.14159265359,0.));
#11493 = VECTOR('',#11494,1.);
#11494 = DIRECTION('',(0.,1.));
#11495 = ( GEOMETRIC_REPRESENTATION_CONTEXT(2) 
PARAMETRIC_REPRESENTATION_CONTEXT() REPRESENTATION_CONTEXT('2D SPACE',''
  ) );
#11496 = ORIENTED_EDGE('',*,*,#2939,.F.);
#11497 = ORIENTED_EDGE('',*,*,#11498,.T.);
#11498 = EDGE_CURVE('',#2940,#7309,#11499,.T.);
#11499 = SURFACE_CURVE('',#11500,(#11504,#11511),.PCURVE_S1.);
#11500 = LINE('',#11501,#11502);
#11501 = CARTESIAN_POINT('',(-4.5,-22.,4.5));
#11502 = VECTOR('',#11503,1.);
#11503 = DIRECTION('',(0.,0.,1.));
#11504 = PCURVE('',#2956,#11505);
#11505 = DEFINITIONAL_REPRESENTATION('',(#11506),#11510);
#11506 = LINE('',#11507,#11508);
#11507 = CARTESIAN_POINT('',(0.,-8.));
#11508 = VECTOR('',#11509,1.);
#11509 = DIRECTION('',(1.,0.));
#11510 = ( GEOMETRIC_REPRESENTATION_CONTEXT(2) 
PARAMETRIC_REPRESENTATION_CONTEXT() REPRESENTATION_CONTEXT('2D SPACE',''
  ) );
#11511 = PCURVE('',#3163,#11512);
#11512 = DEFINITIONAL_REPRESENTATION('',(#11513),#11517);
#11513 = LINE('',#11514,#11515);
#11514 = CARTESIAN_POINT('',(3.14159265359,0.));
#11515 = VECTOR('',#11516,1.);
#11516 = DIRECTION('',(0.,1.));
#11517 = ( GEOMETRIC_REPRESENTATION_CONTEXT(2) 
PARAMETRIC_REPRESENTATION_CONTEXT() REPRESENTATION_CONTEXT('2D SPACE',''
  ) );
#11518 = ORIENTED_EDGE('',*,*,#7308,.T.);
#11519 = ADVANCED_FACE('',(#11520),#3163,.F.);
#11520 = FACE_BOUND('',#11521,.F.);
#11521 = EDGE_LOOP('',(#11522,#11523,#11544,#11545));
#11522 = ORIENTED_EDGE('',*,*,#7478,.F.);
#11523 = ORIENTED_EDGE('',*,*,#11524,.F.);
#11524 = EDGE_CURVE('',#3119,#7458,#11525,.T.);
#11525 = SURFACE_CURVE('',#11526,(#11530,#11537),.PCURVE_S1.);
#11526 = LINE('',#11527,#11528);
#11527 = CARTESIAN_POINT('',(-0.5,-18.,4.5));
#11528 = VECTOR('',#11529,1.);
#11529 = DIRECTION('',(0.,0.,1.));
#11530 = PCURVE('',#3163,#11531);
#11531 = DEFINITIONAL_REPRESENTATION('',(#11532),#11536);
#11532 = LINE('',#11533,#11534);
#11533 = CARTESIAN_POINT('',(1.570796326795,0.));
#11534 = VECTOR('',#11535,1.);
#11535 = DIRECTION('',(0.,1.));
#11536 = ( GEOMETRIC_REPRESENTATION_CONTEXT(2) 
PARAMETRIC_REPRESENTATION_CONTEXT() REPRESENTATION_CONTEXT('2D SPACE',''
  ) );
#11537 = PCURVE('',#3133,#11538);
#11538 = DEFINITIONAL_REPRESENTATION('',(#11539),#11543);
#11539 = LINE('',#11540,#11541);
#11540 = CARTESIAN_POINT('',(0.,0.));
#11541 = VECTOR('',#11542,1.);
#11542 = DIRECTION('',(1.,0.));
#11543 = ( GEOMETRIC_REPRESENTATION_CONTEXT(2) 
PARAMETRIC_REPRESENTATION_CONTEXT() REPRESENTATION_CONTEXT('2D SPACE',''
  ) );
#11544 = ORIENTED_EDGE('',*,*,#3144,.T.);
#11545 = ORIENTED_EDGE('',*,*,#11498,.T.);
#11546 = ADVANCED_FACE('',(#11547),#2988,.F.);
#11547 = FACE_BOUND('',#11548,.F.);
#11548 = EDGE_LOOP('',(#11549,#11550,#11551,#11552));
#11549 = ORIENTED_EDGE('',*,*,#7331,.F.);
#11550 = ORIENTED_EDGE('',*,*,#11476,.F.);
#11551 = ORIENTED_EDGE('',*,*,#2967,.T.);
#11552 = ORIENTED_EDGE('',*,*,#11553,.T.);
#11553 = EDGE_CURVE('',#2968,#7332,#11554,.T.);
#11554 = SURFACE_CURVE('',#11555,(#11559,#11566),.PCURVE_S1.);
#11555 = LINE('',#11556,#11557);
#11556 = CARTESIAN_POINT('',(-0.5,-34.,4.5));
#11557 = VECTOR('',#11558,1.);
#11558 = DIRECTION('',(0.,0.,1.));
#11559 = PCURVE('',#2988,#11560);
#11560 = DEFINITIONAL_REPRESENTATION('',(#11561),#11565);
#11561 = LINE('',#11562,#11563);
#11562 = CARTESIAN_POINT('',(4.712388980385,0.));
#11563 = VECTOR('',#11564,1.);
#11564 = DIRECTION('',(0.,1.));
#11565 = ( GEOMETRIC_REPRESENTATION_CONTEXT(2) 
PARAMETRIC_REPRESENTATION_CONTEXT() REPRESENTATION_CONTEXT('2D SPACE',''
  ) );
#11566 = PCURVE('',#3015,#11567);
#11567 = DEFINITIONAL_REPRESENTATION('',(#11568),#11572);
#11568 = LINE('',#11569,#11570);
#11569 = CARTESIAN_POINT('',(0.,0.));
#11570 = VECTOR('',#11571,1.);
#11571 = DIRECTION('',(1.,0.));
#11572 = ( GEOMETRIC_REPRESENTATION_CONTEXT(2) 
PARAMETRIC_REPRESENTATION_CONTEXT() REPRESENTATION_CONTEXT('2D SPACE',''
  ) );
#11573 = ADVANCED_FACE('',(#11574),#3133,.F.);
#11574 = FACE_BOUND('',#11575,.F.);
#11575 = EDGE_LOOP('',(#11576,#11597,#11598,#11599));
#11576 = ORIENTED_EDGE('',*,*,#11577,.F.);
#11577 = EDGE_CURVE('',#3086,#7430,#11578,.T.);
#11578 = SURFACE_CURVE('',#11579,(#11583,#11590),.PCURVE_S1.);
#11579 = LINE('',#11580,#11581);
#11580 = CARTESIAN_POINT('',(0.5,-18.,4.5));
#11581 = VECTOR('',#11582,1.);
#11582 = DIRECTION('',(0.,0.,1.));
#11583 = PCURVE('',#3133,#11584);
#11584 = DEFINITIONAL_REPRESENTATION('',(#11585),#11589);
#11585 = LINE('',#11586,#11587);
#11586 = CARTESIAN_POINT('',(0.,1.));
#11587 = VECTOR('',#11588,1.);
#11588 = DIRECTION('',(1.,0.));
#11589 = ( GEOMETRIC_REPRESENTATION_CONTEXT(2) 
PARAMETRIC_REPRESENTATION_CONTEXT() REPRESENTATION_CONTEXT('2D SPACE',''
  ) );
#11590 = PCURVE('',#3106,#11591);
#11591 = DEFINITIONAL_REPRESENTATION('',(#11592),#11596);
#11592 = LINE('',#11593,#11594);
#11593 = CARTESIAN_POINT('',(1.570796326795,0.));
#11594 = VECTOR('',#11595,1.);
#11595 = DIRECTION('',(0.,1.));
#11596 = ( GEOMETRIC_REPRESENTATION_CONTEXT(2) 
PARAMETRIC_REPRESENTATION_CONTEXT() REPRESENTATION_CONTEXT('2D SPACE',''
  ) );
#11597 = ORIENTED_EDGE('',*,*,#3118,.F.);
#11598 = ORIENTED_EDGE('',*,*,#11524,.T.);
#11599 = ORIENTED_EDGE('',*,*,#7457,.T.);
#11600 = ADVANCED_FACE('',(#11601),#3015,.T.);
#11601 = FACE_BOUND('',#11602,.T.);
#11602 = EDGE_LOOP('',(#11603,#11624,#11625,#11626));
#11603 = ORIENTED_EDGE('',*,*,#11604,.F.);
#11604 = EDGE_CURVE('',#3001,#7360,#11605,.T.);
#11605 = SURFACE_CURVE('',#11606,(#11610,#11617),.PCURVE_S1.);
#11606 = LINE('',#11607,#11608);
#11607 = CARTESIAN_POINT('',(0.5,-34.,4.5));
#11608 = VECTOR('',#11609,1.);
#11609 = DIRECTION('',(0.,0.,1.));
#11610 = PCURVE('',#3015,#11611);
#11611 = DEFINITIONAL_REPRESENTATION('',(#11612),#11616);
#11612 = LINE('',#11613,#11614);
#11613 = CARTESIAN_POINT('',(0.,1.));
#11614 = VECTOR('',#11615,1.);
#11615 = DIRECTION('',(1.,0.));
#11616 = ( GEOMETRIC_REPRESENTATION_CONTEXT(2) 
PARAMETRIC_REPRESENTATION_CONTEXT() REPRESENTATION_CONTEXT('2D SPACE',''
  ) );
#11617 = PCURVE('',#3047,#11618);
#11618 = DEFINITIONAL_REPRESENTATION('',(#11619),#11623);
#11619 = LINE('',#11620,#11621);
#11620 = CARTESIAN_POINT('',(4.712388980385,0.));
#11621 = VECTOR('',#11622,1.);
#11622 = DIRECTION('',(0.,1.));
#11623 = ( GEOMETRIC_REPRESENTATION_CONTEXT(2) 
PARAMETRIC_REPRESENTATION_CONTEXT() REPRESENTATION_CONTEXT('2D SPACE',''
  ) );
#11624 = ORIENTED_EDGE('',*,*,#3000,.F.);
#11625 = ORIENTED_EDGE('',*,*,#11553,.T.);
#11626 = ORIENTED_EDGE('',*,*,#7359,.T.);
#11627 = ADVANCED_FACE('',(#11628),#3106,.F.);
#11628 = FACE_BOUND('',#11629,.F.);
#11629 = EDGE_LOOP('',(#11630,#11631,#11651,#11652));
#11630 = ORIENTED_EDGE('',*,*,#7429,.F.);
#11631 = ORIENTED_EDGE('',*,*,#11632,.F.);
#11632 = EDGE_CURVE('',#3060,#7409,#11633,.T.);
#11633 = SURFACE_CURVE('',#11634,(#11638,#11644),.PCURVE_S1.);
#11634 = LINE('',#11635,#11636);
#11635 = CARTESIAN_POINT('',(4.5,-22.,4.5));
#11636 = VECTOR('',#11637,1.);
#11637 = DIRECTION('',(0.,0.,1.));
#11638 = PCURVE('',#3106,#11639);
#11639 = DEFINITIONAL_REPRESENTATION('',(#11640),#11643);
#11640 = B_SPLINE_CURVE_WITH_KNOTS('',1,(#11641,#11642),.UNSPECIFIED.,
  .F.,.F.,(2,2),(0.,4.5),.PIECEWISE_BEZIER_KNOTS.);
#11641 = CARTESIAN_POINT('',(0.,0.));
#11642 = CARTESIAN_POINT('',(0.,4.5));
#11643 = ( GEOMETRIC_REPRESENTATION_CONTEXT(2) 
PARAMETRIC_REPRESENTATION_CONTEXT() REPRESENTATION_CONTEXT('2D SPACE',''
  ) );
#11644 = PCURVE('',#3074,#11645);
#11645 = DEFINITIONAL_REPRESENTATION('',(#11646),#11650);
#11646 = LINE('',#11647,#11648);
#11647 = CARTESIAN_POINT('',(0.,-8.));
#11648 = VECTOR('',#11649,1.);
#11649 = DIRECTION('',(1.,0.));
#11650 = ( GEOMETRIC_REPRESENTATION_CONTEXT(2) 
PARAMETRIC_REPRESENTATION_CONTEXT() REPRESENTATION_CONTEXT('2D SPACE',''
  ) );
#11651 = ORIENTED_EDGE('',*,*,#3085,.T.);
#11652 = ORIENTED_EDGE('',*,*,#11577,.T.);
#11653 = ADVANCED_FACE('',(#11654),#3047,.F.);
#11654 = FACE_BOUND('',#11655,.F.);
#11655 = EDGE_LOOP('',(#11656,#11657,#11658,#11659));
#11656 = ORIENTED_EDGE('',*,*,#7380,.F.);
#11657 = ORIENTED_EDGE('',*,*,#11604,.F.);
#11658 = ORIENTED_EDGE('',*,*,#3026,.T.);
#11659 = ORIENTED_EDGE('',*,*,#11660,.T.);
#11660 = EDGE_CURVE('',#3027,#7381,#11661,.T.);
#11661 = SURFACE_CURVE('',#11662,(#11666,#11672),.PCURVE_S1.);
#11662 = LINE('',#11663,#11664);
#11663 = CARTESIAN_POINT('',(4.5,-30.,4.5));
#11664 = VECTOR('',#11665,1.);
#11665 = DIRECTION('',(0.,0.,1.));
#11666 = PCURVE('',#3047,#11667);
#11667 = DEFINITIONAL_REPRESENTATION('',(#11668),#11671);
#11668 = B_SPLINE_CURVE_WITH_KNOTS('',1,(#11669,#11670),.UNSPECIFIED.,
  .F.,.F.,(2,2),(0.,4.5),.PIECEWISE_BEZIER_KNOTS.);
#11669 = CARTESIAN_POINT('',(6.28318530718,0.));
#11670 = CARTESIAN_POINT('',(6.28318530718,4.5));
#11671 = ( GEOMETRIC_REPRESENTATION_CONTEXT(2) 
PARAMETRIC_REPRESENTATION_CONTEXT() REPRESENTATION_CONTEXT('2D SPACE',''
  ) );
#11672 = PCURVE('',#3074,#11673);
#11673 = DEFINITIONAL_REPRESENTATION('',(#11674),#11678);
#11674 = LINE('',#11675,#11676);
#11675 = CARTESIAN_POINT('',(0.,0.));
#11676 = VECTOR('',#11677,1.);
#11677 = DIRECTION('',(1.,0.));
#11678 = ( GEOMETRIC_REPRESENTATION_CONTEXT(2) 
PARAMETRIC_REPRESENTATION_CONTEXT() REPRESENTATION_CONTEXT('2D SPACE',''
  ) );
#11679 = ADVANCED_FACE('',(#11680),#3074,.F.);
#11680 = FACE_BOUND('',#11681,.F.);
#11681 = EDGE_LOOP('',(#11682,#11683,#11684,#11685));
#11682 = ORIENTED_EDGE('',*,*,#11660,.F.);
#11683 = ORIENTED_EDGE('',*,*,#3059,.F.);
#11684 = ORIENTED_EDGE('',*,*,#11632,.T.);
#11685 = ORIENTED_EDGE('',*,*,#7408,.T.);
#11686 = ADVANCED_FACE('',(#11687),#3200,.F.);
#11687 = FACE_BOUND('',#11688,.F.);
#11688 = EDGE_LOOP('',(#11689,#11708,#11709,#11728));
#11689 = ORIENTED_EDGE('',*,*,#11690,.F.);
#11690 = EDGE_CURVE('',#3178,#7507,#11691,.T.);
#11691 = SURFACE_CURVE('',#11692,(#11696,#11702),.PCURVE_S1.);
#11692 = LINE('',#11693,#11694);
#11693 = CARTESIAN_POINT('',(-17.,-9.559836127877,4.5));
#11694 = VECTOR('',#11695,1.);
#11695 = DIRECTION('',(0.,0.,1.));
#11696 = PCURVE('',#3200,#11697);
#11697 = DEFINITIONAL_REPRESENTATION('',(#11698),#11701);
#11698 = B_SPLINE_CURVE_WITH_KNOTS('',1,(#11699,#11700),.UNSPECIFIED.,
  .F.,.F.,(2,2),(0.75,3.75),.PIECEWISE_BEZIER_KNOTS.);
#11699 = CARTESIAN_POINT('',(2.461918834682,0.75));
#11700 = CARTESIAN_POINT('',(2.461918834682,3.75));
#11701 = ( GEOMETRIC_REPRESENTATION_CONTEXT(2) 
PARAMETRIC_REPRESENTATION_CONTEXT() REPRESENTATION_CONTEXT('2D SPACE',''
  ) );
#11702 = PCURVE('',#3527,#11703);
#11703 = DEFINITIONAL_REPRESENTATION('',(#11704),#11707);
#11704 = B_SPLINE_CURVE_WITH_KNOTS('',1,(#11705,#11706),.UNSPECIFIED.,
  .F.,.F.,(2,2),(0.75,3.75),.PIECEWISE_BEZIER_KNOTS.);
#11705 = CARTESIAN_POINT('',(0.75,-8.940164872123));
#11706 = CARTESIAN_POINT('',(3.75,-8.940164872123));
#11707 = ( GEOMETRIC_REPRESENTATION_CONTEXT(2) 
PARAMETRIC_REPRESENTATION_CONTEXT() REPRESENTATION_CONTEXT('2D SPACE',''
  ) );
#11708 = ORIENTED_EDGE('',*,*,#3177,.T.);
#11709 = ORIENTED_EDGE('',*,*,#11710,.T.);
#11710 = EDGE_CURVE('',#3180,#7509,#11711,.T.);
#11711 = SURFACE_CURVE('',#11712,(#11716,#11722),.PCURVE_S1.);
#11712 = LINE('',#11713,#11714);
#11713 = CARTESIAN_POINT('',(-17.,-11.44545421104,4.5));
#11714 = VECTOR('',#11715,1.);
#11715 = DIRECTION('',(0.,0.,1.));
#11716 = PCURVE('',#3200,#11717);
#11717 = DEFINITIONAL_REPRESENTATION('',(#11718),#11721);
#11718 = B_SPLINE_CURVE_WITH_KNOTS('',1,(#11719,#11720),.UNSPECIFIED.,
  .F.,.F.,(2,2),(0.75,3.75),.PIECEWISE_BEZIER_KNOTS.);
#11719 = CARTESIAN_POINT('',(3.821266472498,0.75));
#11720 = CARTESIAN_POINT('',(3.821266472498,3.75));
#11721 = ( GEOMETRIC_REPRESENTATION_CONTEXT(2) 
PARAMETRIC_REPRESENTATION_CONTEXT() REPRESENTATION_CONTEXT('2D SPACE',''
  ) );
#11722 = PCURVE('',#3227,#11723);
#11723 = DEFINITIONAL_REPRESENTATION('',(#11724),#11727);
#11724 = B_SPLINE_CURVE_WITH_KNOTS('',1,(#11725,#11726),.UNSPECIFIED.,
  .F.,.F.,(2,2),(0.75,3.75),.PIECEWISE_BEZIER_KNOTS.);
#11725 = CARTESIAN_POINT('',(0.75,-7.054546788959));
#11726 = CARTESIAN_POINT('',(3.75,-7.054546788959));
#11727 = ( GEOMETRIC_REPRESENTATION_CONTEXT(2) 
PARAMETRIC_REPRESENTATION_CONTEXT() REPRESENTATION_CONTEXT('2D SPACE',''
  ) );
#11728 = ORIENTED_EDGE('',*,*,#7506,.F.);
#11729 = ADVANCED_FACE('',(#11730),#3527,.T.);
#11730 = FACE_BOUND('',#11731,.T.);
#11731 = EDGE_LOOP('',(#11732,#11733,#11734,#11755));
#11732 = ORIENTED_EDGE('',*,*,#11690,.F.);
#11733 = ORIENTED_EDGE('',*,*,#3514,.F.);
#11734 = ORIENTED_EDGE('',*,*,#11735,.T.);
#11735 = EDGE_CURVE('',#3482,#7761,#11736,.T.);
#11736 = SURFACE_CURVE('',#11737,(#11741,#11748),.PCURVE_S1.);
#11737 = LINE('',#11738,#11739);
#11738 = CARTESIAN_POINT('',(-17.,-9.499999,4.5));
#11739 = VECTOR('',#11740,1.);
#11740 = DIRECTION('',(0.,0.,1.));
#11741 = PCURVE('',#3527,#11742);
#11742 = DEFINITIONAL_REPRESENTATION('',(#11743),#11747);
#11743 = LINE('',#11744,#11745);
#11744 = CARTESIAN_POINT('',(0.,-9.000002));
#11745 = VECTOR('',#11746,1.);
#11746 = DIRECTION('',(1.,0.));
#11747 = ( GEOMETRIC_REPRESENTATION_CONTEXT(2) 
PARAMETRIC_REPRESENTATION_CONTEXT() REPRESENTATION_CONTEXT('2D SPACE',''
  ) );
#11748 = PCURVE('',#3502,#11749);
#11749 = DEFINITIONAL_REPRESENTATION('',(#11750),#11754);
#11750 = LINE('',#11751,#11752);
#11751 = CARTESIAN_POINT('',(3.14159265359,0.));
#11752 = VECTOR('',#11753,1.);
#11753 = DIRECTION('',(0.,1.));
#11754 = ( GEOMETRIC_REPRESENTATION_CONTEXT(2) 
PARAMETRIC_REPRESENTATION_CONTEXT() REPRESENTATION_CONTEXT('2D SPACE',''
  ) );
#11755 = ORIENTED_EDGE('',*,*,#7788,.T.);
#11756 = ADVANCED_FACE('',(#11757),#3227,.T.);
#11757 = FACE_BOUND('',#11758,.T.);
#11758 = EDGE_LOOP('',(#11759,#11780,#11781,#11782));
#11759 = ORIENTED_EDGE('',*,*,#11760,.F.);
#11760 = EDGE_CURVE('',#3213,#7537,#11761,.T.);
#11761 = SURFACE_CURVE('',#11762,(#11766,#11773),.PCURVE_S1.);
#11762 = LINE('',#11763,#11764);
#11763 = CARTESIAN_POINT('',(-17.,-18.500001,4.5));
#11764 = VECTOR('',#11765,1.);
#11765 = DIRECTION('',(0.,0.,1.));
#11766 = PCURVE('',#3227,#11767);
#11767 = DEFINITIONAL_REPRESENTATION('',(#11768),#11772);
#11768 = LINE('',#11769,#11770);
#11769 = CARTESIAN_POINT('',(0.,0.));
#11770 = VECTOR('',#11771,1.);
#11771 = DIRECTION('',(1.,0.));
#11772 = ( GEOMETRIC_REPRESENTATION_CONTEXT(2) 
PARAMETRIC_REPRESENTATION_CONTEXT() REPRESENTATION_CONTEXT('2D SPACE',''
  ) );
#11773 = PCURVE('',#3259,#11774);
#11774 = DEFINITIONAL_REPRESENTATION('',(#11775),#11779);
#11775 = LINE('',#11776,#11777);
#11776 = CARTESIAN_POINT('',(3.14159265359,0.));
#11777 = VECTOR('',#11778,1.);
#11778 = DIRECTION('',(0.,1.));
#11779 = ( GEOMETRIC_REPRESENTATION_CONTEXT(2) 
PARAMETRIC_REPRESENTATION_CONTEXT() REPRESENTATION_CONTEXT('2D SPACE',''
  ) );
#11780 = ORIENTED_EDGE('',*,*,#3212,.F.);
#11781 = ORIENTED_EDGE('',*,*,#11710,.T.);
#11782 = ORIENTED_EDGE('',*,*,#7536,.T.);
#11783 = ADVANCED_FACE('',(#11784),#3502,.F.);
#11784 = FACE_BOUND('',#11785,.F.);
#11785 = EDGE_LOOP('',(#11786,#11787,#11808,#11809));
#11786 = ORIENTED_EDGE('',*,*,#7760,.F.);
#11787 = ORIENTED_EDGE('',*,*,#11788,.F.);
#11788 = EDGE_CURVE('',#3456,#7740,#11789,.T.);
#11789 = SURFACE_CURVE('',#11790,(#11794,#11801),.PCURVE_S1.);
#11790 = LINE('',#11791,#11792);
#11791 = CARTESIAN_POINT('',(-14.000001,-6.5,4.5));
#11792 = VECTOR('',#11793,1.);
#11793 = DIRECTION('',(0.,0.,1.));
#11794 = PCURVE('',#3502,#11795);
#11795 = DEFINITIONAL_REPRESENTATION('',(#11796),#11800);
#11796 = LINE('',#11797,#11798);
#11797 = CARTESIAN_POINT('',(1.570796326795,0.));
#11798 = VECTOR('',#11799,1.);
#11799 = DIRECTION('',(0.,1.));
#11800 = ( GEOMETRIC_REPRESENTATION_CONTEXT(2) 
PARAMETRIC_REPRESENTATION_CONTEXT() REPRESENTATION_CONTEXT('2D SPACE',''
  ) );
#11801 = PCURVE('',#3470,#11802);
#11802 = DEFINITIONAL_REPRESENTATION('',(#11803),#11807);
#11803 = LINE('',#11804,#11805);
#11804 = CARTESIAN_POINT('',(0.,0.));
#11805 = VECTOR('',#11806,1.);
#11806 = DIRECTION('',(1.,0.));
#11807 = ( GEOMETRIC_REPRESENTATION_CONTEXT(2) 
PARAMETRIC_REPRESENTATION_CONTEXT() REPRESENTATION_CONTEXT('2D SPACE',''
  ) );
#11808 = ORIENTED_EDGE('',*,*,#3481,.T.);
#11809 = ORIENTED_EDGE('',*,*,#11735,.T.);
#11810 = ADVANCED_FACE('',(#11811),#3259,.F.);
#11811 = FACE_BOUND('',#11812,.F.);
#11812 = EDGE_LOOP('',(#11813,#11814,#11815,#11816));
#11813 = ORIENTED_EDGE('',*,*,#7557,.F.);
#11814 = ORIENTED_EDGE('',*,*,#11760,.F.);
#11815 = ORIENTED_EDGE('',*,*,#3238,.T.);
#11816 = ORIENTED_EDGE('',*,*,#11817,.T.);
#11817 = EDGE_CURVE('',#3239,#7558,#11818,.T.);
#11818 = SURFACE_CURVE('',#11819,(#11823,#11830),.PCURVE_S1.);
#11819 = LINE('',#11820,#11821);
#11820 = CARTESIAN_POINT('',(-14.000001,-21.5,4.5));
#11821 = VECTOR('',#11822,1.);
#11822 = DIRECTION('',(0.,0.,1.));
#11823 = PCURVE('',#3259,#11824);
#11824 = DEFINITIONAL_REPRESENTATION('',(#11825),#11829);
#11825 = LINE('',#11826,#11827);
#11826 = CARTESIAN_POINT('',(4.712388980385,0.));
#11827 = VECTOR('',#11828,1.);
#11828 = DIRECTION('',(0.,1.));
#11829 = ( GEOMETRIC_REPRESENTATION_CONTEXT(2) 
PARAMETRIC_REPRESENTATION_CONTEXT() REPRESENTATION_CONTEXT('2D SPACE',''
  ) );
#11830 = PCURVE('',#3286,#11831);
#11831 = DEFINITIONAL_REPRESENTATION('',(#11832),#11836);
#11832 = LINE('',#11833,#11834);
#11833 = CARTESIAN_POINT('',(0.,0.));
#11834 = VECTOR('',#11835,1.);
#11835 = DIRECTION('',(1.,0.));
#11836 = ( GEOMETRIC_REPRESENTATION_CONTEXT(2) 
PARAMETRIC_REPRESENTATION_CONTEXT() REPRESENTATION_CONTEXT('2D SPACE',''
  ) );
#11837 = ADVANCED_FACE('',(#11838),#3470,.F.);
#11838 = FACE_BOUND('',#11839,.F.);
#11839 = EDGE_LOOP('',(#11840,#11861,#11862,#11863));
#11840 = ORIENTED_EDGE('',*,*,#11841,.F.);
#11841 = EDGE_CURVE('',#3423,#7712,#11842,.T.);
#11842 = SURFACE_CURVE('',#11843,(#11847,#11854),.PCURVE_S1.);
#11843 = LINE('',#11844,#11845);
#11844 = CARTESIAN_POINT('',(-13.999999,-6.5,4.5));
#11845 = VECTOR('',#11846,1.);
#11846 = DIRECTION('',(0.,0.,1.));
#11847 = PCURVE('',#3470,#11848);
#11848 = DEFINITIONAL_REPRESENTATION('',(#11849),#11853);
#11849 = LINE('',#11850,#11851);
#11850 = CARTESIAN_POINT('',(0.,2.00000000028E-06));
#11851 = VECTOR('',#11852,1.);
#11852 = DIRECTION('',(1.,0.));
#11853 = ( GEOMETRIC_REPRESENTATION_CONTEXT(2) 
PARAMETRIC_REPRESENTATION_CONTEXT() REPRESENTATION_CONTEXT('2D SPACE',''
  ) );
#11854 = PCURVE('',#3443,#11855);
#11855 = DEFINITIONAL_REPRESENTATION('',(#11856),#11860);
#11856 = LINE('',#11857,#11858);
#11857 = CARTESIAN_POINT('',(1.570796326795,0.));
#11858 = VECTOR('',#11859,1.);
#11859 = DIRECTION('',(0.,1.));
#11860 = ( GEOMETRIC_REPRESENTATION_CONTEXT(2) 
PARAMETRIC_REPRESENTATION_CONTEXT() REPRESENTATION_CONTEXT('2D SPACE',''
  ) );
#11861 = ORIENTED_EDGE('',*,*,#3455,.F.);
#11862 = ORIENTED_EDGE('',*,*,#11788,.T.);
#11863 = ORIENTED_EDGE('',*,*,#7739,.T.);
#11864 = ADVANCED_FACE('',(#11865),#3286,.T.);
#11865 = FACE_BOUND('',#11866,.T.);
#11866 = EDGE_LOOP('',(#11867,#11888,#11889,#11890));
#11867 = ORIENTED_EDGE('',*,*,#11868,.F.);
#11868 = EDGE_CURVE('',#3272,#7586,#11869,.T.);
#11869 = SURFACE_CURVE('',#11870,(#11874,#11881),.PCURVE_S1.);
#11870 = LINE('',#11871,#11872);
#11871 = CARTESIAN_POINT('',(-13.999999,-21.5,4.5));
#11872 = VECTOR('',#11873,1.);
#11873 = DIRECTION('',(0.,0.,1.));
#11874 = PCURVE('',#3286,#11875);
#11875 = DEFINITIONAL_REPRESENTATION('',(#11876),#11880);
#11876 = LINE('',#11877,#11878);
#11877 = CARTESIAN_POINT('',(0.,2.00000000028E-06));
#11878 = VECTOR('',#11879,1.);
#11879 = DIRECTION('',(1.,0.));
#11880 = ( GEOMETRIC_REPRESENTATION_CONTEXT(2) 
PARAMETRIC_REPRESENTATION_CONTEXT() REPRESENTATION_CONTEXT('2D SPACE',''
  ) );
#11881 = PCURVE('',#3318,#11882);
#11882 = DEFINITIONAL_REPRESENTATION('',(#11883),#11887);
#11883 = LINE('',#11884,#11885);
#11884 = CARTESIAN_POINT('',(4.712388980385,0.));
#11885 = VECTOR('',#11886,1.);
#11886 = DIRECTION('',(0.,1.));
#11887 = ( GEOMETRIC_REPRESENTATION_CONTEXT(2) 
PARAMETRIC_REPRESENTATION_CONTEXT() REPRESENTATION_CONTEXT('2D SPACE',''
  ) );
#11888 = ORIENTED_EDGE('',*,*,#3271,.F.);
#11889 = ORIENTED_EDGE('',*,*,#11817,.T.);
#11890 = ORIENTED_EDGE('',*,*,#7585,.T.);
#11891 = ADVANCED_FACE('',(#11892),#3443,.F.);
#11892 = FACE_BOUND('',#11893,.F.);
#11893 = EDGE_LOOP('',(#11894,#11895,#11914,#11915));
#11894 = ORIENTED_EDGE('',*,*,#7711,.F.);
#11895 = ORIENTED_EDGE('',*,*,#11896,.F.);
#11896 = EDGE_CURVE('',#3390,#7684,#11897,.T.);
#11897 = SURFACE_CURVE('',#11898,(#11902,#11908),.PCURVE_S1.);
#11898 = LINE('',#11899,#11900);
#11899 = CARTESIAN_POINT('',(-11.0541027033,-8.932822652558,4.5));
#11900 = VECTOR('',#11901,1.);
#11901 = DIRECTION('',(0.,0.,1.));
#11902 = PCURVE('',#3443,#11903);
#11903 = DEFINITIONAL_REPRESENTATION('',(#11904),#11907);
#11904 = B_SPLINE_CURVE_WITH_KNOTS('',1,(#11905,#11906),.UNSPECIFIED.,
  .F.,.F.,(2,2),(0.9999994,3.5000006),.PIECEWISE_BEZIER_KNOTS.);
#11905 = CARTESIAN_POINT('',(0.190203618715,0.9999994));
#11906 = CARTESIAN_POINT('',(0.190203618715,3.5000006));
#11907 = ( GEOMETRIC_REPRESENTATION_CONTEXT(2) 
PARAMETRIC_REPRESENTATION_CONTEXT() REPRESENTATION_CONTEXT('2D SPACE',''
  ) );
#11908 = PCURVE('',#3410,#11909);
#11909 = DEFINITIONAL_REPRESENTATION('',(#11910),#11913);
#11910 = B_SPLINE_CURVE_WITH_KNOTS('',1,(#11911,#11912),.UNSPECIFIED.,
  .F.,.F.,(2,2),(0.9999994,3.5000006),.PIECEWISE_BEZIER_KNOTS.);
#11911 = CARTESIAN_POINT('',(2.350031004813,0.9999994));
#11912 = CARTESIAN_POINT('',(2.350031004813,3.5000006));
#11913 = ( GEOMETRIC_REPRESENTATION_CONTEXT(2) 
PARAMETRIC_REPRESENTATION_CONTEXT() REPRESENTATION_CONTEXT('2D SPACE',''
  ) );
#11914 = ORIENTED_EDGE('',*,*,#3422,.T.);
#11915 = ORIENTED_EDGE('',*,*,#11841,.T.);
#11916 = ADVANCED_FACE('',(#11917),#3318,.F.);
#11917 = FACE_BOUND('',#11918,.F.);
#11918 = EDGE_LOOP('',(#11919,#11920,#11921,#11922));
#11919 = ORIENTED_EDGE('',*,*,#7606,.F.);
#11920 = ORIENTED_EDGE('',*,*,#11868,.F.);
#11921 = ORIENTED_EDGE('',*,*,#3297,.T.);
#11922 = ORIENTED_EDGE('',*,*,#11923,.T.);
#11923 = EDGE_CURVE('',#3298,#7607,#11924,.T.);
#11924 = SURFACE_CURVE('',#11925,(#11929,#11935),.PCURVE_S1.);
#11925 = LINE('',#11926,#11927);
#11926 = CARTESIAN_POINT('',(-11.,-18.500001,4.5));
#11927 = VECTOR('',#11928,1.);
#11928 = DIRECTION('',(0.,0.,1.));
#11929 = PCURVE('',#3318,#11930);
#11930 = DEFINITIONAL_REPRESENTATION('',(#11931),#11934);
#11931 = B_SPLINE_CURVE_WITH_KNOTS('',1,(#11932,#11933),.UNSPECIFIED.,
  .F.,.F.,(2,2),(0.,4.5),.PIECEWISE_BEZIER_KNOTS.);
#11932 = CARTESIAN_POINT('',(6.28318530718,0.));
#11933 = CARTESIAN_POINT('',(6.28318530718,4.5));
#11934 = ( GEOMETRIC_REPRESENTATION_CONTEXT(2) 
PARAMETRIC_REPRESENTATION_CONTEXT() REPRESENTATION_CONTEXT('2D SPACE',''
  ) );
#11935 = PCURVE('',#3345,#11936);
#11936 = DEFINITIONAL_REPRESENTATION('',(#11937),#11941);
#11937 = LINE('',#11938,#11939);
#11938 = CARTESIAN_POINT('',(0.,0.));
#11939 = VECTOR('',#11940,1.);
#11940 = DIRECTION('',(1.,0.));
#11941 = ( GEOMETRIC_REPRESENTATION_CONTEXT(2) 
PARAMETRIC_REPRESENTATION_CONTEXT() REPRESENTATION_CONTEXT('2D SPACE',''
  ) );
#11942 = ADVANCED_FACE('',(#11943),#3410,.F.);
#11943 = FACE_BOUND('',#11944,.F.);
#11944 = EDGE_LOOP('',(#11945,#11946,#11967,#11968));
#11945 = ORIENTED_EDGE('',*,*,#7683,.F.);
#11946 = ORIENTED_EDGE('',*,*,#11947,.F.);
#11947 = EDGE_CURVE('',#3357,#7656,#11948,.T.);
#11948 = SURFACE_CURVE('',#11949,(#11953,#11960),.PCURVE_S1.);
#11949 = LINE('',#11950,#11951);
#11950 = CARTESIAN_POINT('',(-8.5,-10.,4.5));
#11951 = VECTOR('',#11952,1.);
#11952 = DIRECTION('',(0.,0.,1.));
#11953 = PCURVE('',#3410,#11954);
#11954 = DEFINITIONAL_REPRESENTATION('',(#11955),#11959);
#11955 = LINE('',#11956,#11957);
#11956 = CARTESIAN_POINT('',(0.,-0.));
#11957 = VECTOR('',#11958,1.);
#11958 = DIRECTION('',(0.,1.));
#11959 = ( GEOMETRIC_REPRESENTATION_CONTEXT(2) 
PARAMETRIC_REPRESENTATION_CONTEXT() REPRESENTATION_CONTEXT('2D SPACE',''
  ) );
#11960 = PCURVE('',#3377,#11961);
#11961 = DEFINITIONAL_REPRESENTATION('',(#11962),#11966);
#11962 = LINE('',#11963,#11964);
#11963 = CARTESIAN_POINT('',(6.28318530718,-0.));
#11964 = VECTOR('',#11965,1.);
#11965 = DIRECTION('',(0.,1.));
#11966 = ( GEOMETRIC_REPRESENTATION_CONTEXT(2) 
PARAMETRIC_REPRESENTATION_CONTEXT() REPRESENTATION_CONTEXT('2D SPACE',''
  ) );
#11967 = ORIENTED_EDGE('',*,*,#3389,.T.);
#11968 = ORIENTED_EDGE('',*,*,#11896,.T.);
#11969 = ADVANCED_FACE('',(#11970),#3345,.F.);
#11970 = FACE_BOUND('',#11971,.F.);
#11971 = EDGE_LOOP('',(#11972,#11973,#11974,#11993));
#11972 = ORIENTED_EDGE('',*,*,#11923,.F.);
#11973 = ORIENTED_EDGE('',*,*,#3330,.F.);
#11974 = ORIENTED_EDGE('',*,*,#11975,.T.);
#11975 = EDGE_CURVE('',#3331,#7635,#11976,.T.);
#11976 = SURFACE_CURVE('',#11977,(#11981,#11987),.PCURVE_S1.);
#11977 = LINE('',#11978,#11979);
#11978 = CARTESIAN_POINT('',(-11.,-11.11803398875,4.5));
#11979 = VECTOR('',#11980,1.);
#11980 = DIRECTION('',(0.,0.,1.));
#11981 = PCURVE('',#3345,#11982);
#11982 = DEFINITIONAL_REPRESENTATION('',(#11983),#11986);
#11983 = B_SPLINE_CURVE_WITH_KNOTS('',1,(#11984,#11985),.UNSPECIFIED.,
  .F.,.F.,(2,2),(0.75,3.75),.PIECEWISE_BEZIER_KNOTS.);
#11984 = CARTESIAN_POINT('',(0.75,-7.38196701125));
#11985 = CARTESIAN_POINT('',(3.75,-7.38196701125));
#11986 = ( GEOMETRIC_REPRESENTATION_CONTEXT(2) 
PARAMETRIC_REPRESENTATION_CONTEXT() REPRESENTATION_CONTEXT('2D SPACE',''
  ) );
#11987 = PCURVE('',#3377,#11988);
#11988 = DEFINITIONAL_REPRESENTATION('',(#11989),#11992);
#11989 = B_SPLINE_CURVE_WITH_KNOTS('',1,(#11990,#11991),.UNSPECIFIED.,
  .F.,.F.,(2,2),(0.75,3.75),.PIECEWISE_BEZIER_KNOTS.);
#11990 = CARTESIAN_POINT('',(3.982661324158,0.75));
#11991 = CARTESIAN_POINT('',(3.982661324158,3.75));
#11992 = ( GEOMETRIC_REPRESENTATION_CONTEXT(2) 
PARAMETRIC_REPRESENTATION_CONTEXT() REPRESENTATION_CONTEXT('2D SPACE',''
  ) );
#11993 = ORIENTED_EDGE('',*,*,#7634,.T.);
#11994 = ADVANCED_FACE('',(#11995),#3377,.F.);
#11995 = FACE_BOUND('',#11996,.F.);
#11996 = EDGE_LOOP('',(#11997,#11998,#11999,#12000));
#11997 = ORIENTED_EDGE('',*,*,#11947,.T.);
#11998 = ORIENTED_EDGE('',*,*,#7655,.F.);
#11999 = ORIENTED_EDGE('',*,*,#11975,.F.);
#12000 = ORIENTED_EDGE('',*,*,#3356,.T.);
#12001 = ADVANCED_FACE('',(#12002),#3561,.F.);
#12002 = FACE_BOUND('',#12003,.F.);
#12003 = EDGE_LOOP('',(#12004,#12005,#12026,#12027));
#12004 = ORIENTED_EDGE('',*,*,#7809,.F.);
#12005 = ORIENTED_EDGE('',*,*,#12006,.F.);
#12006 = EDGE_CURVE('',#3541,#7810,#12007,.T.);
#12007 = SEAM_CURVE('',#12008,(#12012,#12019),.PCURVE_S1.);
#12008 = LINE('',#12009,#12010);
#12009 = CARTESIAN_POINT('',(-19.33333333333,-13.81926995981,4.5));
#12010 = VECTOR('',#12011,1.);
#12011 = DIRECTION('',(0.,0.,1.));
#12012 = PCURVE('',#3561,#12013);
#12013 = DEFINITIONAL_REPRESENTATION('',(#12014),#12018);
#12014 = LINE('',#12015,#12016);
#12015 = CARTESIAN_POINT('',(6.28318530718,-0.));
#12016 = VECTOR('',#12017,1.);
#12017 = DIRECTION('',(0.,1.));
#12018 = ( GEOMETRIC_REPRESENTATION_CONTEXT(2) 
PARAMETRIC_REPRESENTATION_CONTEXT() REPRESENTATION_CONTEXT('2D SPACE',''
  ) );
#12019 = PCURVE('',#3561,#12020);
#12020 = DEFINITIONAL_REPRESENTATION('',(#12021),#12025);
#12021 = LINE('',#12022,#12023);
#12022 = CARTESIAN_POINT('',(0.,-0.));
#12023 = VECTOR('',#12024,1.);
#12024 = DIRECTION('',(0.,1.));
#12025 = ( GEOMETRIC_REPRESENTATION_CONTEXT(2) 
PARAMETRIC_REPRESENTATION_CONTEXT() REPRESENTATION_CONTEXT('2D SPACE',''
  ) );
#12026 = ORIENTED_EDGE('',*,*,#3540,.T.);
#12027 = ORIENTED_EDGE('',*,*,#12006,.T.);
#12028 = ADVANCED_FACE('',(#12029),#3596,.F.);
#12029 = FACE_BOUND('',#12030,.F.);
#12030 = EDGE_LOOP('',(#12031,#12032,#12053,#12054));
#12031 = ORIENTED_EDGE('',*,*,#7839,.F.);
#12032 = ORIENTED_EDGE('',*,*,#12033,.F.);
#12033 = EDGE_CURVE('',#3576,#7840,#12034,.T.);
#12034 = SEAM_CURVE('',#12035,(#12039,#12046),.PCURVE_S1.);
#12035 = LINE('',#12036,#12037);
#12036 = CARTESIAN_POINT('',(22.333333333333,13.819269959814,4.5));
#12037 = VECTOR('',#12038,1.);
#12038 = DIRECTION('',(0.,0.,1.));
#12039 = PCURVE('',#3596,#12040);
#12040 = DEFINITIONAL_REPRESENTATION('',(#12041),#12045);
#12041 = LINE('',#12042,#12043);
#12042 = CARTESIAN_POINT('',(6.28318530718,-0.));
#12043 = VECTOR('',#12044,1.);
#12044 = DIRECTION('',(0.,1.));
#12045 = ( GEOMETRIC_REPRESENTATION_CONTEXT(2) 
PARAMETRIC_REPRESENTATION_CONTEXT() REPRESENTATION_CONTEXT('2D SPACE',''
  ) );
#12046 = PCURVE('',#3596,#12047);
#12047 = DEFINITIONAL_REPRESENTATION('',(#12048),#12052);
#12048 = LINE('',#12049,#12050);
#12049 = CARTESIAN_POINT('',(0.,-0.));
#12050 = VECTOR('',#12051,1.);
#12051 = DIRECTION('',(0.,1.));
#12052 = ( GEOMETRIC_REPRESENTATION_CONTEXT(2) 
PARAMETRIC_REPRESENTATION_CONTEXT() REPRESENTATION_CONTEXT('2D SPACE',''
  ) );
#12053 = ORIENTED_EDGE('',*,*,#3575,.T.);
#12054 = ORIENTED_EDGE('',*,*,#12033,.T.);
#12055 = ADVANCED_FACE('',(#12056),#3633,.F.);
#12056 = FACE_BOUND('',#12057,.F.);
#12057 = EDGE_LOOP('',(#12058,#12059,#12080,#12081));
#12058 = ORIENTED_EDGE('',*,*,#7869,.F.);
#12059 = ORIENTED_EDGE('',*,*,#12060,.F.);
#12060 = EDGE_CURVE('',#3611,#7870,#12061,.T.);
#12061 = SURFACE_CURVE('',#12062,(#12066,#12073),.PCURVE_S1.);
#12062 = LINE('',#12063,#12064);
#12063 = CARTESIAN_POINT('',(13.999999,21.5,4.5));
#12064 = VECTOR('',#12065,1.);
#12065 = DIRECTION('',(0.,0.,1.));
#12066 = PCURVE('',#3633,#12067);
#12067 = DEFINITIONAL_REPRESENTATION('',(#12068),#12072);
#12068 = LINE('',#12069,#12070);
#12069 = CARTESIAN_POINT('',(1.570796326795,0.));
#12070 = VECTOR('',#12071,1.);
#12071 = DIRECTION('',(0.,1.));
#12072 = ( GEOMETRIC_REPRESENTATION_CONTEXT(2) 
PARAMETRIC_REPRESENTATION_CONTEXT() REPRESENTATION_CONTEXT('2D SPACE',''
  ) );
#12073 = PCURVE('',#3960,#12074);
#12074 = DEFINITIONAL_REPRESENTATION('',(#12075),#12079);
#12075 = LINE('',#12076,#12077);
#12076 = CARTESIAN_POINT('',(0.,0.));
#12077 = VECTOR('',#12078,1.);
#12078 = DIRECTION('',(1.,0.));
#12079 = ( GEOMETRIC_REPRESENTATION_CONTEXT(2) 
PARAMETRIC_REPRESENTATION_CONTEXT() REPRESENTATION_CONTEXT('2D SPACE',''
  ) );
#12080 = ORIENTED_EDGE('',*,*,#3610,.T.);
#12081 = ORIENTED_EDGE('',*,*,#12082,.T.);
#12082 = EDGE_CURVE('',#3613,#7872,#12083,.T.);
#12083 = SURFACE_CURVE('',#12084,(#12088,#12095),.PCURVE_S1.);
#12084 = LINE('',#12085,#12086);
#12085 = CARTESIAN_POINT('',(11.,18.500001,4.5));
#12086 = VECTOR('',#12087,1.);
#12087 = DIRECTION('',(0.,0.,1.));
#12088 = PCURVE('',#3633,#12089);
#12089 = DEFINITIONAL_REPRESENTATION('',(#12090),#12094);
#12090 = LINE('',#12091,#12092);
#12091 = CARTESIAN_POINT('',(3.14159265359,0.));
#12092 = VECTOR('',#12093,1.);
#12093 = DIRECTION('',(0.,1.));
#12094 = ( GEOMETRIC_REPRESENTATION_CONTEXT(2) 
PARAMETRIC_REPRESENTATION_CONTEXT() REPRESENTATION_CONTEXT('2D SPACE',''
  ) );
#12095 = PCURVE('',#3660,#12096);
#12096 = DEFINITIONAL_REPRESENTATION('',(#12097),#12101);
#12097 = LINE('',#12098,#12099);
#12098 = CARTESIAN_POINT('',(0.,-9.000002));
#12099 = VECTOR('',#12100,1.);
#12100 = DIRECTION('',(1.,0.));
#12101 = ( GEOMETRIC_REPRESENTATION_CONTEXT(2) 
PARAMETRIC_REPRESENTATION_CONTEXT() REPRESENTATION_CONTEXT('2D SPACE',''
  ) );
#12102 = ADVANCED_FACE('',(#12103),#3960,.F.);
#12103 = FACE_BOUND('',#12104,.F.);
#12104 = EDGE_LOOP('',(#12105,#12126,#12127,#12128));
#12105 = ORIENTED_EDGE('',*,*,#12106,.F.);
#12106 = EDGE_CURVE('',#3915,#8124,#12107,.T.);
#12107 = SURFACE_CURVE('',#12108,(#12112,#12119),.PCURVE_S1.);
#12108 = LINE('',#12109,#12110);
#12109 = CARTESIAN_POINT('',(14.000001,21.5,4.5));
#12110 = VECTOR('',#12111,1.);
#12111 = DIRECTION('',(0.,0.,1.));
#12112 = PCURVE('',#3960,#12113);
#12113 = DEFINITIONAL_REPRESENTATION('',(#12114),#12118);
#12114 = LINE('',#12115,#12116);
#12115 = CARTESIAN_POINT('',(0.,2.00000000028E-06));
#12116 = VECTOR('',#12117,1.);
#12117 = DIRECTION('',(1.,0.));
#12118 = ( GEOMETRIC_REPRESENTATION_CONTEXT(2) 
PARAMETRIC_REPRESENTATION_CONTEXT() REPRESENTATION_CONTEXT('2D SPACE',''
  ) );
#12119 = PCURVE('',#3935,#12120);
#12120 = DEFINITIONAL_REPRESENTATION('',(#12121),#12125);
#12121 = LINE('',#12122,#12123);
#12122 = CARTESIAN_POINT('',(1.570796326795,0.));
#12123 = VECTOR('',#12124,1.);
#12124 = DIRECTION('',(0.,1.));
#12125 = ( GEOMETRIC_REPRESENTATION_CONTEXT(2) 
PARAMETRIC_REPRESENTATION_CONTEXT() REPRESENTATION_CONTEXT('2D SPACE',''
  ) );
#12126 = ORIENTED_EDGE('',*,*,#3947,.F.);
#12127 = ORIENTED_EDGE('',*,*,#12060,.T.);
#12128 = ORIENTED_EDGE('',*,*,#8151,.T.);
#12129 = ADVANCED_FACE('',(#12130),#3660,.T.);
#12130 = FACE_BOUND('',#12131,.T.);
#12131 = EDGE_LOOP('',(#12132,#12151,#12152,#12153));
#12132 = ORIENTED_EDGE('',*,*,#12133,.F.);
#12133 = EDGE_CURVE('',#3646,#7900,#12134,.T.);
#12134 = SURFACE_CURVE('',#12135,(#12139,#12145),.PCURVE_S1.);
#12135 = LINE('',#12136,#12137);
#12136 = CARTESIAN_POINT('',(11.,11.11803398875,4.5));
#12137 = VECTOR('',#12138,1.);
#12138 = DIRECTION('',(0.,0.,1.));
#12139 = PCURVE('',#3660,#12140);
#12140 = DEFINITIONAL_REPRESENTATION('',(#12141),#12144);
#12141 = B_SPLINE_CURVE_WITH_KNOTS('',1,(#12142,#12143),.UNSPECIFIED.,
  .F.,.F.,(2,2),(0.75,3.75),.PIECEWISE_BEZIER_KNOTS.);
#12142 = CARTESIAN_POINT('',(0.75,-1.61803498875));
#12143 = CARTESIAN_POINT('',(3.75,-1.61803498875));
#12144 = ( GEOMETRIC_REPRESENTATION_CONTEXT(2) 
PARAMETRIC_REPRESENTATION_CONTEXT() REPRESENTATION_CONTEXT('2D SPACE',''
  ) );
#12145 = PCURVE('',#3692,#12146);
#12146 = DEFINITIONAL_REPRESENTATION('',(#12147),#12150);
#12147 = B_SPLINE_CURVE_WITH_KNOTS('',1,(#12148,#12149),.UNSPECIFIED.,
  .F.,.F.,(2,2),(0.75,3.75),.PIECEWISE_BEZIER_KNOTS.);
#12148 = CARTESIAN_POINT('',(0.841068670568,0.75));
#12149 = CARTESIAN_POINT('',(0.841068670568,3.75));
#12150 = ( GEOMETRIC_REPRESENTATION_CONTEXT(2) 
PARAMETRIC_REPRESENTATION_CONTEXT() REPRESENTATION_CONTEXT('2D SPACE',''
  ) );
#12151 = ORIENTED_EDGE('',*,*,#3645,.F.);
#12152 = ORIENTED_EDGE('',*,*,#12082,.T.);
#12153 = ORIENTED_EDGE('',*,*,#7899,.T.);
#12154 = ADVANCED_FACE('',(#12155),#3935,.F.);
#12155 = FACE_BOUND('',#12156,.F.);
#12156 = EDGE_LOOP('',(#12157,#12158,#12178,#12179));
#12157 = ORIENTED_EDGE('',*,*,#8123,.F.);
#12158 = ORIENTED_EDGE('',*,*,#12159,.F.);
#12159 = EDGE_CURVE('',#3889,#8103,#12160,.T.);
#12160 = SURFACE_CURVE('',#12161,(#12165,#12171),.PCURVE_S1.);
#12161 = LINE('',#12162,#12163);
#12162 = CARTESIAN_POINT('',(17.,18.500001,4.5));
#12163 = VECTOR('',#12164,1.);
#12164 = DIRECTION('',(0.,0.,1.));
#12165 = PCURVE('',#3935,#12166);
#12166 = DEFINITIONAL_REPRESENTATION('',(#12167),#12170);
#12167 = B_SPLINE_CURVE_WITH_KNOTS('',1,(#12168,#12169),.UNSPECIFIED.,
  .F.,.F.,(2,2),(0.,4.5),.PIECEWISE_BEZIER_KNOTS.);
#12168 = CARTESIAN_POINT('',(0.,0.));
#12169 = CARTESIAN_POINT('',(0.,4.5));
#12170 = ( GEOMETRIC_REPRESENTATION_CONTEXT(2) 
PARAMETRIC_REPRESENTATION_CONTEXT() REPRESENTATION_CONTEXT('2D SPACE',''
  ) );
#12171 = PCURVE('',#3903,#12172);
#12172 = DEFINITIONAL_REPRESENTATION('',(#12173),#12177);
#12173 = LINE('',#12174,#12175);
#12174 = CARTESIAN_POINT('',(0.,-9.000002));
#12175 = VECTOR('',#12176,1.);
#12176 = DIRECTION('',(1.,0.));
#12177 = ( GEOMETRIC_REPRESENTATION_CONTEXT(2) 
PARAMETRIC_REPRESENTATION_CONTEXT() REPRESENTATION_CONTEXT('2D SPACE',''
  ) );
#12178 = ORIENTED_EDGE('',*,*,#3914,.T.);
#12179 = ORIENTED_EDGE('',*,*,#12106,.T.);
#12180 = ADVANCED_FACE('',(#12181),#3692,.F.);
#12181 = FACE_BOUND('',#12182,.F.);
#12182 = EDGE_LOOP('',(#12183,#12184,#12185,#12204));
#12183 = ORIENTED_EDGE('',*,*,#12133,.F.);
#12184 = ORIENTED_EDGE('',*,*,#3671,.T.);
#12185 = ORIENTED_EDGE('',*,*,#12186,.T.);
#12186 = EDGE_CURVE('',#3672,#7921,#12187,.T.);
#12187 = SURFACE_CURVE('',#12188,(#12192,#12198),.PCURVE_S1.);
#12188 = LINE('',#12189,#12190);
#12189 = CARTESIAN_POINT('',(11.054102703301,8.932822652558,4.5));
#12190 = VECTOR('',#12191,1.);
#12191 = DIRECTION('',(0.,0.,1.));
#12192 = PCURVE('',#3692,#12193);
#12193 = DEFINITIONAL_REPRESENTATION('',(#12194),#12197);
#12194 = B_SPLINE_CURVE_WITH_KNOTS('',1,(#12195,#12196),.UNSPECIFIED.,
  .F.,.F.,(2,2),(0.9999994,3.5000006),.PIECEWISE_BEZIER_KNOTS.);
#12195 = CARTESIAN_POINT('',(5.491623658403,0.9999994));
#12196 = CARTESIAN_POINT('',(5.491623658403,3.5000006));
#12197 = ( GEOMETRIC_REPRESENTATION_CONTEXT(2) 
PARAMETRIC_REPRESENTATION_CONTEXT() REPRESENTATION_CONTEXT('2D SPACE',''
  ) );
#12198 = PCURVE('',#3725,#12199);
#12199 = DEFINITIONAL_REPRESENTATION('',(#12200),#12203);
#12200 = B_SPLINE_CURVE_WITH_KNOTS('',1,(#12201,#12202),.UNSPECIFIED.,
  .F.,.F.,(2,2),(0.9999994,3.5000006),.PIECEWISE_BEZIER_KNOTS.);
#12201 = CARTESIAN_POINT('',(3.331796272305,0.9999994));
#12202 = CARTESIAN_POINT('',(3.331796272305,3.5000006));
#12203 = ( GEOMETRIC_REPRESENTATION_CONTEXT(2) 
PARAMETRIC_REPRESENTATION_CONTEXT() REPRESENTATION_CONTEXT('2D SPACE',''
  ) );
#12204 = ORIENTED_EDGE('',*,*,#7920,.F.);
#12205 = ADVANCED_FACE('',(#12206),#3903,.F.);
#12206 = FACE_BOUND('',#12207,.F.);
#12207 = EDGE_LOOP('',(#12208,#12227,#12228,#12229));
#12208 = ORIENTED_EDGE('',*,*,#12209,.F.);
#12209 = EDGE_CURVE('',#3856,#8075,#12210,.T.);
#12210 = SURFACE_CURVE('',#12211,(#12215,#12221),.PCURVE_S1.);
#12211 = LINE('',#12212,#12213);
#12212 = CARTESIAN_POINT('',(17.,11.445454211041,4.5));
#12213 = VECTOR('',#12214,1.);
#12214 = DIRECTION('',(0.,0.,1.));
#12215 = PCURVE('',#3903,#12216);
#12216 = DEFINITIONAL_REPRESENTATION('',(#12217),#12220);
#12217 = B_SPLINE_CURVE_WITH_KNOTS('',1,(#12218,#12219),.UNSPECIFIED.,
  .F.,.F.,(2,2),(0.75,3.75),.PIECEWISE_BEZIER_KNOTS.);
#12218 = CARTESIAN_POINT('',(0.75,-1.945455211041));
#12219 = CARTESIAN_POINT('',(3.75,-1.945455211041));
#12220 = ( GEOMETRIC_REPRESENTATION_CONTEXT(2) 
PARAMETRIC_REPRESENTATION_CONTEXT() REPRESENTATION_CONTEXT('2D SPACE',''
  ) );
#12221 = PCURVE('',#3876,#12222);
#12222 = DEFINITIONAL_REPRESENTATION('',(#12223),#12226);
#12223 = B_SPLINE_CURVE_WITH_KNOTS('',1,(#12224,#12225),.UNSPECIFIED.,
  .F.,.F.,(2,2),(0.75,3.75),.PIECEWISE_BEZIER_KNOTS.);
#12224 = CARTESIAN_POINT('',(0.679673818908,0.75));
#12225 = CARTESIAN_POINT('',(0.679673818908,3.75));
#12226 = ( GEOMETRIC_REPRESENTATION_CONTEXT(2) 
PARAMETRIC_REPRESENTATION_CONTEXT() REPRESENTATION_CONTEXT('2D SPACE',''
  ) );
#12227 = ORIENTED_EDGE('',*,*,#3888,.F.);
#12228 = ORIENTED_EDGE('',*,*,#12159,.T.);
#12229 = ORIENTED_EDGE('',*,*,#8102,.T.);
#12230 = ADVANCED_FACE('',(#12231),#3725,.F.);
#12231 = FACE_BOUND('',#12232,.F.);
#12232 = EDGE_LOOP('',(#12233,#12234,#12235,#12236));
#12233 = ORIENTED_EDGE('',*,*,#7948,.F.);
#12234 = ORIENTED_EDGE('',*,*,#12186,.F.);
#12235 = ORIENTED_EDGE('',*,*,#3704,.T.);
#12236 = ORIENTED_EDGE('',*,*,#12237,.T.);
#12237 = EDGE_CURVE('',#3705,#7949,#12238,.T.);
#12238 = SURFACE_CURVE('',#12239,(#12243,#12250),.PCURVE_S1.);
#12239 = LINE('',#12240,#12241);
#12240 = CARTESIAN_POINT('',(13.999999,6.5,4.5));
#12241 = VECTOR('',#12242,1.);
#12242 = DIRECTION('',(0.,0.,1.));
#12243 = PCURVE('',#3725,#12244);
#12244 = DEFINITIONAL_REPRESENTATION('',(#12245),#12249);
#12245 = LINE('',#12246,#12247);
#12246 = CARTESIAN_POINT('',(4.712388980385,0.));
#12247 = VECTOR('',#12248,1.);
#12248 = DIRECTION('',(0.,1.));
#12249 = ( GEOMETRIC_REPRESENTATION_CONTEXT(2) 
PARAMETRIC_REPRESENTATION_CONTEXT() REPRESENTATION_CONTEXT('2D SPACE',''
  ) );
#12250 = PCURVE('',#3752,#12251);
#12251 = DEFINITIONAL_REPRESENTATION('',(#12252),#12256);
#12252 = LINE('',#12253,#12254);
#12253 = CARTESIAN_POINT('',(0.,0.));
#12254 = VECTOR('',#12255,1.);
#12255 = DIRECTION('',(1.,0.));
#12256 = ( GEOMETRIC_REPRESENTATION_CONTEXT(2) 
PARAMETRIC_REPRESENTATION_CONTEXT() REPRESENTATION_CONTEXT('2D SPACE',''
  ) );
#12257 = ADVANCED_FACE('',(#12258),#3876,.F.);
#12258 = FACE_BOUND('',#12259,.F.);
#12259 = EDGE_LOOP('',(#12260,#12261,#12282,#12283));
#12260 = ORIENTED_EDGE('',*,*,#8074,.F.);
#12261 = ORIENTED_EDGE('',*,*,#12262,.F.);
#12262 = EDGE_CURVE('',#3823,#8047,#12263,.T.);
#12263 = SURFACE_CURVE('',#12264,(#12268,#12275),.PCURVE_S1.);
#12264 = LINE('',#12265,#12266);
#12265 = CARTESIAN_POINT('',(17.333333333333,10.502645169459,4.5));
#12266 = VECTOR('',#12267,1.);
#12267 = DIRECTION('',(0.,0.,1.));
#12268 = PCURVE('',#3876,#12269);
#12269 = DEFINITIONAL_REPRESENTATION('',(#12270),#12274);
#12270 = LINE('',#12271,#12272);
#12271 = CARTESIAN_POINT('',(0.,-0.));
#12272 = VECTOR('',#12273,1.);
#12273 = DIRECTION('',(0.,1.));
#12274 = ( GEOMETRIC_REPRESENTATION_CONTEXT(2) 
PARAMETRIC_REPRESENTATION_CONTEXT() REPRESENTATION_CONTEXT('2D SPACE',''
  ) );
#12275 = PCURVE('',#3843,#12276);
#12276 = DEFINITIONAL_REPRESENTATION('',(#12277),#12281);
#12277 = LINE('',#12278,#12279);
#12278 = CARTESIAN_POINT('',(6.28318530718,-0.));
#12279 = VECTOR('',#12280,1.);
#12280 = DIRECTION('',(0.,1.));
#12281 = ( GEOMETRIC_REPRESENTATION_CONTEXT(2) 
PARAMETRIC_REPRESENTATION_CONTEXT() REPRESENTATION_CONTEXT('2D SPACE',''
  ) );
#12282 = ORIENTED_EDGE('',*,*,#3855,.T.);
#12283 = ORIENTED_EDGE('',*,*,#12209,.T.);
#12284 = ADVANCED_FACE('',(#12285),#3752,.T.);
#12285 = FACE_BOUND('',#12286,.T.);
#12286 = EDGE_LOOP('',(#12287,#12308,#12309,#12310));
#12287 = ORIENTED_EDGE('',*,*,#12288,.F.);
#12288 = EDGE_CURVE('',#3738,#7977,#12289,.T.);
#12289 = SURFACE_CURVE('',#12290,(#12294,#12301),.PCURVE_S1.);
#12290 = LINE('',#12291,#12292);
#12291 = CARTESIAN_POINT('',(14.000001,6.5,4.5));
#12292 = VECTOR('',#12293,1.);
#12293 = DIRECTION('',(0.,0.,1.));
#12294 = PCURVE('',#3752,#12295);
#12295 = DEFINITIONAL_REPRESENTATION('',(#12296),#12300);
#12296 = LINE('',#12297,#12298);
#12297 = CARTESIAN_POINT('',(0.,2.00000000028E-06));
#12298 = VECTOR('',#12299,1.);
#12299 = DIRECTION('',(1.,0.));
#12300 = ( GEOMETRIC_REPRESENTATION_CONTEXT(2) 
PARAMETRIC_REPRESENTATION_CONTEXT() REPRESENTATION_CONTEXT('2D SPACE',''
  ) );
#12301 = PCURVE('',#3784,#12302);
#12302 = DEFINITIONAL_REPRESENTATION('',(#12303),#12307);
#12303 = LINE('',#12304,#12305);
#12304 = CARTESIAN_POINT('',(4.712388980385,0.));
#12305 = VECTOR('',#12306,1.);
#12306 = DIRECTION('',(0.,1.));
#12307 = ( GEOMETRIC_REPRESENTATION_CONTEXT(2) 
PARAMETRIC_REPRESENTATION_CONTEXT() REPRESENTATION_CONTEXT('2D SPACE',''
  ) );
#12308 = ORIENTED_EDGE('',*,*,#3737,.F.);
#12309 = ORIENTED_EDGE('',*,*,#12237,.T.);
#12310 = ORIENTED_EDGE('',*,*,#7976,.T.);
#12311 = ADVANCED_FACE('',(#12312),#3843,.F.);
#12312 = FACE_BOUND('',#12313,.F.);
#12313 = EDGE_LOOP('',(#12314,#12315,#12316,#12335));
#12314 = ORIENTED_EDGE('',*,*,#12262,.T.);
#12315 = ORIENTED_EDGE('',*,*,#8046,.F.);
#12316 = ORIENTED_EDGE('',*,*,#12317,.F.);
#12317 = EDGE_CURVE('',#3797,#8026,#12318,.T.);
#12318 = SURFACE_CURVE('',#12319,(#12323,#12329),.PCURVE_S1.);
#12319 = LINE('',#12320,#12321);
#12320 = CARTESIAN_POINT('',(17.,9.559836127877,4.5));
#12321 = VECTOR('',#12322,1.);
#12322 = DIRECTION('',(0.,0.,1.));
#12323 = PCURVE('',#3843,#12324);
#12324 = DEFINITIONAL_REPRESENTATION('',(#12325),#12328);
#12325 = B_SPLINE_CURVE_WITH_KNOTS('',1,(#12326,#12327),.UNSPECIFIED.,
  .F.,.F.,(2,2),(0.75,3.75),.PIECEWISE_BEZIER_KNOTS.);
#12326 = CARTESIAN_POINT('',(5.603511488271,0.75));
#12327 = CARTESIAN_POINT('',(5.603511488271,3.75));
#12328 = ( GEOMETRIC_REPRESENTATION_CONTEXT(2) 
PARAMETRIC_REPRESENTATION_CONTEXT() REPRESENTATION_CONTEXT('2D SPACE',''
  ) );
#12329 = PCURVE('',#3811,#12330);
#12330 = DEFINITIONAL_REPRESENTATION('',(#12331),#12334);
#12331 = B_SPLINE_CURVE_WITH_KNOTS('',1,(#12332,#12333),.UNSPECIFIED.,
  .F.,.F.,(2,2),(0.75,3.75),.PIECEWISE_BEZIER_KNOTS.);
#12332 = CARTESIAN_POINT('',(0.75,-5.98371278767E-02));
#12333 = CARTESIAN_POINT('',(3.75,-5.98371278767E-02));
#12334 = ( GEOMETRIC_REPRESENTATION_CONTEXT(2) 
PARAMETRIC_REPRESENTATION_CONTEXT() REPRESENTATION_CONTEXT('2D SPACE',''
  ) );
#12335 = ORIENTED_EDGE('',*,*,#3822,.T.);
#12336 = ADVANCED_FACE('',(#12337),#3784,.F.);
#12337 = FACE_BOUND('',#12338,.F.);
#12338 = EDGE_LOOP('',(#12339,#12340,#12341,#12342));
#12339 = ORIENTED_EDGE('',*,*,#7997,.F.);
#12340 = ORIENTED_EDGE('',*,*,#12288,.F.);
#12341 = ORIENTED_EDGE('',*,*,#3763,.T.);
#12342 = ORIENTED_EDGE('',*,*,#12343,.T.);
#12343 = EDGE_CURVE('',#3764,#7998,#12344,.T.);
#12344 = SURFACE_CURVE('',#12345,(#12349,#12355),.PCURVE_S1.);
#12345 = LINE('',#12346,#12347);
#12346 = CARTESIAN_POINT('',(17.,9.499999,4.5));
#12347 = VECTOR('',#12348,1.);
#12348 = DIRECTION('',(0.,0.,1.));
#12349 = PCURVE('',#3784,#12350);
#12350 = DEFINITIONAL_REPRESENTATION('',(#12351),#12354);
#12351 = B_SPLINE_CURVE_WITH_KNOTS('',1,(#12352,#12353),.UNSPECIFIED.,
  .F.,.F.,(2,2),(0.,4.5),.PIECEWISE_BEZIER_KNOTS.);
#12352 = CARTESIAN_POINT('',(6.28318530718,0.));
#12353 = CARTESIAN_POINT('',(6.28318530718,4.5));
#12354 = ( GEOMETRIC_REPRESENTATION_CONTEXT(2) 
PARAMETRIC_REPRESENTATION_CONTEXT() REPRESENTATION_CONTEXT('2D SPACE',''
  ) );
#12355 = PCURVE('',#3811,#12356);
#12356 = DEFINITIONAL_REPRESENTATION('',(#12357),#12361);
#12357 = LINE('',#12358,#12359);
#12358 = CARTESIAN_POINT('',(0.,0.));
#12359 = VECTOR('',#12360,1.);
#12360 = DIRECTION('',(1.,0.));
#12361 = ( GEOMETRIC_REPRESENTATION_CONTEXT(2) 
PARAMETRIC_REPRESENTATION_CONTEXT() REPRESENTATION_CONTEXT('2D SPACE',''
  ) );
#12362 = ADVANCED_FACE('',(#12363),#3811,.F.);
#12363 = FACE_BOUND('',#12364,.F.);
#12364 = EDGE_LOOP('',(#12365,#12366,#12367,#12368));
#12365 = ORIENTED_EDGE('',*,*,#12343,.F.);
#12366 = ORIENTED_EDGE('',*,*,#3796,.F.);
#12367 = ORIENTED_EDGE('',*,*,#12317,.T.);
#12368 = ORIENTED_EDGE('',*,*,#8025,.T.);
#12369 = ADVANCED_FACE('',(#12370),#3996,.F.);
#12370 = FACE_BOUND('',#12371,.F.);
#12371 = EDGE_LOOP('',(#12372,#12393,#12394,#12413));
#12372 = ORIENTED_EDGE('',*,*,#12373,.T.);
#12373 = EDGE_CURVE('',#3976,#8175,#12374,.T.);
#12374 = SURFACE_CURVE('',#12375,(#12379,#12386),.PCURVE_S1.);
#12375 = LINE('',#12376,#12377);
#12376 = CARTESIAN_POINT('',(14.5,26.,4.5));
#12377 = VECTOR('',#12378,1.);
#12378 = DIRECTION('',(0.,0.,1.));
#12379 = PCURVE('',#3996,#12380);
#12380 = DEFINITIONAL_REPRESENTATION('',(#12381),#12385);
#12381 = LINE('',#12382,#12383);
#12382 = CARTESIAN_POINT('',(6.28318530718,-0.));
#12383 = VECTOR('',#12384,1.);
#12384 = DIRECTION('',(0.,1.));
#12385 = ( GEOMETRIC_REPRESENTATION_CONTEXT(2) 
PARAMETRIC_REPRESENTATION_CONTEXT() REPRESENTATION_CONTEXT('2D SPACE',''
  ) );
#12386 = PCURVE('',#4029,#12387);
#12387 = DEFINITIONAL_REPRESENTATION('',(#12388),#12392);
#12388 = LINE('',#12389,#12390);
#12389 = CARTESIAN_POINT('',(0.,-0.));
#12390 = VECTOR('',#12391,1.);
#12391 = DIRECTION('',(0.,1.));
#12392 = ( GEOMETRIC_REPRESENTATION_CONTEXT(2) 
PARAMETRIC_REPRESENTATION_CONTEXT() REPRESENTATION_CONTEXT('2D SPACE',''
  ) );
#12393 = ORIENTED_EDGE('',*,*,#8172,.F.);
#12394 = ORIENTED_EDGE('',*,*,#12395,.F.);
#12395 = EDGE_CURVE('',#3974,#8173,#12396,.T.);
#12396 = SURFACE_CURVE('',#12397,(#12401,#12407),.PCURVE_S1.);
#12397 = LINE('',#12398,#12399);
#12398 = CARTESIAN_POINT('',(14.414213562373,25.5,4.5));
#12399 = VECTOR('',#12400,1.);
#12400 = DIRECTION('',(0.,0.,1.));
#12401 = PCURVE('',#3996,#12402);
#12402 = DEFINITIONAL_REPRESENTATION('',(#12403),#12406);
#12403 = B_SPLINE_CURVE_WITH_KNOTS('',1,(#12404,#12405),.UNSPECIFIED.,
  .F.,.F.,(2,2),(-5.999999999062E-07,4.5000006),
  .PIECEWISE_BEZIER_KNOTS.);
#12404 = CARTESIAN_POINT('',(5.943348397725,-5.999999999062E-07));
#12405 = CARTESIAN_POINT('',(5.943348397725,4.5000006));
#12406 = ( GEOMETRIC_REPRESENTATION_CONTEXT(2) 
PARAMETRIC_REPRESENTATION_CONTEXT() REPRESENTATION_CONTEXT('2D SPACE',''
  ) );
#12407 = PCURVE('',#4093,#12408);
#12408 = DEFINITIONAL_REPRESENTATION('',(#12409),#12412);
#12409 = B_SPLINE_CURVE_WITH_KNOTS('',1,(#12410,#12411),.UNSPECIFIED.,
  .F.,.F.,(2,2),(-5.999999999062E-07,4.5000006),
  .PIECEWISE_BEZIER_KNOTS.);
#12410 = CARTESIAN_POINT('',(0.339836909454,-5.999999999062E-07));
#12411 = CARTESIAN_POINT('',(0.339836909454,4.5000006));
#12412 = ( GEOMETRIC_REPRESENTATION_CONTEXT(2) 
PARAMETRIC_REPRESENTATION_CONTEXT() REPRESENTATION_CONTEXT('2D SPACE',''
  ) );
#12413 = ORIENTED_EDGE('',*,*,#3973,.T.);
#12414 = ADVANCED_FACE('',(#12415),#4093,.F.);
#12415 = FACE_BOUND('',#12416,.F.);
#12416 = EDGE_LOOP('',(#12417,#12418,#12439,#12440));
#12417 = ORIENTED_EDGE('',*,*,#8258,.F.);
#12418 = ORIENTED_EDGE('',*,*,#12419,.F.);
#12419 = EDGE_CURVE('',#4042,#8231,#12420,.T.);
#12420 = SURFACE_CURVE('',#12421,(#12425,#12432),.PCURVE_S1.);
#12421 = LINE('',#12422,#12423);
#12422 = CARTESIAN_POINT('',(14.5,25.,4.5));
#12423 = VECTOR('',#12424,1.);
#12424 = DIRECTION('',(0.,0.,1.));
#12425 = PCURVE('',#4093,#12426);
#12426 = DEFINITIONAL_REPRESENTATION('',(#12427),#12431);
#12427 = LINE('',#12428,#12429);
#12428 = CARTESIAN_POINT('',(0.,-0.));
#12429 = VECTOR('',#12430,1.);
#12430 = DIRECTION('',(0.,1.));
#12431 = ( GEOMETRIC_REPRESENTATION_CONTEXT(2) 
PARAMETRIC_REPRESENTATION_CONTEXT() REPRESENTATION_CONTEXT('2D SPACE',''
  ) );
#12432 = PCURVE('',#4062,#12433);
#12433 = DEFINITIONAL_REPRESENTATION('',(#12434),#12438);
#12434 = LINE('',#12435,#12436);
#12435 = CARTESIAN_POINT('',(6.28318530718,-0.));
#12436 = VECTOR('',#12437,1.);
#12437 = DIRECTION('',(0.,1.));
#12438 = ( GEOMETRIC_REPRESENTATION_CONTEXT(2) 
PARAMETRIC_REPRESENTATION_CONTEXT() REPRESENTATION_CONTEXT('2D SPACE',''
  ) );
#12439 = ORIENTED_EDGE('',*,*,#4074,.T.);
#12440 = ORIENTED_EDGE('',*,*,#12395,.T.);
#12441 = ADVANCED_FACE('',(#12442),#4062,.F.);
#12442 = FACE_BOUND('',#12443,.F.);
#12443 = EDGE_LOOP('',(#12444,#12445,#12446,#12465));
#12444 = ORIENTED_EDGE('',*,*,#12419,.T.);
#12445 = ORIENTED_EDGE('',*,*,#8230,.F.);
#12446 = ORIENTED_EDGE('',*,*,#12447,.F.);
#12447 = EDGE_CURVE('',#4009,#8203,#12448,.T.);
#12448 = SURFACE_CURVE('',#12449,(#12453,#12459),.PCURVE_S1.);
#12449 = LINE('',#12450,#12451);
#12450 = CARTESIAN_POINT('',(11.585786437627,25.5,4.5));
#12451 = VECTOR('',#12452,1.);
#12452 = DIRECTION('',(0.,0.,1.));
#12453 = PCURVE('',#4062,#12454);
#12454 = DEFINITIONAL_REPRESENTATION('',(#12455),#12458);
#12455 = B_SPLINE_CURVE_WITH_KNOTS('',1,(#12456,#12457),.UNSPECIFIED.,
  .F.,.F.,(2,2),(-5.999999999062E-07,4.5000006),
  .PIECEWISE_BEZIER_KNOTS.);
#12456 = CARTESIAN_POINT('',(2.801755744136,-5.999999999062E-07));
#12457 = CARTESIAN_POINT('',(2.801755744136,4.5000006));
#12458 = ( GEOMETRIC_REPRESENTATION_CONTEXT(2) 
PARAMETRIC_REPRESENTATION_CONTEXT() REPRESENTATION_CONTEXT('2D SPACE',''
  ) );
#12459 = PCURVE('',#4029,#12460);
#12460 = DEFINITIONAL_REPRESENTATION('',(#12461),#12464);
#12461 = B_SPLINE_CURVE_WITH_KNOTS('',1,(#12462,#12463),.UNSPECIFIED.,
  .F.,.F.,(2,2),(-5.999999999062E-07,4.5000006),
  .PIECEWISE_BEZIER_KNOTS.);
#12462 = CARTESIAN_POINT('',(3.481429563044,-5.999999999062E-07));
#12463 = CARTESIAN_POINT('',(3.481429563044,4.5000006));
#12464 = ( GEOMETRIC_REPRESENTATION_CONTEXT(2) 
PARAMETRIC_REPRESENTATION_CONTEXT() REPRESENTATION_CONTEXT('2D SPACE',''
  ) );
#12465 = ORIENTED_EDGE('',*,*,#4041,.T.);
#12466 = ADVANCED_FACE('',(#12467),#4029,.F.);
#12467 = FACE_BOUND('',#12468,.F.);
#12468 = EDGE_LOOP('',(#12469,#12470,#12471,#12472));
#12469 = ORIENTED_EDGE('',*,*,#8202,.F.);
#12470 = ORIENTED_EDGE('',*,*,#12373,.F.);
#12471 = ORIENTED_EDGE('',*,*,#4008,.T.);
#12472 = ORIENTED_EDGE('',*,*,#12447,.T.);
#12473 = ADVANCED_FACE('',(#12474),#4124,.T.);
#12474 = FACE_BOUND('',#12475,.T.);
#12475 = EDGE_LOOP('',(#12476,#12497,#12498,#12519));
#12476 = ORIENTED_EDGE('',*,*,#12477,.F.);
#12477 = EDGE_CURVE('',#4110,#8289,#12478,.T.);
#12478 = SURFACE_CURVE('',#12479,(#12483,#12490),.PCURVE_S1.);
#12479 = LINE('',#12480,#12481);
#12480 = CARTESIAN_POINT('',(-8.5,-6.5,4.5));
#12481 = VECTOR('',#12482,1.);
#12482 = DIRECTION('',(0.,0.,1.));
#12483 = PCURVE('',#4124,#12484);
#12484 = DEFINITIONAL_REPRESENTATION('',(#12485),#12489);
#12485 = LINE('',#12486,#12487);
#12486 = CARTESIAN_POINT('',(0.,0.));
#12487 = VECTOR('',#12488,1.);
#12488 = DIRECTION('',(1.,0.));
#12489 = ( GEOMETRIC_REPRESENTATION_CONTEXT(2) 
PARAMETRIC_REPRESENTATION_CONTEXT() REPRESENTATION_CONTEXT('2D SPACE',''
  ) );
#12490 = PCURVE('',#4156,#12491);
#12491 = DEFINITIONAL_REPRESENTATION('',(#12492),#12496);
#12492 = LINE('',#12493,#12494);
#12493 = CARTESIAN_POINT('',(3.14159265359,0.));
#12494 = VECTOR('',#12495,1.);
#12495 = DIRECTION('',(0.,1.));
#12496 = ( GEOMETRIC_REPRESENTATION_CONTEXT(2) 
PARAMETRIC_REPRESENTATION_CONTEXT() REPRESENTATION_CONTEXT('2D SPACE',''
  ) );
#12497 = ORIENTED_EDGE('',*,*,#4107,.F.);
#12498 = ORIENTED_EDGE('',*,*,#12499,.T.);
#12499 = EDGE_CURVE('',#4108,#8287,#12500,.T.);
#12500 = SURFACE_CURVE('',#12501,(#12505,#12512),.PCURVE_S1.);
#12501 = LINE('',#12502,#12503);
#12502 = CARTESIAN_POINT('',(-8.5,6.5,4.5));
#12503 = VECTOR('',#12504,1.);
#12504 = DIRECTION('',(0.,0.,1.));
#12505 = PCURVE('',#4124,#12506);
#12506 = DEFINITIONAL_REPRESENTATION('',(#12507),#12511);
#12507 = LINE('',#12508,#12509);
#12508 = CARTESIAN_POINT('',(0.,-13.));
#12509 = VECTOR('',#12510,1.);
#12510 = DIRECTION('',(1.,0.));
#12511 = ( GEOMETRIC_REPRESENTATION_CONTEXT(2) 
PARAMETRIC_REPRESENTATION_CONTEXT() REPRESENTATION_CONTEXT('2D SPACE',''
  ) );
#12512 = PCURVE('',#4331,#12513);
#12513 = DEFINITIONAL_REPRESENTATION('',(#12514),#12518);
#12514 = LINE('',#12515,#12516);
#12515 = CARTESIAN_POINT('',(3.14159265359,0.));
#12516 = VECTOR('',#12517,1.);
#12517 = DIRECTION('',(0.,1.));
#12518 = ( GEOMETRIC_REPRESENTATION_CONTEXT(2) 
PARAMETRIC_REPRESENTATION_CONTEXT() REPRESENTATION_CONTEXT('2D SPACE',''
  ) );
#12519 = ORIENTED_EDGE('',*,*,#8286,.T.);
#12520 = ADVANCED_FACE('',(#12521),#4331,.F.);
#12521 = FACE_BOUND('',#12522,.F.);
#12522 = EDGE_LOOP('',(#12523,#12524,#12545,#12546));
#12523 = ORIENTED_EDGE('',*,*,#8456,.F.);
#12524 = ORIENTED_EDGE('',*,*,#12525,.F.);
#12525 = EDGE_CURVE('',#4287,#8436,#12526,.T.);
#12526 = SURFACE_CURVE('',#12527,(#12531,#12538),.PCURVE_S1.);
#12527 = LINE('',#12528,#12529);
#12528 = CARTESIAN_POINT('',(-6.5,8.5,4.5));
#12529 = VECTOR('',#12530,1.);
#12530 = DIRECTION('',(0.,0.,1.));
#12531 = PCURVE('',#4331,#12532);
#12532 = DEFINITIONAL_REPRESENTATION('',(#12533),#12537);
#12533 = LINE('',#12534,#12535);
#12534 = CARTESIAN_POINT('',(1.570796326795,0.));
#12535 = VECTOR('',#12536,1.);
#12536 = DIRECTION('',(0.,1.));
#12537 = ( GEOMETRIC_REPRESENTATION_CONTEXT(2) 
PARAMETRIC_REPRESENTATION_CONTEXT() REPRESENTATION_CONTEXT('2D SPACE',''
  ) );
#12538 = PCURVE('',#4301,#12539);
#12539 = DEFINITIONAL_REPRESENTATION('',(#12540),#12544);
#12540 = LINE('',#12541,#12542);
#12541 = CARTESIAN_POINT('',(0.,0.));
#12542 = VECTOR('',#12543,1.);
#12543 = DIRECTION('',(1.,0.));
#12544 = ( GEOMETRIC_REPRESENTATION_CONTEXT(2) 
PARAMETRIC_REPRESENTATION_CONTEXT() REPRESENTATION_CONTEXT('2D SPACE',''
  ) );
#12545 = ORIENTED_EDGE('',*,*,#4312,.T.);
#12546 = ORIENTED_EDGE('',*,*,#12499,.T.);
#12547 = ADVANCED_FACE('',(#12548),#4156,.F.);
#12548 = FACE_BOUND('',#12549,.F.);
#12549 = EDGE_LOOP('',(#12550,#12551,#12552,#12553));
#12550 = ORIENTED_EDGE('',*,*,#8309,.F.);
#12551 = ORIENTED_EDGE('',*,*,#12477,.F.);
#12552 = ORIENTED_EDGE('',*,*,#4135,.T.);
#12553 = ORIENTED_EDGE('',*,*,#12554,.T.);
#12554 = EDGE_CURVE('',#4136,#8310,#12555,.T.);
#12555 = SURFACE_CURVE('',#12556,(#12560,#12567),.PCURVE_S1.);
#12556 = LINE('',#12557,#12558);
#12557 = CARTESIAN_POINT('',(-6.5,-8.5,4.5));
#12558 = VECTOR('',#12559,1.);
#12559 = DIRECTION('',(0.,0.,1.));
#12560 = PCURVE('',#4156,#12561);
#12561 = DEFINITIONAL_REPRESENTATION('',(#12562),#12566);
#12562 = LINE('',#12563,#12564);
#12563 = CARTESIAN_POINT('',(4.712388980385,0.));
#12564 = VECTOR('',#12565,1.);
#12565 = DIRECTION('',(0.,1.));
#12566 = ( GEOMETRIC_REPRESENTATION_CONTEXT(2) 
PARAMETRIC_REPRESENTATION_CONTEXT() REPRESENTATION_CONTEXT('2D SPACE',''
  ) );
#12567 = PCURVE('',#4183,#12568);
#12568 = DEFINITIONAL_REPRESENTATION('',(#12569),#12573);
#12569 = LINE('',#12570,#12571);
#12570 = CARTESIAN_POINT('',(0.,0.));
#12571 = VECTOR('',#12572,1.);
#12572 = DIRECTION('',(1.,0.));
#12573 = ( GEOMETRIC_REPRESENTATION_CONTEXT(2) 
PARAMETRIC_REPRESENTATION_CONTEXT() REPRESENTATION_CONTEXT('2D SPACE',''
  ) );
#12574 = ADVANCED_FACE('',(#12575),#4301,.F.);
#12575 = FACE_BOUND('',#12576,.F.);
#12576 = EDGE_LOOP('',(#12577,#12598,#12599,#12600));
#12577 = ORIENTED_EDGE('',*,*,#12578,.F.);
#12578 = EDGE_CURVE('',#4254,#8408,#12579,.T.);
#12579 = SURFACE_CURVE('',#12580,(#12584,#12591),.PCURVE_S1.);
#12580 = LINE('',#12581,#12582);
#12581 = CARTESIAN_POINT('',(6.5,8.5,4.5));
#12582 = VECTOR('',#12583,1.);
#12583 = DIRECTION('',(0.,0.,1.));
#12584 = PCURVE('',#4301,#12585);
#12585 = DEFINITIONAL_REPRESENTATION('',(#12586),#12590);
#12586 = LINE('',#12587,#12588);
#12587 = CARTESIAN_POINT('',(0.,13.));
#12588 = VECTOR('',#12589,1.);
#12589 = DIRECTION('',(1.,0.));
#12590 = ( GEOMETRIC_REPRESENTATION_CONTEXT(2) 
PARAMETRIC_REPRESENTATION_CONTEXT() REPRESENTATION_CONTEXT('2D SPACE',''
  ) );
#12591 = PCURVE('',#4274,#12592);
#12592 = DEFINITIONAL_REPRESENTATION('',(#12593),#12597);
#12593 = LINE('',#12594,#12595);
#12594 = CARTESIAN_POINT('',(1.570796326795,0.));
#12595 = VECTOR('',#12596,1.);
#12596 = DIRECTION('',(0.,1.));
#12597 = ( GEOMETRIC_REPRESENTATION_CONTEXT(2) 
PARAMETRIC_REPRESENTATION_CONTEXT() REPRESENTATION_CONTEXT('2D SPACE',''
  ) );
#12598 = ORIENTED_EDGE('',*,*,#4286,.F.);
#12599 = ORIENTED_EDGE('',*,*,#12525,.T.);
#12600 = ORIENTED_EDGE('',*,*,#8435,.T.);
#12601 = ADVANCED_FACE('',(#12602),#4183,.T.);
#12602 = FACE_BOUND('',#12603,.T.);
#12603 = EDGE_LOOP('',(#12604,#12625,#12626,#12627));
#12604 = ORIENTED_EDGE('',*,*,#12605,.F.);
#12605 = EDGE_CURVE('',#4169,#8338,#12606,.T.);
#12606 = SURFACE_CURVE('',#12607,(#12611,#12618),.PCURVE_S1.);
#12607 = LINE('',#12608,#12609);
#12608 = CARTESIAN_POINT('',(6.5,-8.5,4.5));
#12609 = VECTOR('',#12610,1.);
#12610 = DIRECTION('',(0.,0.,1.));
#12611 = PCURVE('',#4183,#12612);
#12612 = DEFINITIONAL_REPRESENTATION('',(#12613),#12617);
#12613 = LINE('',#12614,#12615);
#12614 = CARTESIAN_POINT('',(0.,13.));
#12615 = VECTOR('',#12616,1.);
#12616 = DIRECTION('',(1.,0.));
#12617 = ( GEOMETRIC_REPRESENTATION_CONTEXT(2) 
PARAMETRIC_REPRESENTATION_CONTEXT() REPRESENTATION_CONTEXT('2D SPACE',''
  ) );
#12618 = PCURVE('',#4215,#12619);
#12619 = DEFINITIONAL_REPRESENTATION('',(#12620),#12624);
#12620 = LINE('',#12621,#12622);
#12621 = CARTESIAN_POINT('',(4.712388980385,0.));
#12622 = VECTOR('',#12623,1.);
#12623 = DIRECTION('',(0.,1.));
#12624 = ( GEOMETRIC_REPRESENTATION_CONTEXT(2) 
PARAMETRIC_REPRESENTATION_CONTEXT() REPRESENTATION_CONTEXT('2D SPACE',''
  ) );
#12625 = ORIENTED_EDGE('',*,*,#4168,.F.);
#12626 = ORIENTED_EDGE('',*,*,#12554,.T.);
#12627 = ORIENTED_EDGE('',*,*,#8337,.T.);
#12628 = ADVANCED_FACE('',(#12629),#4274,.F.);
#12629 = FACE_BOUND('',#12630,.F.);
#12630 = EDGE_LOOP('',(#12631,#12632,#12652,#12653));
#12631 = ORIENTED_EDGE('',*,*,#8407,.F.);
#12632 = ORIENTED_EDGE('',*,*,#12633,.F.);
#12633 = EDGE_CURVE('',#4228,#8387,#12634,.T.);
#12634 = SURFACE_CURVE('',#12635,(#12639,#12645),.PCURVE_S1.);
#12635 = LINE('',#12636,#12637);
#12636 = CARTESIAN_POINT('',(8.5,6.5,4.5));
#12637 = VECTOR('',#12638,1.);
#12638 = DIRECTION('',(0.,0.,1.));
#12639 = PCURVE('',#4274,#12640);
#12640 = DEFINITIONAL_REPRESENTATION('',(#12641),#12644);
#12641 = B_SPLINE_CURVE_WITH_KNOTS('',1,(#12642,#12643),.UNSPECIFIED.,
  .F.,.F.,(2,2),(0.,4.5),.PIECEWISE_BEZIER_KNOTS.);
#12642 = CARTESIAN_POINT('',(0.,0.));
#12643 = CARTESIAN_POINT('',(0.,4.5));
#12644 = ( GEOMETRIC_REPRESENTATION_CONTEXT(2) 
PARAMETRIC_REPRESENTATION_CONTEXT() REPRESENTATION_CONTEXT('2D SPACE',''
  ) );
#12645 = PCURVE('',#4242,#12646);
#12646 = DEFINITIONAL_REPRESENTATION('',(#12647),#12651);
#12647 = LINE('',#12648,#12649);
#12648 = CARTESIAN_POINT('',(0.,-13.));
#12649 = VECTOR('',#12650,1.);
#12650 = DIRECTION('',(1.,0.));
#12651 = ( GEOMETRIC_REPRESENTATION_CONTEXT(2) 
PARAMETRIC_REPRESENTATION_CONTEXT() REPRESENTATION_CONTEXT('2D SPACE',''
  ) );
#12652 = ORIENTED_EDGE('',*,*,#4253,.T.);
#12653 = ORIENTED_EDGE('',*,*,#12578,.T.);
#12654 = ADVANCED_FACE('',(#12655),#4215,.F.);
#12655 = FACE_BOUND('',#12656,.F.);
#12656 = EDGE_LOOP('',(#12657,#12658,#12659,#12660));
#12657 = ORIENTED_EDGE('',*,*,#8358,.F.);
#12658 = ORIENTED_EDGE('',*,*,#12605,.F.);
#12659 = ORIENTED_EDGE('',*,*,#4194,.T.);
#12660 = ORIENTED_EDGE('',*,*,#12661,.T.);
#12661 = EDGE_CURVE('',#4195,#8359,#12662,.T.);
#12662 = SURFACE_CURVE('',#12663,(#12667,#12673),.PCURVE_S1.);
#12663 = LINE('',#12664,#12665);
#12664 = CARTESIAN_POINT('',(8.5,-6.5,4.5));
#12665 = VECTOR('',#12666,1.);
#12666 = DIRECTION('',(0.,0.,1.));
#12667 = PCURVE('',#4215,#12668);
#12668 = DEFINITIONAL_REPRESENTATION('',(#12669),#12672);
#12669 = B_SPLINE_CURVE_WITH_KNOTS('',1,(#12670,#12671),.UNSPECIFIED.,
  .F.,.F.,(2,2),(0.,4.5),.PIECEWISE_BEZIER_KNOTS.);
#12670 = CARTESIAN_POINT('',(6.28318530718,0.));
#12671 = CARTESIAN_POINT('',(6.28318530718,4.5));
#12672 = ( GEOMETRIC_REPRESENTATION_CONTEXT(2) 
PARAMETRIC_REPRESENTATION_CONTEXT() REPRESENTATION_CONTEXT('2D SPACE',''
  ) );
#12673 = PCURVE('',#4242,#12674);
#12674 = DEFINITIONAL_REPRESENTATION('',(#12675),#12679);
#12675 = LINE('',#12676,#12677);
#12676 = CARTESIAN_POINT('',(0.,0.));
#12677 = VECTOR('',#12678,1.);
#12678 = DIRECTION('',(1.,0.));
#12679 = ( GEOMETRIC_REPRESENTATION_CONTEXT(2) 
PARAMETRIC_REPRESENTATION_CONTEXT() REPRESENTATION_CONTEXT('2D SPACE',''
  ) );
#12680 = ADVANCED_FACE('',(#12681),#4242,.F.);
#12681 = FACE_BOUND('',#12682,.F.);
#12682 = EDGE_LOOP('',(#12683,#12684,#12685,#12686));
#12683 = ORIENTED_EDGE('',*,*,#12661,.F.);
#12684 = ORIENTED_EDGE('',*,*,#4227,.F.);
#12685 = ORIENTED_EDGE('',*,*,#12633,.T.);
#12686 = ORIENTED_EDGE('',*,*,#8386,.T.);
#12687 = ADVANCED_FACE('',(#12688),#4368,.F.);
#12688 = FACE_BOUND('',#12689,.F.);
#12689 = EDGE_LOOP('',(#12690,#12709,#12710,#12729));
#12690 = ORIENTED_EDGE('',*,*,#12691,.F.);
#12691 = EDGE_CURVE('',#4346,#8485,#12692,.T.);
#12692 = SURFACE_CURVE('',#12693,(#12697,#12703),.PCURVE_S1.);
#12693 = LINE('',#12694,#12695);
#12694 = CARTESIAN_POINT('',(-17.,11.445454211041,4.5));
#12695 = VECTOR('',#12696,1.);
#12696 = DIRECTION('',(0.,0.,1.));
#12697 = PCURVE('',#4368,#12698);
#12698 = DEFINITIONAL_REPRESENTATION('',(#12699),#12702);
#12699 = B_SPLINE_CURVE_WITH_KNOTS('',1,(#12700,#12701),.UNSPECIFIED.,
  .F.,.F.,(2,2),(0.75,3.75),.PIECEWISE_BEZIER_KNOTS.);
#12700 = CARTESIAN_POINT('',(2.461918834682,0.75));
#12701 = CARTESIAN_POINT('',(2.461918834682,3.75));
#12702 = ( GEOMETRIC_REPRESENTATION_CONTEXT(2) 
PARAMETRIC_REPRESENTATION_CONTEXT() REPRESENTATION_CONTEXT('2D SPACE',''
  ) );
#12703 = PCURVE('',#4695,#12704);
#12704 = DEFINITIONAL_REPRESENTATION('',(#12705),#12708);
#12705 = B_SPLINE_CURVE_WITH_KNOTS('',1,(#12706,#12707),.UNSPECIFIED.,
  .F.,.F.,(2,2),(0.75,3.75),.PIECEWISE_BEZIER_KNOTS.);
#12706 = CARTESIAN_POINT('',(0.75,-1.945455211041));
#12707 = CARTESIAN_POINT('',(3.75,-1.945455211041));
#12708 = ( GEOMETRIC_REPRESENTATION_CONTEXT(2) 
PARAMETRIC_REPRESENTATION_CONTEXT() REPRESENTATION_CONTEXT('2D SPACE',''
  ) );
#12709 = ORIENTED_EDGE('',*,*,#4345,.T.);
#12710 = ORIENTED_EDGE('',*,*,#12711,.T.);
#12711 = EDGE_CURVE('',#4348,#8487,#12712,.T.);
#12712 = SURFACE_CURVE('',#12713,(#12717,#12723),.PCURVE_S1.);
#12713 = LINE('',#12714,#12715);
#12714 = CARTESIAN_POINT('',(-17.,9.559836127877,4.5));
#12715 = VECTOR('',#12716,1.);
#12716 = DIRECTION('',(0.,0.,1.));
#12717 = PCURVE('',#4368,#12718);
#12718 = DEFINITIONAL_REPRESENTATION('',(#12719),#12722);
#12719 = B_SPLINE_CURVE_WITH_KNOTS('',1,(#12720,#12721),.UNSPECIFIED.,
  .F.,.F.,(2,2),(0.75,3.75),.PIECEWISE_BEZIER_KNOTS.);
#12720 = CARTESIAN_POINT('',(3.821266472498,0.75));
#12721 = CARTESIAN_POINT('',(3.821266472498,3.75));
#12722 = ( GEOMETRIC_REPRESENTATION_CONTEXT(2) 
PARAMETRIC_REPRESENTATION_CONTEXT() REPRESENTATION_CONTEXT('2D SPACE',''
  ) );
#12723 = PCURVE('',#4395,#12724);
#12724 = DEFINITIONAL_REPRESENTATION('',(#12725),#12728);
#12725 = B_SPLINE_CURVE_WITH_KNOTS('',1,(#12726,#12727),.UNSPECIFIED.,
  .F.,.F.,(2,2),(0.75,3.75),.PIECEWISE_BEZIER_KNOTS.);
#12726 = CARTESIAN_POINT('',(0.75,-5.98371278767E-02));
#12727 = CARTESIAN_POINT('',(3.75,-5.98371278767E-02));
#12728 = ( GEOMETRIC_REPRESENTATION_CONTEXT(2) 
PARAMETRIC_REPRESENTATION_CONTEXT() REPRESENTATION_CONTEXT('2D SPACE',''
  ) );
#12729 = ORIENTED_EDGE('',*,*,#8484,.F.);
#12730 = ADVANCED_FACE('',(#12731),#4695,.T.);
#12731 = FACE_BOUND('',#12732,.T.);
#12732 = EDGE_LOOP('',(#12733,#12734,#12735,#12756));
#12733 = ORIENTED_EDGE('',*,*,#12691,.F.);
#12734 = ORIENTED_EDGE('',*,*,#4682,.F.);
#12735 = ORIENTED_EDGE('',*,*,#12736,.T.);
#12736 = EDGE_CURVE('',#4650,#8739,#12737,.T.);
#12737 = SURFACE_CURVE('',#12738,(#12742,#12749),.PCURVE_S1.);
#12738 = LINE('',#12739,#12740);
#12739 = CARTESIAN_POINT('',(-17.,18.500001,4.5));
#12740 = VECTOR('',#12741,1.);
#12741 = DIRECTION('',(0.,0.,1.));
#12742 = PCURVE('',#4695,#12743);
#12743 = DEFINITIONAL_REPRESENTATION('',(#12744),#12748);
#12744 = LINE('',#12745,#12746);
#12745 = CARTESIAN_POINT('',(0.,-9.000002));
#12746 = VECTOR('',#12747,1.);
#12747 = DIRECTION('',(1.,0.));
#12748 = ( GEOMETRIC_REPRESENTATION_CONTEXT(2) 
PARAMETRIC_REPRESENTATION_CONTEXT() REPRESENTATION_CONTEXT('2D SPACE',''
  ) );
#12749 = PCURVE('',#4670,#12750);
#12750 = DEFINITIONAL_REPRESENTATION('',(#12751),#12755);
#12751 = LINE('',#12752,#12753);
#12752 = CARTESIAN_POINT('',(3.14159265359,0.));
#12753 = VECTOR('',#12754,1.);
#12754 = DIRECTION('',(0.,1.));
#12755 = ( GEOMETRIC_REPRESENTATION_CONTEXT(2) 
PARAMETRIC_REPRESENTATION_CONTEXT() REPRESENTATION_CONTEXT('2D SPACE',''
  ) );
#12756 = ORIENTED_EDGE('',*,*,#8766,.T.);
#12757 = ADVANCED_FACE('',(#12758),#4395,.T.);
#12758 = FACE_BOUND('',#12759,.T.);
#12759 = EDGE_LOOP('',(#12760,#12781,#12782,#12783));
#12760 = ORIENTED_EDGE('',*,*,#12761,.F.);
#12761 = EDGE_CURVE('',#4381,#8515,#12762,.T.);
#12762 = SURFACE_CURVE('',#12763,(#12767,#12774),.PCURVE_S1.);
#12763 = LINE('',#12764,#12765);
#12764 = CARTESIAN_POINT('',(-17.,9.499999,4.5));
#12765 = VECTOR('',#12766,1.);
#12766 = DIRECTION('',(0.,0.,1.));
#12767 = PCURVE('',#4395,#12768);
#12768 = DEFINITIONAL_REPRESENTATION('',(#12769),#12773);
#12769 = LINE('',#12770,#12771);
#12770 = CARTESIAN_POINT('',(0.,0.));
#12771 = VECTOR('',#12772,1.);
#12772 = DIRECTION('',(1.,0.));
#12773 = ( GEOMETRIC_REPRESENTATION_CONTEXT(2) 
PARAMETRIC_REPRESENTATION_CONTEXT() REPRESENTATION_CONTEXT('2D SPACE',''
  ) );
#12774 = PCURVE('',#4427,#12775);
#12775 = DEFINITIONAL_REPRESENTATION('',(#12776),#12780);
#12776 = LINE('',#12777,#12778);
#12777 = CARTESIAN_POINT('',(3.14159265359,0.));
#12778 = VECTOR('',#12779,1.);
#12779 = DIRECTION('',(0.,1.));
#12780 = ( GEOMETRIC_REPRESENTATION_CONTEXT(2) 
PARAMETRIC_REPRESENTATION_CONTEXT() REPRESENTATION_CONTEXT('2D SPACE',''
  ) );
#12781 = ORIENTED_EDGE('',*,*,#4380,.F.);
#12782 = ORIENTED_EDGE('',*,*,#12711,.T.);
#12783 = ORIENTED_EDGE('',*,*,#8514,.T.);
#12784 = ADVANCED_FACE('',(#12785),#4670,.F.);
#12785 = FACE_BOUND('',#12786,.F.);
#12786 = EDGE_LOOP('',(#12787,#12788,#12809,#12810));
#12787 = ORIENTED_EDGE('',*,*,#8738,.F.);
#12788 = ORIENTED_EDGE('',*,*,#12789,.F.);
#12789 = EDGE_CURVE('',#4624,#8718,#12790,.T.);
#12790 = SURFACE_CURVE('',#12791,(#12795,#12802),.PCURVE_S1.);
#12791 = LINE('',#12792,#12793);
#12792 = CARTESIAN_POINT('',(-14.000001,21.5,4.5));
#12793 = VECTOR('',#12794,1.);
#12794 = DIRECTION('',(0.,0.,1.));
#12795 = PCURVE('',#4670,#12796);
#12796 = DEFINITIONAL_REPRESENTATION('',(#12797),#12801);
#12797 = LINE('',#12798,#12799);
#12798 = CARTESIAN_POINT('',(1.570796326795,0.));
#12799 = VECTOR('',#12800,1.);
#12800 = DIRECTION('',(0.,1.));
#12801 = ( GEOMETRIC_REPRESENTATION_CONTEXT(2) 
PARAMETRIC_REPRESENTATION_CONTEXT() REPRESENTATION_CONTEXT('2D SPACE',''
  ) );
#12802 = PCURVE('',#4638,#12803);
#12803 = DEFINITIONAL_REPRESENTATION('',(#12804),#12808);
#12804 = LINE('',#12805,#12806);
#12805 = CARTESIAN_POINT('',(0.,0.));
#12806 = VECTOR('',#12807,1.);
#12807 = DIRECTION('',(1.,0.));
#12808 = ( GEOMETRIC_REPRESENTATION_CONTEXT(2) 
PARAMETRIC_REPRESENTATION_CONTEXT() REPRESENTATION_CONTEXT('2D SPACE',''
  ) );
#12809 = ORIENTED_EDGE('',*,*,#4649,.T.);
#12810 = ORIENTED_EDGE('',*,*,#12736,.T.);
#12811 = ADVANCED_FACE('',(#12812),#4427,.F.);
#12812 = FACE_BOUND('',#12813,.F.);
#12813 = EDGE_LOOP('',(#12814,#12815,#12816,#12817));
#12814 = ORIENTED_EDGE('',*,*,#8535,.F.);
#12815 = ORIENTED_EDGE('',*,*,#12761,.F.);
#12816 = ORIENTED_EDGE('',*,*,#4406,.T.);
#12817 = ORIENTED_EDGE('',*,*,#12818,.T.);
#12818 = EDGE_CURVE('',#4407,#8536,#12819,.T.);
#12819 = SURFACE_CURVE('',#12820,(#12824,#12831),.PCURVE_S1.);
#12820 = LINE('',#12821,#12822);
#12821 = CARTESIAN_POINT('',(-14.000001,6.5,4.5));
#12822 = VECTOR('',#12823,1.);
#12823 = DIRECTION('',(0.,0.,1.));
#12824 = PCURVE('',#4427,#12825);
#12825 = DEFINITIONAL_REPRESENTATION('',(#12826),#12830);
#12826 = LINE('',#12827,#12828);
#12827 = CARTESIAN_POINT('',(4.712388980385,0.));
#12828 = VECTOR('',#12829,1.);
#12829 = DIRECTION('',(0.,1.));
#12830 = ( GEOMETRIC_REPRESENTATION_CONTEXT(2) 
PARAMETRIC_REPRESENTATION_CONTEXT() REPRESENTATION_CONTEXT('2D SPACE',''
  ) );
#12831 = PCURVE('',#4454,#12832);
#12832 = DEFINITIONAL_REPRESENTATION('',(#12833),#12837);
#12833 = LINE('',#12834,#12835);
#12834 = CARTESIAN_POINT('',(0.,0.));
#12835 = VECTOR('',#12836,1.);
#12836 = DIRECTION('',(1.,0.));
#12837 = ( GEOMETRIC_REPRESENTATION_CONTEXT(2) 
PARAMETRIC_REPRESENTATION_CONTEXT() REPRESENTATION_CONTEXT('2D SPACE',''
  ) );
#12838 = ADVANCED_FACE('',(#12839),#4638,.F.);
#12839 = FACE_BOUND('',#12840,.F.);
#12840 = EDGE_LOOP('',(#12841,#12862,#12863,#12864));
#12841 = ORIENTED_EDGE('',*,*,#12842,.F.);
#12842 = EDGE_CURVE('',#4591,#8690,#12843,.T.);
#12843 = SURFACE_CURVE('',#12844,(#12848,#12855),.PCURVE_S1.);
#12844 = LINE('',#12845,#12846);
#12845 = CARTESIAN_POINT('',(-13.999999,21.5,4.5));
#12846 = VECTOR('',#12847,1.);
#12847 = DIRECTION('',(0.,0.,1.));
#12848 = PCURVE('',#4638,#12849);
#12849 = DEFINITIONAL_REPRESENTATION('',(#12850),#12854);
#12850 = LINE('',#12851,#12852);
#12851 = CARTESIAN_POINT('',(0.,2.00000000028E-06));
#12852 = VECTOR('',#12853,1.);
#12853 = DIRECTION('',(1.,0.));
#12854 = ( GEOMETRIC_REPRESENTATION_CONTEXT(2) 
PARAMETRIC_REPRESENTATION_CONTEXT() REPRESENTATION_CONTEXT('2D SPACE',''
  ) );
#12855 = PCURVE('',#4611,#12856);
#12856 = DEFINITIONAL_REPRESENTATION('',(#12857),#12861);
#12857 = LINE('',#12858,#12859);
#12858 = CARTESIAN_POINT('',(1.570796326795,0.));
#12859 = VECTOR('',#12860,1.);
#12860 = DIRECTION('',(0.,1.));
#12861 = ( GEOMETRIC_REPRESENTATION_CONTEXT(2) 
PARAMETRIC_REPRESENTATION_CONTEXT() REPRESENTATION_CONTEXT('2D SPACE',''
  ) );
#12862 = ORIENTED_EDGE('',*,*,#4623,.F.);
#12863 = ORIENTED_EDGE('',*,*,#12789,.T.);
#12864 = ORIENTED_EDGE('',*,*,#8717,.T.);
#12865 = ADVANCED_FACE('',(#12866),#4454,.T.);
#12866 = FACE_BOUND('',#12867,.T.);
#12867 = EDGE_LOOP('',(#12868,#12889,#12890,#12891));
#12868 = ORIENTED_EDGE('',*,*,#12869,.F.);
#12869 = EDGE_CURVE('',#4440,#8564,#12870,.T.);
#12870 = SURFACE_CURVE('',#12871,(#12875,#12882),.PCURVE_S1.);
#12871 = LINE('',#12872,#12873);
#12872 = CARTESIAN_POINT('',(-13.999999,6.5,4.5));
#12873 = VECTOR('',#12874,1.);
#12874 = DIRECTION('',(0.,0.,1.));
#12875 = PCURVE('',#4454,#12876);
#12876 = DEFINITIONAL_REPRESENTATION('',(#12877),#12881);
#12877 = LINE('',#12878,#12879);
#12878 = CARTESIAN_POINT('',(0.,2.00000000028E-06));
#12879 = VECTOR('',#12880,1.);
#12880 = DIRECTION('',(1.,0.));
#12881 = ( GEOMETRIC_REPRESENTATION_CONTEXT(2) 
PARAMETRIC_REPRESENTATION_CONTEXT() REPRESENTATION_CONTEXT('2D SPACE',''
  ) );
#12882 = PCURVE('',#4486,#12883);
#12883 = DEFINITIONAL_REPRESENTATION('',(#12884),#12888);
#12884 = LINE('',#12885,#12886);
#12885 = CARTESIAN_POINT('',(4.712388980385,0.));
#12886 = VECTOR('',#12887,1.);
#12887 = DIRECTION('',(0.,1.));
#12888 = ( GEOMETRIC_REPRESENTATION_CONTEXT(2) 
PARAMETRIC_REPRESENTATION_CONTEXT() REPRESENTATION_CONTEXT('2D SPACE',''
  ) );
#12889 = ORIENTED_EDGE('',*,*,#4439,.F.);
#12890 = ORIENTED_EDGE('',*,*,#12818,.T.);
#12891 = ORIENTED_EDGE('',*,*,#8563,.T.);
#12892 = ADVANCED_FACE('',(#12893),#4611,.F.);
#12893 = FACE_BOUND('',#12894,.F.);
#12894 = EDGE_LOOP('',(#12895,#12896,#12916,#12917));
#12895 = ORIENTED_EDGE('',*,*,#8689,.F.);
#12896 = ORIENTED_EDGE('',*,*,#12897,.F.);
#12897 = EDGE_CURVE('',#4565,#8669,#12898,.T.);
#12898 = SURFACE_CURVE('',#12899,(#12903,#12909),.PCURVE_S1.);
#12899 = LINE('',#12900,#12901);
#12900 = CARTESIAN_POINT('',(-11.,18.500001,4.5));
#12901 = VECTOR('',#12902,1.);
#12902 = DIRECTION('',(0.,0.,1.));
#12903 = PCURVE('',#4611,#12904);
#12904 = DEFINITIONAL_REPRESENTATION('',(#12905),#12908);
#12905 = B_SPLINE_CURVE_WITH_KNOTS('',1,(#12906,#12907),.UNSPECIFIED.,
  .F.,.F.,(2,2),(0.,4.5),.PIECEWISE_BEZIER_KNOTS.);
#12906 = CARTESIAN_POINT('',(0.,0.));
#12907 = CARTESIAN_POINT('',(0.,4.5));
#12908 = ( GEOMETRIC_REPRESENTATION_CONTEXT(2) 
PARAMETRIC_REPRESENTATION_CONTEXT() REPRESENTATION_CONTEXT('2D SPACE',''
  ) );
#12909 = PCURVE('',#4579,#12910);
#12910 = DEFINITIONAL_REPRESENTATION('',(#12911),#12915);
#12911 = LINE('',#12912,#12913);
#12912 = CARTESIAN_POINT('',(0.,-9.000002));
#12913 = VECTOR('',#12914,1.);
#12914 = DIRECTION('',(1.,0.));
#12915 = ( GEOMETRIC_REPRESENTATION_CONTEXT(2) 
PARAMETRIC_REPRESENTATION_CONTEXT() REPRESENTATION_CONTEXT('2D SPACE',''
  ) );
#12916 = ORIENTED_EDGE('',*,*,#4590,.T.);
#12917 = ORIENTED_EDGE('',*,*,#12842,.T.);
#12918 = ADVANCED_FACE('',(#12919),#4486,.F.);
#12919 = FACE_BOUND('',#12920,.F.);
#12920 = EDGE_LOOP('',(#12921,#12922,#12923,#12924));
#12921 = ORIENTED_EDGE('',*,*,#8584,.F.);
#12922 = ORIENTED_EDGE('',*,*,#12869,.F.);
#12923 = ORIENTED_EDGE('',*,*,#4465,.T.);
#12924 = ORIENTED_EDGE('',*,*,#12925,.T.);
#12925 = EDGE_CURVE('',#4466,#8585,#12926,.T.);
#12926 = SURFACE_CURVE('',#12927,(#12931,#12937),.PCURVE_S1.);
#12927 = LINE('',#12928,#12929);
#12928 = CARTESIAN_POINT('',(-11.0541027033,8.932822652558,4.5));
#12929 = VECTOR('',#12930,1.);
#12930 = DIRECTION('',(0.,0.,1.));
#12931 = PCURVE('',#4486,#12932);
#12932 = DEFINITIONAL_REPRESENTATION('',(#12933),#12936);
#12933 = B_SPLINE_CURVE_WITH_KNOTS('',1,(#12934,#12935),.UNSPECIFIED.,
  .F.,.F.,(2,2),(0.9999994,3.5000006),.PIECEWISE_BEZIER_KNOTS.);
#12934 = CARTESIAN_POINT('',(6.092981688465,0.9999994));
#12935 = CARTESIAN_POINT('',(6.092981688465,3.5000006));
#12936 = ( GEOMETRIC_REPRESENTATION_CONTEXT(2) 
PARAMETRIC_REPRESENTATION_CONTEXT() REPRESENTATION_CONTEXT('2D SPACE',''
  ) );
#12937 = PCURVE('',#4519,#12938);
#12938 = DEFINITIONAL_REPRESENTATION('',(#12939),#12942);
#12939 = B_SPLINE_CURVE_WITH_KNOTS('',1,(#12940,#12941),.UNSPECIFIED.,
  .F.,.F.,(2,2),(0.9999994,3.5000006),.PIECEWISE_BEZIER_KNOTS.);
#12940 = CARTESIAN_POINT('',(3.933154302366,0.9999994));
#12941 = CARTESIAN_POINT('',(3.933154302366,3.5000006));
#12942 = ( GEOMETRIC_REPRESENTATION_CONTEXT(2) 
PARAMETRIC_REPRESENTATION_CONTEXT() REPRESENTATION_CONTEXT('2D SPACE',''
  ) );
#12943 = ADVANCED_FACE('',(#12944),#4579,.F.);
#12944 = FACE_BOUND('',#12945,.F.);
#12945 = EDGE_LOOP('',(#12946,#12965,#12966,#12967));
#12946 = ORIENTED_EDGE('',*,*,#12947,.F.);
#12947 = EDGE_CURVE('',#4532,#8641,#12948,.T.);
#12948 = SURFACE_CURVE('',#12949,(#12953,#12959),.PCURVE_S1.);
#12949 = LINE('',#12950,#12951);
#12950 = CARTESIAN_POINT('',(-11.,11.11803398875,4.5));
#12951 = VECTOR('',#12952,1.);
#12952 = DIRECTION('',(0.,0.,1.));
#12953 = PCURVE('',#4579,#12954);
#12954 = DEFINITIONAL_REPRESENTATION('',(#12955),#12958);
#12955 = B_SPLINE_CURVE_WITH_KNOTS('',1,(#12956,#12957),.UNSPECIFIED.,
  .F.,.F.,(2,2),(0.75,3.75),.PIECEWISE_BEZIER_KNOTS.);
#12956 = CARTESIAN_POINT('',(0.75,-1.61803498875));
#12957 = CARTESIAN_POINT('',(3.75,-1.61803498875));
#12958 = ( GEOMETRIC_REPRESENTATION_CONTEXT(2) 
PARAMETRIC_REPRESENTATION_CONTEXT() REPRESENTATION_CONTEXT('2D SPACE',''
  ) );
#12959 = PCURVE('',#4552,#12960);
#12960 = DEFINITIONAL_REPRESENTATION('',(#12961),#12964);
#12961 = B_SPLINE_CURVE_WITH_KNOTS('',1,(#12962,#12963),.UNSPECIFIED.,
  .F.,.F.,(2,2),(0.75,3.75),.PIECEWISE_BEZIER_KNOTS.);
#12962 = CARTESIAN_POINT('',(2.300523983022,0.75));
#12963 = CARTESIAN_POINT('',(2.300523983022,3.75));
#12964 = ( GEOMETRIC_REPRESENTATION_CONTEXT(2) 
PARAMETRIC_REPRESENTATION_CONTEXT() REPRESENTATION_CONTEXT('2D SPACE',''
  ) );
#12965 = ORIENTED_EDGE('',*,*,#4564,.F.);
#12966 = ORIENTED_EDGE('',*,*,#12897,.T.);
#12967 = ORIENTED_EDGE('',*,*,#8668,.T.);
#12968 = ADVANCED_FACE('',(#12969),#4519,.F.);
#12969 = FACE_BOUND('',#12970,.F.);
#12970 = EDGE_LOOP('',(#12971,#12992,#12993,#12994));
#12971 = ORIENTED_EDGE('',*,*,#12972,.T.);
#12972 = EDGE_CURVE('',#4499,#8613,#12973,.T.);
#12973 = SURFACE_CURVE('',#12974,(#12978,#12985),.PCURVE_S1.);
#12974 = LINE('',#12975,#12976);
#12975 = CARTESIAN_POINT('',(-8.5,10.,4.5));
#12976 = VECTOR('',#12977,1.);
#12977 = DIRECTION('',(0.,0.,1.));
#12978 = PCURVE('',#4519,#12979);
#12979 = DEFINITIONAL_REPRESENTATION('',(#12980),#12984);
#12980 = LINE('',#12981,#12982);
#12981 = CARTESIAN_POINT('',(6.28318530718,-0.));
#12982 = VECTOR('',#12983,1.);
#12983 = DIRECTION('',(0.,1.));
#12984 = ( GEOMETRIC_REPRESENTATION_CONTEXT(2) 
PARAMETRIC_REPRESENTATION_CONTEXT() REPRESENTATION_CONTEXT('2D SPACE',''
  ) );
#12985 = PCURVE('',#4552,#12986);
#12986 = DEFINITIONAL_REPRESENTATION('',(#12987),#12991);
#12987 = LINE('',#12988,#12989);
#12988 = CARTESIAN_POINT('',(0.,-0.));
#12989 = VECTOR('',#12990,1.);
#12990 = DIRECTION('',(0.,1.));
#12991 = ( GEOMETRIC_REPRESENTATION_CONTEXT(2) 
PARAMETRIC_REPRESENTATION_CONTEXT() REPRESENTATION_CONTEXT('2D SPACE',''
  ) );
#12992 = ORIENTED_EDGE('',*,*,#8612,.F.);
#12993 = ORIENTED_EDGE('',*,*,#12925,.F.);
#12994 = ORIENTED_EDGE('',*,*,#4498,.T.);
#12995 = ADVANCED_FACE('',(#12996),#4552,.F.);
#12996 = FACE_BOUND('',#12997,.F.);
#12997 = EDGE_LOOP('',(#12998,#12999,#13000,#13001));
#12998 = ORIENTED_EDGE('',*,*,#8640,.F.);
#12999 = ORIENTED_EDGE('',*,*,#12972,.F.);
#13000 = ORIENTED_EDGE('',*,*,#4531,.T.);
#13001 = ORIENTED_EDGE('',*,*,#12947,.T.);
#13002 = ADVANCED_FACE('',(#13003),#4729,.F.);
#13003 = FACE_BOUND('',#13004,.F.);
#13004 = EDGE_LOOP('',(#13005,#13006,#13027,#13028));
#13005 = ORIENTED_EDGE('',*,*,#8787,.F.);
#13006 = ORIENTED_EDGE('',*,*,#13007,.F.);
#13007 = EDGE_CURVE('',#4709,#8788,#13008,.T.);
#13008 = SEAM_CURVE('',#13009,(#13013,#13020),.PCURVE_S1.);
#13009 = LINE('',#13010,#13011);
#13010 = CARTESIAN_POINT('',(-19.33333333333,13.819269959814,4.5));
#13011 = VECTOR('',#13012,1.);
#13012 = DIRECTION('',(0.,0.,1.));
#13013 = PCURVE('',#4729,#13014);
#13014 = DEFINITIONAL_REPRESENTATION('',(#13015),#13019);
#13015 = LINE('',#13016,#13017);
#13016 = CARTESIAN_POINT('',(6.28318530718,-0.));
#13017 = VECTOR('',#13018,1.);
#13018 = DIRECTION('',(0.,1.));
#13019 = ( GEOMETRIC_REPRESENTATION_CONTEXT(2) 
PARAMETRIC_REPRESENTATION_CONTEXT() REPRESENTATION_CONTEXT('2D SPACE',''
  ) );
#13020 = PCURVE('',#4729,#13021);
#13021 = DEFINITIONAL_REPRESENTATION('',(#13022),#13026);
#13022 = LINE('',#13023,#13024);
#13023 = CARTESIAN_POINT('',(0.,-0.));
#13024 = VECTOR('',#13025,1.);
#13025 = DIRECTION('',(0.,1.));
#13026 = ( GEOMETRIC_REPRESENTATION_CONTEXT(2) 
PARAMETRIC_REPRESENTATION_CONTEXT() REPRESENTATION_CONTEXT('2D SPACE',''
  ) );
#13027 = ORIENTED_EDGE('',*,*,#4708,.T.);
#13028 = ORIENTED_EDGE('',*,*,#13007,.T.);
#13029 = ADVANCED_FACE('',(#13030),#4760,.T.);
#13030 = FACE_BOUND('',#13031,.T.);
#13031 = EDGE_LOOP('',(#13032,#13053,#13054,#13075));
#13032 = ORIENTED_EDGE('',*,*,#13033,.F.);
#13033 = EDGE_CURVE('',#4746,#8820,#13034,.T.);
#13034 = SURFACE_CURVE('',#13035,(#13039,#13046),.PCURVE_S1.);
#13035 = LINE('',#13036,#13037);
#13036 = CARTESIAN_POINT('',(-4.5,22.,4.5));
#13037 = VECTOR('',#13038,1.);
#13038 = DIRECTION('',(0.,0.,1.));
#13039 = PCURVE('',#4760,#13040);
#13040 = DEFINITIONAL_REPRESENTATION('',(#13041),#13045);
#13041 = LINE('',#13042,#13043);
#13042 = CARTESIAN_POINT('',(0.,0.));
#13043 = VECTOR('',#13044,1.);
#13044 = DIRECTION('',(1.,0.));
#13045 = ( GEOMETRIC_REPRESENTATION_CONTEXT(2) 
PARAMETRIC_REPRESENTATION_CONTEXT() REPRESENTATION_CONTEXT('2D SPACE',''
  ) );
#13046 = PCURVE('',#4792,#13047);
#13047 = DEFINITIONAL_REPRESENTATION('',(#13048),#13052);
#13048 = LINE('',#13049,#13050);
#13049 = CARTESIAN_POINT('',(3.14159265359,0.));
#13050 = VECTOR('',#13051,1.);
#13051 = DIRECTION('',(0.,1.));
#13052 = ( GEOMETRIC_REPRESENTATION_CONTEXT(2) 
PARAMETRIC_REPRESENTATION_CONTEXT() REPRESENTATION_CONTEXT('2D SPACE',''
  ) );
#13053 = ORIENTED_EDGE('',*,*,#4743,.F.);
#13054 = ORIENTED_EDGE('',*,*,#13055,.T.);
#13055 = EDGE_CURVE('',#4744,#8818,#13056,.T.);
#13056 = SURFACE_CURVE('',#13057,(#13061,#13068),.PCURVE_S1.);
#13057 = LINE('',#13058,#13059);
#13058 = CARTESIAN_POINT('',(-4.5,30.,4.5));
#13059 = VECTOR('',#13060,1.);
#13060 = DIRECTION('',(0.,0.,1.));
#13061 = PCURVE('',#4760,#13062);
#13062 = DEFINITIONAL_REPRESENTATION('',(#13063),#13067);
#13063 = LINE('',#13064,#13065);
#13064 = CARTESIAN_POINT('',(0.,-8.));
#13065 = VECTOR('',#13066,1.);
#13066 = DIRECTION('',(1.,0.));
#13067 = ( GEOMETRIC_REPRESENTATION_CONTEXT(2) 
PARAMETRIC_REPRESENTATION_CONTEXT() REPRESENTATION_CONTEXT('2D SPACE',''
  ) );
#13068 = PCURVE('',#4967,#13069);
#13069 = DEFINITIONAL_REPRESENTATION('',(#13070),#13074);
#13070 = LINE('',#13071,#13072);
#13071 = CARTESIAN_POINT('',(3.14159265359,0.));
#13072 = VECTOR('',#13073,1.);
#13073 = DIRECTION('',(0.,1.));
#13074 = ( GEOMETRIC_REPRESENTATION_CONTEXT(2) 
PARAMETRIC_REPRESENTATION_CONTEXT() REPRESENTATION_CONTEXT('2D SPACE',''
  ) );
#13075 = ORIENTED_EDGE('',*,*,#8817,.T.);
#13076 = ADVANCED_FACE('',(#13077),#4967,.F.);
#13077 = FACE_BOUND('',#13078,.F.);
#13078 = EDGE_LOOP('',(#13079,#13080,#13101,#13102));
#13079 = ORIENTED_EDGE('',*,*,#8987,.F.);
#13080 = ORIENTED_EDGE('',*,*,#13081,.F.);
#13081 = EDGE_CURVE('',#4923,#8967,#13082,.T.);
#13082 = SURFACE_CURVE('',#13083,(#13087,#13094),.PCURVE_S1.);
#13083 = LINE('',#13084,#13085);
#13084 = CARTESIAN_POINT('',(-0.5,34.,4.5));
#13085 = VECTOR('',#13086,1.);
#13086 = DIRECTION('',(0.,0.,1.));
#13087 = PCURVE('',#4967,#13088);
#13088 = DEFINITIONAL_REPRESENTATION('',(#13089),#13093);
#13089 = LINE('',#13090,#13091);
#13090 = CARTESIAN_POINT('',(1.570796326795,0.));
#13091 = VECTOR('',#13092,1.);
#13092 = DIRECTION('',(0.,1.));
#13093 = ( GEOMETRIC_REPRESENTATION_CONTEXT(2) 
PARAMETRIC_REPRESENTATION_CONTEXT() REPRESENTATION_CONTEXT('2D SPACE',''
  ) );
#13094 = PCURVE('',#4937,#13095);
#13095 = DEFINITIONAL_REPRESENTATION('',(#13096),#13100);
#13096 = LINE('',#13097,#13098);
#13097 = CARTESIAN_POINT('',(0.,0.));
#13098 = VECTOR('',#13099,1.);
#13099 = DIRECTION('',(1.,0.));
#13100 = ( GEOMETRIC_REPRESENTATION_CONTEXT(2) 
PARAMETRIC_REPRESENTATION_CONTEXT() REPRESENTATION_CONTEXT('2D SPACE',''
  ) );
#13101 = ORIENTED_EDGE('',*,*,#4948,.T.);
#13102 = ORIENTED_EDGE('',*,*,#13055,.T.);
#13103 = ADVANCED_FACE('',(#13104),#4792,.F.);
#13104 = FACE_BOUND('',#13105,.F.);
#13105 = EDGE_LOOP('',(#13106,#13107,#13108,#13109));
#13106 = ORIENTED_EDGE('',*,*,#8840,.F.);
#13107 = ORIENTED_EDGE('',*,*,#13033,.F.);
#13108 = ORIENTED_EDGE('',*,*,#4771,.T.);
#13109 = ORIENTED_EDGE('',*,*,#13110,.T.);
#13110 = EDGE_CURVE('',#4772,#8841,#13111,.T.);
#13111 = SURFACE_CURVE('',#13112,(#13116,#13123),.PCURVE_S1.);
#13112 = LINE('',#13113,#13114);
#13113 = CARTESIAN_POINT('',(-0.5,18.,4.5));
#13114 = VECTOR('',#13115,1.);
#13115 = DIRECTION('',(0.,0.,1.));
#13116 = PCURVE('',#4792,#13117);
#13117 = DEFINITIONAL_REPRESENTATION('',(#13118),#13122);
#13118 = LINE('',#13119,#13120);
#13119 = CARTESIAN_POINT('',(4.712388980385,0.));
#13120 = VECTOR('',#13121,1.);
#13121 = DIRECTION('',(0.,1.));
#13122 = ( GEOMETRIC_REPRESENTATION_CONTEXT(2) 
PARAMETRIC_REPRESENTATION_CONTEXT() REPRESENTATION_CONTEXT('2D SPACE',''
  ) );
#13123 = PCURVE('',#4819,#13124);
#13124 = DEFINITIONAL_REPRESENTATION('',(#13125),#13129);
#13125 = LINE('',#13126,#13127);
#13126 = CARTESIAN_POINT('',(0.,0.));
#13127 = VECTOR('',#13128,1.);
#13128 = DIRECTION('',(1.,0.));
#13129 = ( GEOMETRIC_REPRESENTATION_CONTEXT(2) 
PARAMETRIC_REPRESENTATION_CONTEXT() REPRESENTATION_CONTEXT('2D SPACE',''
  ) );
#13130 = ADVANCED_FACE('',(#13131),#4937,.F.);
#13131 = FACE_BOUND('',#13132,.F.);
#13132 = EDGE_LOOP('',(#13133,#13154,#13155,#13156));
#13133 = ORIENTED_EDGE('',*,*,#13134,.F.);
#13134 = EDGE_CURVE('',#4890,#8939,#13135,.T.);
#13135 = SURFACE_CURVE('',#13136,(#13140,#13147),.PCURVE_S1.);
#13136 = LINE('',#13137,#13138);
#13137 = CARTESIAN_POINT('',(0.5,34.,4.5));
#13138 = VECTOR('',#13139,1.);
#13139 = DIRECTION('',(0.,0.,1.));
#13140 = PCURVE('',#4937,#13141);
#13141 = DEFINITIONAL_REPRESENTATION('',(#13142),#13146);
#13142 = LINE('',#13143,#13144);
#13143 = CARTESIAN_POINT('',(0.,1.));
#13144 = VECTOR('',#13145,1.);
#13145 = DIRECTION('',(1.,0.));
#13146 = ( GEOMETRIC_REPRESENTATION_CONTEXT(2) 
PARAMETRIC_REPRESENTATION_CONTEXT() REPRESENTATION_CONTEXT('2D SPACE',''
  ) );
#13147 = PCURVE('',#4910,#13148);
#13148 = DEFINITIONAL_REPRESENTATION('',(#13149),#13153);
#13149 = LINE('',#13150,#13151);
#13150 = CARTESIAN_POINT('',(1.570796326795,0.));
#13151 = VECTOR('',#13152,1.);
#13152 = DIRECTION('',(0.,1.));
#13153 = ( GEOMETRIC_REPRESENTATION_CONTEXT(2) 
PARAMETRIC_REPRESENTATION_CONTEXT() REPRESENTATION_CONTEXT('2D SPACE',''
  ) );
#13154 = ORIENTED_EDGE('',*,*,#4922,.F.);
#13155 = ORIENTED_EDGE('',*,*,#13081,.T.);
#13156 = ORIENTED_EDGE('',*,*,#8966,.T.);
#13157 = ADVANCED_FACE('',(#13158),#4819,.T.);
#13158 = FACE_BOUND('',#13159,.T.);
#13159 = EDGE_LOOP('',(#13160,#13181,#13182,#13183));
#13160 = ORIENTED_EDGE('',*,*,#13161,.F.);
#13161 = EDGE_CURVE('',#4805,#8869,#13162,.T.);
#13162 = SURFACE_CURVE('',#13163,(#13167,#13174),.PCURVE_S1.);
#13163 = LINE('',#13164,#13165);
#13164 = CARTESIAN_POINT('',(0.5,18.,4.5));
#13165 = VECTOR('',#13166,1.);
#13166 = DIRECTION('',(0.,0.,1.));
#13167 = PCURVE('',#4819,#13168);
#13168 = DEFINITIONAL_REPRESENTATION('',(#13169),#13173);
#13169 = LINE('',#13170,#13171);
#13170 = CARTESIAN_POINT('',(0.,1.));
#13171 = VECTOR('',#13172,1.);
#13172 = DIRECTION('',(1.,0.));
#13173 = ( GEOMETRIC_REPRESENTATION_CONTEXT(2) 
PARAMETRIC_REPRESENTATION_CONTEXT() REPRESENTATION_CONTEXT('2D SPACE',''
  ) );
#13174 = PCURVE('',#4851,#13175);
#13175 = DEFINITIONAL_REPRESENTATION('',(#13176),#13180);
#13176 = LINE('',#13177,#13178);
#13177 = CARTESIAN_POINT('',(4.712388980385,0.));
#13178 = VECTOR('',#13179,1.);
#13179 = DIRECTION('',(0.,1.));
#13180 = ( GEOMETRIC_REPRESENTATION_CONTEXT(2) 
PARAMETRIC_REPRESENTATION_CONTEXT() REPRESENTATION_CONTEXT('2D SPACE',''
  ) );
#13181 = ORIENTED_EDGE('',*,*,#4804,.F.);
#13182 = ORIENTED_EDGE('',*,*,#13110,.T.);
#13183 = ORIENTED_EDGE('',*,*,#8868,.T.);
#13184 = ADVANCED_FACE('',(#13185),#4910,.F.);
#13185 = FACE_BOUND('',#13186,.F.);
#13186 = EDGE_LOOP('',(#13187,#13188,#13208,#13209));
#13187 = ORIENTED_EDGE('',*,*,#8938,.F.);
#13188 = ORIENTED_EDGE('',*,*,#13189,.F.);
#13189 = EDGE_CURVE('',#4864,#8918,#13190,.T.);
#13190 = SURFACE_CURVE('',#13191,(#13195,#13201),.PCURVE_S1.);
#13191 = LINE('',#13192,#13193);
#13192 = CARTESIAN_POINT('',(4.5,30.,4.5));
#13193 = VECTOR('',#13194,1.);
#13194 = DIRECTION('',(0.,0.,1.));
#13195 = PCURVE('',#4910,#13196);
#13196 = DEFINITIONAL_REPRESENTATION('',(#13197),#13200);
#13197 = B_SPLINE_CURVE_WITH_KNOTS('',1,(#13198,#13199),.UNSPECIFIED.,
  .F.,.F.,(2,2),(0.,4.5),.PIECEWISE_BEZIER_KNOTS.);
#13198 = CARTESIAN_POINT('',(0.,0.));
#13199 = CARTESIAN_POINT('',(0.,4.5));
#13200 = ( GEOMETRIC_REPRESENTATION_CONTEXT(2) 
PARAMETRIC_REPRESENTATION_CONTEXT() REPRESENTATION_CONTEXT('2D SPACE',''
  ) );
#13201 = PCURVE('',#4878,#13202);
#13202 = DEFINITIONAL_REPRESENTATION('',(#13203),#13207);
#13203 = LINE('',#13204,#13205);
#13204 = CARTESIAN_POINT('',(0.,-8.));
#13205 = VECTOR('',#13206,1.);
#13206 = DIRECTION('',(1.,0.));
#13207 = ( GEOMETRIC_REPRESENTATION_CONTEXT(2) 
PARAMETRIC_REPRESENTATION_CONTEXT() REPRESENTATION_CONTEXT('2D SPACE',''
  ) );
#13208 = ORIENTED_EDGE('',*,*,#4889,.T.);
#13209 = ORIENTED_EDGE('',*,*,#13134,.T.);
#13210 = ADVANCED_FACE('',(#13211),#4851,.F.);
#13211 = FACE_BOUND('',#13212,.F.);
#13212 = EDGE_LOOP('',(#13213,#13214,#13215,#13216));
#13213 = ORIENTED_EDGE('',*,*,#8889,.F.);
#13214 = ORIENTED_EDGE('',*,*,#13161,.F.);
#13215 = ORIENTED_EDGE('',*,*,#4830,.T.);
#13216 = ORIENTED_EDGE('',*,*,#13217,.T.);
#13217 = EDGE_CURVE('',#4831,#8890,#13218,.T.);
#13218 = SURFACE_CURVE('',#13219,(#13223,#13229),.PCURVE_S1.);
#13219 = LINE('',#13220,#13221);
#13220 = CARTESIAN_POINT('',(4.5,22.,4.5));
#13221 = VECTOR('',#13222,1.);
#13222 = DIRECTION('',(0.,0.,1.));
#13223 = PCURVE('',#4851,#13224);
#13224 = DEFINITIONAL_REPRESENTATION('',(#13225),#13228);
#13225 = B_SPLINE_CURVE_WITH_KNOTS('',1,(#13226,#13227),.UNSPECIFIED.,
  .F.,.F.,(2,2),(0.,4.5),.PIECEWISE_BEZIER_KNOTS.);
#13226 = CARTESIAN_POINT('',(6.28318530718,0.));
#13227 = CARTESIAN_POINT('',(6.28318530718,4.5));
#13228 = ( GEOMETRIC_REPRESENTATION_CONTEXT(2) 
PARAMETRIC_REPRESENTATION_CONTEXT() REPRESENTATION_CONTEXT('2D SPACE',''
  ) );
#13229 = PCURVE('',#4878,#13230);
#13230 = DEFINITIONAL_REPRESENTATION('',(#13231),#13235);
#13231 = LINE('',#13232,#13233);
#13232 = CARTESIAN_POINT('',(0.,0.));
#13233 = VECTOR('',#13234,1.);
#13234 = DIRECTION('',(1.,0.));
#13235 = ( GEOMETRIC_REPRESENTATION_CONTEXT(2) 
PARAMETRIC_REPRESENTATION_CONTEXT() REPRESENTATION_CONTEXT('2D SPACE',''
  ) );
#13236 = ADVANCED_FACE('',(#13237),#4878,.F.);
#13237 = FACE_BOUND('',#13238,.F.);
#13238 = EDGE_LOOP('',(#13239,#13240,#13241,#13242));
#13239 = ORIENTED_EDGE('',*,*,#13217,.F.);
#13240 = ORIENTED_EDGE('',*,*,#4863,.F.);
#13241 = ORIENTED_EDGE('',*,*,#13189,.T.);
#13242 = ORIENTED_EDGE('',*,*,#8917,.T.);
#13243 = ADVANCED_FACE('',(#13244),#5004,.F.);
#13244 = FACE_BOUND('',#13245,.F.);
#13245 = EDGE_LOOP('',(#13246,#13267,#13268,#13287));
#13246 = ORIENTED_EDGE('',*,*,#13247,.T.);
#13247 = EDGE_CURVE('',#4984,#9018,#13248,.T.);
#13248 = SURFACE_CURVE('',#13249,(#13253,#13260),.PCURVE_S1.);
#13249 = LINE('',#13250,#13251);
#13250 = CARTESIAN_POINT('',(-11.5,26.,4.5));
#13251 = VECTOR('',#13252,1.);
#13252 = DIRECTION('',(0.,0.,1.));
#13253 = PCURVE('',#5004,#13254);
#13254 = DEFINITIONAL_REPRESENTATION('',(#13255),#13259);
#13255 = LINE('',#13256,#13257);
#13256 = CARTESIAN_POINT('',(6.28318530718,-0.));
#13257 = VECTOR('',#13258,1.);
#13258 = DIRECTION('',(0.,1.));
#13259 = ( GEOMETRIC_REPRESENTATION_CONTEXT(2) 
PARAMETRIC_REPRESENTATION_CONTEXT() REPRESENTATION_CONTEXT('2D SPACE',''
  ) );
#13260 = PCURVE('',#5037,#13261);
#13261 = DEFINITIONAL_REPRESENTATION('',(#13262),#13266);
#13262 = LINE('',#13263,#13264);
#13263 = CARTESIAN_POINT('',(0.,-0.));
#13264 = VECTOR('',#13265,1.);
#13265 = DIRECTION('',(0.,1.));
#13266 = ( GEOMETRIC_REPRESENTATION_CONTEXT(2) 
PARAMETRIC_REPRESENTATION_CONTEXT() REPRESENTATION_CONTEXT('2D SPACE',''
  ) );
#13267 = ORIENTED_EDGE('',*,*,#9015,.F.);
#13268 = ORIENTED_EDGE('',*,*,#13269,.F.);
#13269 = EDGE_CURVE('',#4982,#9016,#13270,.T.);
#13270 = SURFACE_CURVE('',#13271,(#13275,#13281),.PCURVE_S1.);
#13271 = LINE('',#13272,#13273);
#13272 = CARTESIAN_POINT('',(-11.58578643762,25.5,4.5));
#13273 = VECTOR('',#13274,1.);
#13274 = DIRECTION('',(0.,0.,1.));
#13275 = PCURVE('',#5004,#13276);
#13276 = DEFINITIONAL_REPRESENTATION('',(#13277),#13280);
#13277 = B_SPLINE_CURVE_WITH_KNOTS('',1,(#13278,#13279),.UNSPECIFIED.,
  .F.,.F.,(2,2),(-5.999999999062E-07,4.5000006),
  .PIECEWISE_BEZIER_KNOTS.);
#13278 = CARTESIAN_POINT('',(5.943348397725,-5.999999999062E-07));
#13279 = CARTESIAN_POINT('',(5.943348397725,4.5000006));
#13280 = ( GEOMETRIC_REPRESENTATION_CONTEXT(2) 
PARAMETRIC_REPRESENTATION_CONTEXT() REPRESENTATION_CONTEXT('2D SPACE',''
  ) );
#13281 = PCURVE('',#5101,#13282);
#13282 = DEFINITIONAL_REPRESENTATION('',(#13283),#13286);
#13283 = B_SPLINE_CURVE_WITH_KNOTS('',1,(#13284,#13285),.UNSPECIFIED.,
  .F.,.F.,(2,2),(-5.999999999062E-07,4.5000006),
  .PIECEWISE_BEZIER_KNOTS.);
#13284 = CARTESIAN_POINT('',(0.339836909454,-5.999999999062E-07));
#13285 = CARTESIAN_POINT('',(0.339836909454,4.5000006));
#13286 = ( GEOMETRIC_REPRESENTATION_CONTEXT(2) 
PARAMETRIC_REPRESENTATION_CONTEXT() REPRESENTATION_CONTEXT('2D SPACE',''
  ) );
#13287 = ORIENTED_EDGE('',*,*,#4981,.T.);
#13288 = ADVANCED_FACE('',(#13289),#5101,.F.);
#13289 = FACE_BOUND('',#13290,.F.);
#13290 = EDGE_LOOP('',(#13291,#13292,#13313,#13314));
#13291 = ORIENTED_EDGE('',*,*,#9101,.F.);
#13292 = ORIENTED_EDGE('',*,*,#13293,.F.);
#13293 = EDGE_CURVE('',#5050,#9074,#13294,.T.);
#13294 = SURFACE_CURVE('',#13295,(#13299,#13306),.PCURVE_S1.);
#13295 = LINE('',#13296,#13297);
#13296 = CARTESIAN_POINT('',(-11.5,25.,4.5));
#13297 = VECTOR('',#13298,1.);
#13298 = DIRECTION('',(0.,0.,1.));
#13299 = PCURVE('',#5101,#13300);
#13300 = DEFINITIONAL_REPRESENTATION('',(#13301),#13305);
#13301 = LINE('',#13302,#13303);
#13302 = CARTESIAN_POINT('',(0.,-0.));
#13303 = VECTOR('',#13304,1.);
#13304 = DIRECTION('',(0.,1.));
#13305 = ( GEOMETRIC_REPRESENTATION_CONTEXT(2) 
PARAMETRIC_REPRESENTATION_CONTEXT() REPRESENTATION_CONTEXT('2D SPACE',''
  ) );
#13306 = PCURVE('',#5070,#13307);
#13307 = DEFINITIONAL_REPRESENTATION('',(#13308),#13312);
#13308 = LINE('',#13309,#13310);
#13309 = CARTESIAN_POINT('',(6.28318530718,-0.));
#13310 = VECTOR('',#13311,1.);
#13311 = DIRECTION('',(0.,1.));
#13312 = ( GEOMETRIC_REPRESENTATION_CONTEXT(2) 
PARAMETRIC_REPRESENTATION_CONTEXT() REPRESENTATION_CONTEXT('2D SPACE',''
  ) );
#13313 = ORIENTED_EDGE('',*,*,#5082,.T.);
#13314 = ORIENTED_EDGE('',*,*,#13269,.T.);
#13315 = ADVANCED_FACE('',(#13316),#5070,.F.);
#13316 = FACE_BOUND('',#13317,.F.);
#13317 = EDGE_LOOP('',(#13318,#13319,#13320,#13339));
#13318 = ORIENTED_EDGE('',*,*,#13293,.T.);
#13319 = ORIENTED_EDGE('',*,*,#9073,.F.);
#13320 = ORIENTED_EDGE('',*,*,#13321,.F.);
#13321 = EDGE_CURVE('',#5017,#9046,#13322,.T.);
#13322 = SURFACE_CURVE('',#13323,(#13327,#13333),.PCURVE_S1.);
#13323 = LINE('',#13324,#13325);
#13324 = CARTESIAN_POINT('',(-14.41421356237,25.5,4.5));
#13325 = VECTOR('',#13326,1.);
#13326 = DIRECTION('',(0.,0.,1.));
#13327 = PCURVE('',#5070,#13328);
#13328 = DEFINITIONAL_REPRESENTATION('',(#13329),#13332);
#13329 = B_SPLINE_CURVE_WITH_KNOTS('',1,(#13330,#13331),.UNSPECIFIED.,
  .F.,.F.,(2,2),(-5.999999999062E-07,4.5000006),
  .PIECEWISE_BEZIER_KNOTS.);
#13330 = CARTESIAN_POINT('',(2.801755744136,-5.999999999062E-07));
#13331 = CARTESIAN_POINT('',(2.801755744136,4.5000006));
#13332 = ( GEOMETRIC_REPRESENTATION_CONTEXT(2) 
PARAMETRIC_REPRESENTATION_CONTEXT() REPRESENTATION_CONTEXT('2D SPACE',''
  ) );
#13333 = PCURVE('',#5037,#13334);
#13334 = DEFINITIONAL_REPRESENTATION('',(#13335),#13338);
#13335 = B_SPLINE_CURVE_WITH_KNOTS('',1,(#13336,#13337),.UNSPECIFIED.,
  .F.,.F.,(2,2),(-5.999999999062E-07,4.5000006),
  .PIECEWISE_BEZIER_KNOTS.);
#13336 = CARTESIAN_POINT('',(3.481429563044,-5.999999999062E-07));
#13337 = CARTESIAN_POINT('',(3.481429563044,4.5000006));
#13338 = ( GEOMETRIC_REPRESENTATION_CONTEXT(2) 
PARAMETRIC_REPRESENTATION_CONTEXT() REPRESENTATION_CONTEXT('2D SPACE',''
  ) );
#13339 = ORIENTED_EDGE('',*,*,#5049,.T.);
#13340 = ADVANCED_FACE('',(#13341),#5037,.F.);
#13341 = FACE_BOUND('',#13342,.F.);
#13342 = EDGE_LOOP('',(#13343,#13344,#13345,#13346));
#13343 = ORIENTED_EDGE('',*,*,#9045,.F.);
#13344 = ORIENTED_EDGE('',*,*,#13247,.F.);
#13345 = ORIENTED_EDGE('',*,*,#5016,.T.);
#13346 = ORIENTED_EDGE('',*,*,#13321,.T.);
#13347 = ( GEOMETRIC_REPRESENTATION_CONTEXT(3) 
GLOBAL_UNCERTAINTY_ASSIGNED_CONTEXT((#13351)) 
GLOBAL_UNIT_ASSIGNED_CONTEXT((#13348,#13349,#13350)) 
REPRESENTATION_CONTEXT('Context #1',
  '3D Context with UNIT and UNCERTAINTY') );
#13348 = ( LENGTH_UNIT() NAMED_UNIT(*) SI_UNIT(.MILLI.,.METRE.) );
#13349 = ( NAMED_UNIT(*) PLANE_ANGLE_UNIT() SI_UNIT($,.RADIAN.) );
#13350 = ( NAMED_UNIT(*) SI_UNIT($,.STERADIAN.) SOLID_ANGLE_UNIT() );
#13351 = UNCERTAINTY_MEASURE_WITH_UNIT(LENGTH_MEASURE(1.E-07),#13348,
  'distance_accuracy_value','confusion accuracy');
#13352 = CONTEXT_DEPENDENT_SHAPE_REPRESENTATION(#13353,#13355);
#13353 = ( REPRESENTATION_RELATIONSHIP('','',#36,#10) 
REPRESENTATION_RELATIONSHIP_WITH_TRANSFORMATION(#13354) 
SHAPE_REPRESENTATION_RELATIONSHIP() );
#13354 = ITEM_DEFINED_TRANSFORMATION('','',#11,#15);
#13355 = PRODUCT_DEFINITION_SHAPE('Placement','Placement of an item',
  #13356);
#13356 = NEXT_ASSEMBLY_USAGE_OCCURRENCE('3','','',#5,#31,$);
#13357 = PRODUCT_RELATED_PRODUCT_CATEGORY('part',$,(#33));
#13358 = SHAPE_DEFINITION_REPRESENTATION(#13359,#13365);
#13359 = PRODUCT_DEFINITION_SHAPE('','',#13360);
#13360 = PRODUCT_DEFINITION('design','',#13361,#13364);
#13361 = PRODUCT_DEFINITION_FORMATION('','',#13362);
#13362 = PRODUCT('Open CASCADE STEP translator 7.8 2.2',
  'Open CASCADE STEP translator 7.8 2.2','',(#13363));
#13363 = PRODUCT_CONTEXT('',#2,'mechanical');
#13364 = PRODUCT_DEFINITION_CONTEXT('part definition',#2,'design');
#13365 = GEOMETRICALLY_BOUNDED_WIREFRAME_SHAPE_REPRESENTATION('',(#11,
    #13366),#13405);
#13366 = GEOMETRIC_CURVE_SET('',(#13367,#13368,#13369,#13370,#13371,
    #13372,#13373,#13374,#13375,#13376,#13377,#13378,#13379,#13380,
    #13381,#13382,#13383,#13384,#13385,#13386,#13387,#13388,#13389,
    #13390,#13391,#13392,#13393,#13394,#13395,#13396,#13397,#13398,
    #13399,#13400,#13401,#13402,#13403,#13404));
#13367 = CARTESIAN_POINT('',(8.666666666667,46.,5.5));
#13368 = CARTESIAN_POINT('',(14.339377008568,42.785495179438,5.5));
#13369 = CARTESIAN_POINT('',(17.811773354074,34.848589246851,5.5));
#13370 = CARTESIAN_POINT('',(17.112962351882,27.301939341236,5.5));
#13371 = CARTESIAN_POINT('',(22.834417866371,20.908539785753,5.5));
#13372 = CARTESIAN_POINT('',(23.,14.298437881284,5.5));
#13373 = CARTESIAN_POINT('',(23.,9.701562118716,5.5));
#13374 = CARTESIAN_POINT('',(22.914511611538,3.191577395706,5.5));
#13375 = CARTESIAN_POINT('',(22.515564437075,0.,5.5));
#13376 = CARTESIAN_POINT('',(22.914511611538,-3.191577395706,5.5));
#13377 = CARTESIAN_POINT('',(23.,-9.701562118716,5.5));
#13378 = CARTESIAN_POINT('',(23.,-14.23252798953,5.5));
#13379 = CARTESIAN_POINT('',(22.012063423896,-21.30962376168,5.5));
#13380 = CARTESIAN_POINT('',(17.204836145841,-27.07829649535,5.5));
#13381 = CARTESIAN_POINT('',(13.8,-34.44010437825,5.5));
#13382 = CARTESIAN_POINT('',(13.8,-45.8344749394,5.5));
#13383 = CARTESIAN_POINT('',(11.701624307156,-57.57527090353,5.5));
#13384 = CARTESIAN_POINT('',(8.506595325825,-62.62005350563,5.5));
#13385 = CARTESIAN_POINT('',(5.333333333333,-65.,5.5));
#13386 = CARTESIAN_POINT('',(-5.333333333333,-65.,5.5));
#13387 = CARTESIAN_POINT('',(-8.506595325825,-62.62005350563,5.5));
#13388 = CARTESIAN_POINT('',(-11.70162430715,-57.57527090353,5.5));
#13389 = CARTESIAN_POINT('',(-13.8,-45.8344749394,5.5));
#13390 = CARTESIAN_POINT('',(-13.8,-34.44010437825,5.5));
#13391 = CARTESIAN_POINT('',(-17.20483614584,-27.07829649535,5.5));
#13392 = CARTESIAN_POINT('',(-22.01206342389,-21.30962376168,5.5));
#13393 = CARTESIAN_POINT('',(-23.,-14.23252798953,5.5));
#13394 = CARTESIAN_POINT('',(-23.,-9.701562118716,5.5));
#13395 = CARTESIAN_POINT('',(-22.91451161153,-3.191577395706,5.5));
#13396 = CARTESIAN_POINT('',(-22.51556443707,0.,5.5));
#13397 = CARTESIAN_POINT('',(-22.91451161153,3.191577395706,5.5));
#13398 = CARTESIAN_POINT('',(-23.,9.701562118716,5.5));
#13399 = CARTESIAN_POINT('',(-23.,14.298437881284,5.5));
#13400 = CARTESIAN_POINT('',(-22.83441786637,20.908539785753,5.5));
#13401 = CARTESIAN_POINT('',(-17.11296235188,27.301939341236,5.5));
#13402 = CARTESIAN_POINT('',(-17.81177335407,34.848589246851,5.5));
#13403 = CARTESIAN_POINT('',(-14.33937700856,42.785495179438,5.5));
#13404 = CARTESIAN_POINT('',(-8.666666666667,46.,5.5));
#13405 = ( GEOMETRIC_REPRESENTATION_CONTEXT(3) 
GLOBAL_UNCERTAINTY_ASSIGNED_CONTEXT((#13409)) 
GLOBAL_UNIT_ASSIGNED_CONTEXT((#13406,#13407,#13408)) 
REPRESENTATION_CONTEXT('Context #1',
  '3D Context with UNIT and UNCERTAINTY') );
#13406 = ( LENGTH_UNIT() NAMED_UNIT(*) SI_UNIT(.MILLI.,.METRE.) );
#13407 = ( NAMED_UNIT(*) PLANE_ANGLE_UNIT() SI_UNIT($,.RADIAN.) );
#13408 = ( NAMED_UNIT(*) SI_UNIT($,.STERADIAN.) SOLID_ANGLE_UNIT() );
#13409 = UNCERTAINTY_MEASURE_WITH_UNIT(LENGTH_MEASURE(1.E-07),#13406,
  'distance_accuracy_value','confusion accuracy');
#13410 = CONTEXT_DEPENDENT_SHAPE_REPRESENTATION(#13411,#13413);
#13411 = ( REPRESENTATION_RELATIONSHIP('','',#13365,#10) 
REPRESENTATION_RELATIONSHIP_WITH_TRANSFORMATION(#13412) 
SHAPE_REPRESENTATION_RELATIONSHIP() );
#13412 = ITEM_DEFINED_TRANSFORMATION('','',#11,#19);
#13413 = PRODUCT_DEFINITION_SHAPE('Placement','Placement of an item',
  #13414);
#13414 = NEXT_ASSEMBLY_USAGE_OCCURRENCE('4','','',#5,#13360,$);
#13415 = PRODUCT_RELATED_PRODUCT_CATEGORY('part',$,(#13362));
ENDSEC;
END-ISO-10303-21;
